id,smiles,pIC50,n,source
CHEMBL5575722,COc1ccc2nc3c4c(c2c1)CC[C@]1(C[C@H]2C(=O)N[C@]5(C(=O)NS(=O)(=O)C6(C)CC6)C[C@H]5/C=C/CCCCC[C@H](NC(=O)O[C@@H]5CCC[C@H]5CCCCC3)C(=O)N2C1)O4,11.0,1,ChEMBL
CHEMBL5093164,C=CS(=O)(=O)N(c1ccc(C(C)(C)C)cc1)C(C(=O)NCCc1cccc(Cl)c1)c1cccnc1,9.77,1,ChEMBL
CHEMBL5283942,C[C@H](NC(=O)[C@@H](c1ccccc1)N(C(=O)c1ccco1)c1ccc(-c2ccccc2)cc1)c1ccccc1,9.7,1,ChEMBL
CHEMBL5409350,CO[C@H]1C[C@@H](C(=O)N[C@H](C=O)C[C@@H]2CCNC2=O)N(C(=O)[C@@H](NC(=O)OC(C)(C)C)C(C)C)C1,9.62,1,ChEMBL
CHEMBL5192350,O=C(NCc1ccco1)[C@@H]1CN(C(=O)c2cc(=O)[nH]c(=O)[nH]2)CCN1c1ccc(Cl)c(Cl)c1,9.46,1,ChEMBL
CHEMBL5204987,O=C(NCc1cccs1)[C@@H]1CN(C(=O)c2cc(=O)[nH]c(=O)[nH]2)CCN1c1ccc(Cl)c(Cl)c1,9.4,1,ChEMBL
CHEMBL5563979,CC(C)C[C@H](NC(=O)[C@H](Cc1ccc(F)cc1)NC(=O)OCc1ccccc1)C(=O)NC(C=O)C[C@@H]1CCNC1=O,9.4,1,ChEMBL
CHEMBL5188908,O=C(NCc1cccs1)[C@@H]1CN(C(=O)c2cc(=O)[nH]c(=O)[nH]2)CCN1Cc1ccc(Cl)cc1Cl,9.36,1,ChEMBL
CHEMBL5188502,O=C(NCc1cccs1)[C@@H]1CN(C(=O)c2cncc3ccccc23)CCN1c1ccc(Cl)c(Cl)c1,9.36,1,ChEMBL
CHEMBL5401358,CC(C)[C@H](NC(=O)OC(C)(C)C)C(=O)N1C[C@@H](C)C[C@H]1C(=O)N[C@H](C=O)C[C@@H]1CCNC1=O,9.33,1,ChEMBL
CHEMBL5188982,O=C(NCc1ccco1)[C@@H]1CN(C(=O)c2cc(=O)[nH]c(=O)[nH]2)CCN1Cc1ccc(Cl)cc1Cl,9.32,1,ChEMBL
CHEMBL5181886,O=C(NCc1ccco1)C1CN(C(=O)c2cc(=O)[nH]c(=O)[nH]2)CCN1Cc1ccc(Cl)cc1Cl,9.23,1,ChEMBL
CHEMBL5172248,O=C(NCc1cccs1)C1CN(C(=O)c2cc(=O)[nH]c(=O)[nH]2)CCN1c1ccc(Cl)c(Cl)c1,9.21,1,ChEMBL
CHEMBL5405842,CC(C)C[C@H](NC(=O)[C@@H](NC(=O)OC(C)(C)C)C(C)C)C(=O)N[C@H](C=O)C[C@@H]1CCNC1=O,9.15,1,ChEMBL
CHEMBL5201620,O=C(NCc1ccco1)C1CN(C(=O)c2cc(=O)[nH]c(=O)[nH]2)CCN1c1ccc(Cl)c(Cl)c1,9.1,1,ChEMBL
CHEMBL1779107,C=C[C@@H]1C[C@]1(NC(=O)[C@@H]1C[C@@H](Oc2cc(-c3csc(NC(C)C)n3)nc3cc(OC)ccc23)CN1C(=O)[C@@H](NC(=O)OC1CCCC1)C(C)(C)C)P(=O)(O)O,9.05,1,ChEMBL
CHEMBL5191092,COc1cccc2[nH]c(C(=O)N[C@@H](CC(C)C)C(=O)N[C@@H](C[C@@H]3CCCNC3=O)C(=O)COC(=O)c3c(C(F)(F)F)cccc3C(F)(F)F)cc12,9.0,1,ChEMBL
CHEMBL6151243,Cn1cc(-c2cc([C@@H](N)NC(=O)c3ccccc3CCC(=O)NNC(=O)[C@H]3O[C@@H]3C(=O)O)c3ccccc3n2)cn1,9.0,1,ChEMBL
CHEMBL5401656,COc1ccc(S(=O)(=O)N(C)C[C@H]2O[C@@H](n3cc(C#Cc4ccccc4)c4c(N)ncnc43)[C@H](O)[C@@H]2O)cc1C#N,8.92,1,ChEMBL
CHEMBL5567825,CC(C)C[C@H](NC(=O)[C@H](Cc1ccc(F)cc1)NC(=O)OCc1ccccc1)C(=O)NC(C=O)CC1CCCO1,8.9,1,ChEMBL
CHEMBL5413359,COc1ccc(S(=O)(=O)N(C)C[C@H]2O[C@@H](n3cc(C#Cc4cnc5ccccc5c4)c4c(N)ncnc43)[C@H](O)[C@@H]2O)cc1[N+](=O)[O-],8.89,1,ChEMBL
CHEMBL5563746,CC(C)C[C@H](NC(=O)[C@H](Cc1ccc(F)cc1)NC(=O)OCc1ccccc1)C(=O)N[C@H](/C=C1\CCOC1=O)C[C@@H]1CCNC1=O,8.8,1,ChEMBL
CHEMBL1879790,CN1CCN(c2ccccc2N)CC1,8.74,1,ChEMBL
CHEMBL5169690,NC(=O)CCN(NC(=O)[C@H](CC1CCCCC1)NC(=O)OCc1ccccc1)C(=O)[C@H](F)Cl,8.7,1,ChEMBL
CHEMBL5208244,NC(=O)CCN(NC(=O)[C@H](CC1CCCCC1)NC(=O)c1cc2ccccc2[nH]1)C(=O)CCl,8.7,1,ChEMBL
CHEMBL6141915,Cc1cc(C(=O)NCc2ncsc2C)ccc1C(=O)N[C@H](C)c1cc(-c2cnn(C)c2)nc2ccccc12,8.7,1,ChEMBL
CHEMBL6167274,COC(=O)[C@H]1O[C@@H]1C(=O)NNC(=O)CCc1ccccc1C(=O)N[C@H](N)c1cc(-c2cnn(C)c2)nc2ccccc12,8.7,1,ChEMBL
CHEMBL6147665,CCOC(=O)[C@@H]1O[C@H]1C(=O)NNC(=O)CCc1ccccc1C(=O)N[C@H](N)c1cc(-c2cnn(C)c2)nc2ccccc12,8.7,1,ChEMBL
CHEMBL6163519,CCOC(=O)[C@H]1O[C@@H]1C(=O)NNC(=O)CCc1ccccc1C(=O)N[C@H](N)c1cc(-c2cnn(C)c2)nc2ccccc12,8.7,1,ChEMBL
CHEMBL5427101,Cc1ccc(S(=O)(=O)N(C)C[C@H]2O[C@@H](n3cc(C#Cc4cnc5ccccc5c4)c4c(N)ncnc43)[C@H](O)[C@@H]2O)cc1[N+](=O)[O-],8.68,1,ChEMBL
CHEMBL5400638,Cc1ccc(S(=O)(=O)N(C)C[C@H]2O[C@@H](n3cc(C#Cc4cnc5ccccc5c4)c4c(N)ncnc43)[C@H](O)[C@@H]2O)cc1Cl,8.68,1,ChEMBL
CHEMBL5402990,CC(C)[C@H](NC(=O)OC(C)(C)C)C(=O)N1C[C@H](OC(C)(C)C)C[C@H]1C(=O)N[C@H](C=O)C[C@@H]1CCNC1=O,8.6,1,ChEMBL
CHEMBL5393994,COc1ccc(S(=O)(=O)N(C)C[C@H]2O[C@@H](n3cc(C#Cc4ccccc4)c4c(N)ncnc43)[C@H](O)[C@@H]2O)cc1[N+](=O)[O-],8.55,1,ChEMBL
CHEMBL5180494,O=C(NCc1ccco1)[C@H]1CN(C(=O)c2cc(=O)[nH]c(=O)[nH]2)CCN1c1ccc(Cl)c(Cl)c1,8.53,1,ChEMBL
CHEMBL5205478,CC(C)C[C@H](NC(=O)c1cc2ccccc2[nH]1)C(=O)NN(C[C@H]1CCNC1=O)C(=O)CCl,8.52,1,ChEMBL
CHEMBL5412571,CC(C)C[C@H](NC(=O)c1cc2c(F)cccc2[nH]1)C(=O)NN(C[C@@H]1CCNC1=O)C(=O)C(F)Cl,8.52,1,ChEMBL
CHEMBL1230912,CC(C)[C@H](NC(=O)[C@H](CCCNC(=N)N)NC(=O)N[C@@H](Cc1ccccc1)C(=O)O)C(=O)N[C@H](C=O)CCCNC(=N)N,8.52,1,ChEMBL
CHEMBL5559068,CN1C(=O)[C@H](Cc2ccccc2)N(C(=O)CNC(=O)c2cccs2)CCCOc2c(Cl)cccc2CN1C#N,8.52,1,ChEMBL
CHEMBL5593349,Cc1cc(C(=O)NCc2cscn2)ccc1C(=O)N[C@H](C)c1cc(-c2cnn(C)c2)cc(-c2ccns2)c1,8.52,1,ChEMBL
CHEMBL5595056,Cc1cc(CNCc2cscn2)ccc1C(=O)N[C@H](C)c1cc(-c2cnn(C)c2)cc(-c2ccns2)c1,8.52,1,ChEMBL
CHEMBL5594231,Cc1ccc(N2CCN(C)CC2)cc1C(=O)N[C@H](C)c1cc(-c2cnn(C)c2)cc(-c2cc(Cl)cnc2N)c1,8.52,1,ChEMBL
CHEMBL6133134,Nc1ncnc2c1c(C#Cc1cnc3ccccc3c1)cn2[C@@H]1O[C@H](CSCC[C@H](N)C(=O)O)[C@@H](O)[C@H]1O,8.52,1,ChEMBL
CHEMBL6149328,Nc1ncnc2c1c(C#Cc1cnc3ccccc3c1)cn2[C@@H]1O[C@H](CSCCC(N)C(=O)O)[C@@H](O)[C@H]1O,8.52,1,ChEMBL
CHEMBL6145392,Cc1cc(C(=O)NCc2cscn2)ccc1C(=O)N[C@H](C)c1cc(-c2cnn(C)c2)nc2ccccc12,8.52,1,ChEMBL
CHEMBL5562367,CC(C)C[C@H](NC(=O)[C@H](Cc1ccc(F)cc1)NC(=O)OCc1ccccc1)C(=O)NC(C=O)Cc1ccccc1F,8.5,1,ChEMBL
CHEMBL5423458,CN(C[C@H]1O[C@@H](n2cc(C#Cc3cnc4ccccc4c3)c3c(N)ncnc32)[C@H](O)[C@@H]1O)S(=O)(=O)c1ccc(Br)c([N+](=O)[O-])c1,8.46,1,ChEMBL
CHEMBL5179778,CC(C)C[C@H](NC(=O)c1cc2c(F)cccc2[nH]1)C(=O)NN(C[C@@H]1CCNC1=O)C(=O)[C@H](F)Cl,8.42,1,ChEMBL
CHEMBL5197155,Cn1cc2cc(Nc3nc(=O)n(Cc4cc5ccsc5[nH]c4=O)c(=O)n3Cc3cc(F)c(F)c(F)c3)c(Cl)cc2n1,8.4,1,ChEMBL
CHEMBL5182106,CC(C)C[C@H](NC(=O)c1cc2ccccc2[nH]1)C(=O)NN(C[C@@H]1CCNC1=O)C(=O)CCl,8.4,1,ChEMBL
CHEMBL5186059,Cc1cc(C(=O)N[C@@H](CC2CCCCC2)C(=O)NN(CCC(N)=O)C(=O)CCl)no1,8.4,1,ChEMBL
CHEMBL5190876,COc1cccc2[nH]c(C(=O)N[C@@H](CC(C)C)C(=O)N[C@@H](C[C@@H]3CCCNC3=O)C(=O)COC(=O)c3cccnc3)cc12,8.4,1,ChEMBL
CHEMBL5549898,CN(C(=O)[C@H](Cc1cccc(F)c1)NC(=O)[C@@H](NC(=O)c1cccs1)C(C)(C)C)N(C#N)Cc1cccc(Cl)c1F,8.4,1,ChEMBL
CHEMBL5593684,Cc1ccc(NC(=O)[C@H]2CCCCN2)cc1C(=O)N[C@H](C)c1cc(-c2cnn(C)c2)cc(-c2cccs2)c1,8.4,1,ChEMBL
CHEMBL5590316,Cc1ccc(N2CCN(C)CC2)cc1C(=O)N[C@H](C)c1cc(-c2cnn(C)c2)cc(-c2cccs2)c1,8.4,1,ChEMBL
CHEMBL5595285,Cc1ccc(N2CCNCC2)cc1C(=O)N[C@H](C)c1cc(-c2cnn(C)c2)cc(-c2cc(Cl)cnc2N)c1,8.4,1,ChEMBL
CHEMBL5619680,CC(C)c1cc(=O)oc2ccc(OC(=O)c3ccc(NC(=N)N)cc3)cc12,8.36,1,ChEMBL
CHEMBL5590694,Cc1ccc(N2CCN(C)CC2)cc1C(=O)NC1(c2cc(-c3cnn(C)c3)nc3ccccc23)CC1,8.35,1,ChEMBL
CHEMBL6082927,COC(=O)N[C@@H]1C(=O)N2C[C@H]3[C@@H]([C@H]2C(=O)N[C@H](C#N)C[C@@H]2C[C@@H](CCCCC1(C)C)NC2=O)C3(C)C,8.34,1,ChEMBL
CHEMBL5179611,CC(C)C[C@H](NC(=O)c1cc2c(F)cccc2[nH]1)C(=O)NN(C[C@H]1CCNC1=O)C(=O)[C@H](F)Cl,8.32,1,ChEMBL
CHEMBL5205477,CC(C)[C@H](NC(=O)OCc1ccccc1)C(=O)N[C@@H](CC1CC1)C(=O)N[C@H](C=O)C[C@@H]1CCNC1=O,8.32,1,ChEMBL
CHEMBL5188818,Cn1cnc(Cn2c(=O)nc(Nc3cc4cn(C)nc4cc3Cl)n(Cc3cc(Cl)c(F)cc3F)c2=O)n1,8.3,1,ChEMBL
CHEMBL5206128,Cn1cnc(Cn2c(=O)nc(Nc3cc4cn(C)nc4cc3Cl)n(Cc3cc(Cl)c(F)c(Cl)c3)c2=O)n1,8.3,1,ChEMBL
CHEMBL5173143,CC(C)C[C@H](NC(=O)OCc1ccccc1)C(=O)NN(CC1CCCNC1=O)C(=O)CCl,8.3,1,ChEMBL
CHEMBL5395225,CC(C)[C@H](NC(=O)OC(C)(C)C)C(=O)N1C[C@@H]2CCC[C@@H]2[C@H]1C(=O)N[C@H](C=O)C[C@@H]1CCNC1=O,8.3,1,ChEMBL
CHEMBL5418521,CNC(=O)C(=O)[C@H](CCC(C)(F)F)NC(=O)C1C2CC(C)(C)C2CN1C(=O)[C@@H](NC(=O)OC)C(C)(C)C,8.3,1,ChEMBL
CHEMBL5564253,CC(C)C[C@H](NC(=O)[C@H](Cc1ccc(F)cc1)NC(=O)OCc1ccccc1)C(=O)N[C@@H](C[C@@H]1CCNC1=O)C(=O)C(=O)NC(C)C,8.3,1,ChEMBL
CHEMBL6103524,CNC(=O)[C@H]1CCCCCNc2cncc(c2)C(=O)N2CC3(CC3)C[C@@H]2CC(=O)N(C)[C@H](Cc2ccc(Cl)cc2Cl)C(=O)N1,8.3,1,ChEMBL
CHEMBL6149005,COC[C@H]1C/C=C/CCNc2cncc(c2)C(=O)N2CC3(CC3)C[C@@H]2CC(=O)N[C@H](Cc2ccc(Cl)cc2)C(=O)N1,8.3,1,ChEMBL
CHEMBL6145932,COC[C@H]1CCCCCNc2cncc(c2)C(=O)N2CC3(CC3)C[C@@H]2CC(=O)N[C@H](Cc2ccc(Cl)cc2)C(=O)N1,8.3,1,ChEMBL
CHEMBL222735,COc1cccc(C(=O)Oc2cncc(Cl)c2)c1,8.29,1,ChEMBL
CHEMBL5189578,CC(C)[C@H](NC(=O)OCc1ccccc1)C(=O)N[C@@H](Cc1ccco1)C(=O)N[C@H](C=O)C[C@@H]1CCNC1=O,8.28,1,ChEMBL
CHEMBL5427494,CC(OC(C)(C)C)[C@H](NC(=O)OC(C)(C)C)C(=O)N1CCC[C@H]1C(=O)N[C@H](C=O)C[C@@H]1CCNC1=O,8.28,1,ChEMBL
CHEMBL5177083,Cn1cnc(Cn2c(=O)nc(Nc3cc4cn(C)nc4cc3Cl)n(Cc3cc(F)c(F)c(F)c3)c2=O)c1,8.22,1,ChEMBL
CHEMBL5431872,Cn1cc(COc2cc(Cl)cc(-n3cc(-c4ccc[nH]c4=O)c(=O)n(-c4cccnc4)c3=O)c2)c(C(F)(F)F)n1,8.22,1,ChEMBL
CHEMBL5397099,CC(C)(C)[C@H](NC(=O)C(F)(F)F)C(=O)N1C[C@@H]2CCC[C@@H]2[C@H]1C(=O)NN(C[C@@H]1CCNC1=O)C(=O)[C@H](F)Cl,8.22,1,ChEMBL
CHEMBL5421881,CC(C)(C)[C@H](NC(=O)C(F)(F)F)C(=O)N1C[C@H]2[C@@H]([C@H]1C(=O)NN(C[C@@H]1CCNC1=O)C(=O)CCl)C2(C)C,8.22,1,ChEMBL
CHEMBL5430055,CC[C@H](C)[C@H](NC(=O)C(F)(F)C(F)(F)F)C(=O)N1C[C@@H]2CCC[C@@H]2[C@H]1C(=O)NN(C[C@@H]1CCNC1=O)C(=O)[C@H](F)Cl,8.22,1,ChEMBL
CHEMBL5393937,CCC(C)(C)[C@H](NC(=O)C1(F)CC1)C(=O)N1C[C@@H]2CCC[C@@H]2[C@H]1C(=O)NN(C[C@@H]1CCNC1=O)C(=O)[C@H](F)Cl,8.22,1,ChEMBL
CHEMBL1779118,COc1ccc2c(O[C@@H]3C[C@H]4C(=O)N[C@]5(P(=O)(O)Cc6ccccc6)C[C@H]5CCCCCCC[C@H](NC(=O)OC5CCCC5)C(=O)N4C3)cc(-c3csc(NC(C)C)n3)nc2c1,8.22,1,ChEMBL
CHEMBL6146345,CN1C(=O)C[C@H]2CC3(CC3)CN2C(=O)c2cncc(c2)NCCCCCCNC(=O)[C@H]1Cc1ccc(Cl)cc1Cl,8.22,1,ChEMBL
CHEMBL5438782,CC(C)[C@H](NC(=O)OC(C)(C)C)C(=O)N1CCC[C@H]1C(=O)N[C@H](C=O)C[C@@H]1CCNC1=O,8.21,1,ChEMBL
CHEMBL5620212,N#C[C@@]1(c2ccc3c(NC(=O)c4ccc(NC(=N)N)cc4)ncnn23)O[C@H](CO)[C@@H](O)[C@H]1O,8.21,1,ChEMBL
CHEMBL5566880,CSCC[C@@H](C=O)NC(=O)[C@H](CC(C)C)NC(=O)[C@H](Cc1ccc(F)cc1)NC(=O)OCc1ccccc1,8.2,1,ChEMBL
CHEMBL5191464,COc1cccc2[nH]c(C(=O)N[C@@H](CC(C)C)C(=O)N[C@@H](C[C@@H]3CCCNC3=O)C(=O)COC(=O)c3c(Cl)cccc3Cl)cc12,8.19,1,ChEMBL
CHEMBL5440103,CNC(=O)C(=O)[C@H](CCC(C)(F)F)NC(=O)[C@@H]1CC2(CCN1C(=O)[C@@H](NC(=O)OC)C(C)(C)C)CC2,8.19,1,ChEMBL
CHEMBL6102641,CC1(C)COC(=O)[C@@H]2C[C@@H](C[C@@H](C#N)NC(=O)[C@@H]3[C@@H]4[C@H](CN3C(=O)[C@H]1NC(=O)OCc1ccccc1)C4(C)C)C(=O)N2,8.19,1,ChEMBL
CHEMBL5179702,CC(C)C[C@H](NC(=O)c1cc2ccccc2[nH]1)C(=O)NN(CCC(N)=O)C(=O)CCl,8.15,1,ChEMBL
CHEMBL5431221,CCC(CC)[C@H](NC(=O)C(F)(F)F)C(=O)N1C[C@H]2[C@@H]([C@H]1C(=O)NN(C[C@@H]1CCNC1=O)C(=O)[C@H](F)Cl)C2(C)C,8.15,1,ChEMBL
CHEMBL5421070,CC[C@H](C)[C@H](NC(=O)[C@@H](F)Cl)C(=O)N1C[C@@H]2CCC[C@@H]2[C@H]1C(=O)NN(C[C@@H]1CCCNC1=O)C(=O)[C@@H](F)Cl,8.15,1,ChEMBL
CHEMBL5433055,CNC(=O)C(=O)[C@H](CCC(C)(F)F)NC(=O)[C@@H]1[C@H]2CCC[C@H]2CN1C(=O)[C@H](CC(F)(F)F)NC(=O)OC,8.15,1,ChEMBL
CHEMBL6147211,CN1C(=O)C[C@H]2CC3(CC3)CN2C(=O)c2cncc(c2)NCCC/C=C/CNC(=O)[C@H]1Cc1ccc(Cl)cc1Cl,8.15,1,ChEMBL
CHEMBL6143266,CNC(=O)[C@H]1C/C=C/CCNc2cncc(c2)C(=O)N2CC3(CC3)C[C@@H]2CC(=O)N(C)[C@H](Cc2ccc(Cl)cc2Cl)C(=O)N1,8.15,1,ChEMBL
CHEMBL6133299,CNC(=O)[C@@H]1C/C=C/CCNc2cncc(c2)C(=O)N2CC3(CC3)C[C@@H]2CC(=O)N(C)[C@H](Cc2ccc(Cl)cc2Cl)C(=O)N1,8.15,1,ChEMBL
CHEMBL6120683,CNC(=O)[C@@H]1CCCCCNc2cncc(c2)C(=O)N2CC3(CC3)C[C@@H]2CC(=O)N(C)[C@H](Cc2ccc(Cl)cc2Cl)C(=O)N1,8.15,1,ChEMBL
CHEMBL5397947,COC(=O)N[C@H](C(=O)N1CCC2(CC2)C[C@H]1C(=O)N[C@@H](CCC(C)(F)F)C(=O)C(N)=O)C(C)(C)C,8.13,1,ChEMBL
CHEMBL5424206,COC(=O)N[C@H](C(=O)N1CCC2(CCCC2)CC1C(=O)N[C@@H](CCC(C)(F)F)C(=O)C(=O)NC1CC1)C(C)(C)C,8.13,1,ChEMBL
CHEMBL5267069,O=C[C@H](C[C@@H]1CCNC1=O)NC(=O)[C@@H]1[C@H]2CCC[C@H]2CN1C(=O)CCc1cc(F)cc(F)c1,8.12,1,ChEMBL
CHEMBL5275426,O=C[C@H](C[C@@H]1CCNC1=O)NC(=O)[C@@H]1[C@H]2CCC[C@H]2CN1C(=O)CCc1cccc(F)c1,8.12,1,ChEMBL
CHEMBL497141,O=C(On1nnc2ccccc21)c1ccc2[nH]ccc2c1,8.12,1,ChEMBL
CHEMBL5401144,COC(=O)N[C@H](C(=O)N1CCC2(CC2)C[C@H]1C(=O)N[C@@H](CCC(C)(F)F)C(=O)C(=O)NC1CC1)C(C)(C)C,8.11,1,ChEMBL
CHEMBL4777223,COc1cccc2[nH]c(C(=O)N[C@@H](CC(C)C)C(=O)N[C@@H](C[C@@H]3CCNC3=O)C(=O)CO)cc12,8.1,1,ChEMBL
CHEMBL5208946,O=C(NCc1ccco1)C1CN(C(=O)c2cc(=O)[nH]c(=O)[nH]2)CCN1.O=C(O)C(F)(F)F,8.1,1,ChEMBL
CHEMBL5184792,NC(=O)CCN(NC(=O)[C@H](CC1CCCCC1)NC(=O)OCc1ccccc1)C(=O)CCl,8.1,1,ChEMBL
CHEMBL5182995,CC(C)(C)[C@H](NC(=O)C(F)(F)F)C(=O)N1C[C@H]2[C@@H]([C@H]1C(=O)N[C@@H](C[C@@H]1CCNC1=O)C(=O)CO)C2(C)C,8.1,1,ChEMBL
CHEMBL5438511,CC(C)(C)[C@H](NC(=O)C(F)(F)F)C(=O)N1C[C@H]2[C@@H]([C@H]1C(=O)N[C@@H](C[C@@H]1CCNC1=O)C(=O)c1nc3c(F)cccc3s1)C2(C)C,8.1,1,ChEMBL
CHEMBL5564711,CC(C)C[C@H](NC(=O)[C@H](Cc1ccc(F)cc1)NC(=O)OCc1ccccc1)C(=O)N[C@H](C=O)CC[S+](C)[O-],8.1,1,ChEMBL
CHEMBL5633810,[2H][C@](C(=O)N[C@@H](C)c1ccc(F)cc1)(c1ccccc1)N(C(=O)C(C)=O)c1ccc2c(c1)oc1ccccc12,8.1,1,ChEMBL
CHEMBL6149548,O=C1C[C@H]2CC3(CC3)CN2C(=O)c2cncc(c2)/C=C/CCCCCNC(=O)[C@@H](Cc2ccc(Cl)cc2Cl)N1,8.1,1,ChEMBL
CHEMBL5173274,[2H][C@](C(=O)N[C@@H](C)c1ccc(F)cc1)(c1cccnc1)N(C(=O)C(C)=O)c1ccc2c(c1)oc1ccccc12,8.09,1,ChEMBL
CHEMBL5208464,O=C[C@H](C[C@@H]1CCNC1=O)NC(=O)[C@H](CC1CC1)NC(=O)[C@@H](NC(=O)OCc1ccccc1)C1CC1,8.08,1,ChEMBL
CHEMBL5195764,Cc1cncc(-n2c(=O)nc(Nc3cc4cn(C)nc4cc3Cl)n(Cc3cc(C#N)c(F)cc3C)c2=O)c1,8.08,1,ChEMBL
CHEMBL5171771,CC(C)C[C@H](NC(=O)[C@@H](NC(=O)OCc1ccccc1)C(C)C)C(=O)N[C@H](C=O)C[C@@H]1CCNC1=O,8.07,1,ChEMBL
CHEMBL6102114,COC(=O)N[C@@H]1C(=O)N2C[C@H]3[C@@H]([C@H]2C(=O)N[C@H](C#N)C[C@@H]2C[C@H](NC2=O)C(=O)OCC1(C)C)C3(C)C,8.07,1,ChEMBL
CHEMBL5594778,CNC(=O)C(=O)[C@H](CCC(C)(F)F)NC(=O)[C@@H]1CC2(CCCCC2)CN1C(=O)[C@@H](NC(=O)OC)C(C)(C)C,8.06,1,ChEMBL
CHEMBL5594588,CNC(=O)C(=O)[C@H](CCC(C)(F)F)NC(=O)[C@@H]1[C@H]2CCC[C@H]2CN1C(=O)[C@@H](NC(=O)OC)C(C)(C)C,8.06,1,ChEMBL
CHEMBL6133070,CC1(C)CNC(=O)[C@@H]2C[C@@H](C[C@@H](C#N)NC(=O)[C@@H]3[C@@H]4[C@H](CN3C(=O)[C@H]1NC(=O)OCc1ccccc1)C4(C)C)C(=O)N2,8.06,1,ChEMBL
CHEMBL5201925,Cn1cnc(Cn2c(=O)nc(Nc3cc4cn(CC(F)F)nc4cc3Cl)n(Cc3cc(F)c(F)cc3F)c2=O)n1,8.05,1,ChEMBL
CHEMBL5196584,Cc1cncc(-n2c(=O)nc(Nc3cc4cn(C)nc4cc3Cl)n(Cc3cc(F)c(F)cc3F)c2=O)c1,8.05,1,ChEMBL
CHEMBL5428134,O=c1[nH]cccc1-c1cn(-c2cc(Cl)cc(OCc3ccccc3Cl)c2)c(=O)n(-c2cccnc2)c1=O,8.05,1,ChEMBL
CHEMBL5562042,CN(C(=O)[C@H](Cc1cccc(Cl)c1)NC(=O)[C@@H](NC(=O)c1cccs1)C(C)(C)C)N(C#N)Cc1cccc(Cl)c1F,8.05,1,ChEMBL
CHEMBL5558707,CN(C(=O)[C@H](Cc1cccs1)NC(=O)[C@@H](NC(=O)c1cccs1)C(C)(C)C)N(C#N)Cc1cccc(Cl)c1F,8.05,1,ChEMBL
CHEMBL6078580,COC(=O)N[C@@H]1C(=O)N2C[C@H]3[C@@H]([C@H]2C(=O)N[C@H](C#N)C[C@@H]2C[C@H](NC2=O)C(=O)OCCC1(C)C)C3(C)C,8.05,1,ChEMBL
CHEMBL3233843,COc1ccc2nccc(C(=O)NCC(=O)N3CC(F)(F)C[C@H]3C#N)c2c1,8.05,1,ChEMBL
CHEMBL472915,COc1ccc(/C=C/C(=O)N2C[C@@H](NC(=O)c3cccnc3)C[C@H]2C(=O)NO)cc1OC,8.05,1,ChEMBL
CHEMBL6134382,O=C1C[C@H]2CCCN2C(=O)c2cncc(c2)/C=C/CCCCCNC(=O)[C@@H](Cc2ccc(Cl)cc2Cl)N1,8.05,1,ChEMBL
CHEMBL6146900,CO[C@@H]1C[C@@H]2CC(=O)N(C)[C@H](Cc3ccc(Cl)cc3Cl)C(=O)NCCCCC/C=C/c3cncc(c3)C(=O)N2C1,8.05,1,ChEMBL
CHEMBL6133637,CN1C(=O)C[C@H]2CC3(CC3)CN2C(=O)c2cncc(c2)/C=C/CCCCCNC(=O)[C@H]1Cc1ccc(Cl)cc1Cl,8.05,1,ChEMBL
CHEMBL4802135,CC(C)(C)[C@H](NC(=O)C(F)(F)F)C(=O)N1C[C@H]2[C@@H]([C@H]1C(=O)N[C@H](C#N)C[C@@H]1CCNC1=O)C2(C)C,8.05,2,ChEMBL+Moonshot
CHEMBL5275166,O=C[C@H](C[C@@H]1CCNC1=O)NC(=O)[C@@H]1[C@H]2CCC[C@H]2CN1C(=O)COc1ccc(Cl)cc1,8.04,1,ChEMBL
CHEMBL5170425,COc1cc(Cl)cc2[nH]c(C(=O)N[C@@H](CC(C)C)C(=O)N[C@H](C#N)C[C@@H]3CCCNC3=O)cc12,8.04,1,ChEMBL
CHEMBL5196043,CC(C)(C)NC(=O)N[C@H](C(=O)N1C[C@H]2[C@@H]([C@H]1C(=O)N[C@H](C=O)C[C@@H]1CCNC1=O)C2(C)C)C(C)(C)C,8.03,1,ChEMBL
CHEMBL5198073,COc1cccc2[nH]c(C(=O)N[C@@H](CC(C)C)C(=O)NN(C[C@@H]3CCNC3=O)C(=O)[C@H](F)Cl)cc12,8.02,1,ChEMBL
CHEMBL5412104,Cc1ccc(S(=O)(=O)N(C)C[C@H]2O[C@@H](n3cc(C#Cc4ccccc4)c4c(N)ncnc43)[C@H](O)[C@@H]2O)cc1[N+](=O)[O-],8.02,1,ChEMBL
CHEMBL5561361,O=C(N[C@H]1CCCC[C@H]1Nc1c(C(=O)N2CCOCC2)cc(C2CC2)cc1[N+](=O)[O-])c1cc(=O)[nH]c2ccccc12,8.02,1,ChEMBL
CHEMBL3963349,COC(=O)CC[C@H](NC(=O)[C@H](CC(=O)OC)NC(=O)OCc1ccccc1)C(=O)N[C@H](C(=O)N[C@@H](CC(=O)OC)C(=O)CF)C(C)C,8.0,1,ChEMBL
CHEMBL5207127,Cn1cnc(Cn2c(=O)nc(Nc3cc4cn(C)nc4cc3Cl)n(Cc3cc(F)c(F)c(F)c3)c2=O)n1,8.0,1,ChEMBL
CHEMBL5192777,Cn1cnc(Cn2c(=O)nc(Nc3cc4cn(C)nc4cc3Cl)n(Cc3cc(F)c(F)c(F)c3F)c2=O)n1,8.0,1,ChEMBL
CHEMBL5564896,Cn1cnc(Cn2c(=O)cc(Nc3cc4cn(C)nc4cc3Cl)n(Cc3cc(F)c(F)cc3F)c2=O)n1,8.0,1,ChEMBL
CHEMBL5556435,Cn1cnc(Cn2c(=O)cc(Nc3cc4cn(C)nc4cc3OC(F)(F)F)n(Cc3cc(F)c(F)cc3F)c2=O)n1,8.0,1,ChEMBL
CHEMBL5573477,CNC(=O)C(=O)[C@H](CCC(C)(F)F)NC(=O)[C@@H]1C[C@H](C(F)(F)F)CCN1C(=O)[C@@H](NC(=O)OC)C(C)(C)C,8.0,1,ChEMBL
CHEMBL5555374,COC(=O)N[C@H](C(=O)N1C[C@@H]2CCC[C@@H]2[C@H]1C(=O)N[C@@H](CCC(C)(F)F)C(=O)C(=O)NC1CC1)C(C)(C)C,8.0,1,ChEMBL
CHEMBL5575681,C=C[C@@H]1C[C@]1(NC(=O)[C@@H]1C[C@@H](Oc2cc(-c3csc(C(=O)CC)n3)nc3c(C)c(OC)ccc23)CN1C(=O)[C@@H](NC(=O)OC1CCCC1)C(C)(C)C)C(=O)O,8.0,1,ChEMBL
CHEMBL5574569,CC1(C)[C@@H]2[C@@H](C(=O)N[C@H](C=O)C[C@@H]3CCNC3=O)N(C(=O)c3cc4cccc(Cl)c4[nH]3)C[C@@H]21,8.0,1,ChEMBL
CHEMBL5563513,CC1(C)[C@@H]2[C@@H](C(=O)N[C@H](C=O)C[C@@H]3CCNC3=O)N(C(=O)C3(c4ccccc4)CC3)C[C@@H]21,8.0,1,ChEMBL
CHEMBL6074523,CC1(C)CCCC[C@@H]2C[C@@H](C[C@@H](C#N)NC(=O)[C@@H]3[C@@H]4[C@H](CN3C(=O)[C@H]1NC(=O)C(F)(F)F)C4(C)C)C(=O)N2,8.0,1,ChEMBL
CHEMBL6151358,CC(C)O[C@@H]1C[C@@H]2CC(=O)N(C)[C@H](Cc3ccc(Cl)cc3Cl)C(=O)NCCCCC/C=C/c3cncc(c3)C(=O)N2C1,8.0,1,ChEMBL
CHEMBL5561307,COc1ccc2[nH]c(=O)cc(C(=O)N[C@H]3CCCC[C@H]3Nc3c(C(=O)N4CCOCC4)cc(C4CC4)cc3[N+](=O)[O-])c2c1,7.97,1,ChEMBL
CHEMBL5598257,O=C(Oc1cncc(Br)c1)c1ccccc1F,7.97,1,ChEMBL
CHEMBL5290840,O=C(c1cccc(Cn2[se]c3ccccc3c2=O)c1)N1CCOCC1,7.96,1,ChEMBL
CHEMBL5178875,C=C(C)C[C@H](NC(=O)[C@@H](NC(=O)OCc1ccccc1)C(C)C)C(=O)N[C@H](C=O)C[C@@H]1CCNC1=O,7.96,1,ChEMBL
CHEMBL5579768,COC(=O)N[C@H](C(=O)N1CC2(CCCCC2)C[C@H]1C(=O)N[C@@H](CCC(C)(F)F)C(=O)C(=O)NC1CC1)C(C)(C)C,7.96,1,ChEMBL
CHEMBL5571082,COC(=O)N[C@H](C(=O)N1CC2(CCCCC2)C[C@H]1C(=O)N[C@@H](CCC(C)(F)F)C(=O)C(=O)NCc1ccccc1)C(C)(C)C,7.96,1,ChEMBL
CHEMBL5563523,COC(=O)N[C@H](C(=O)N1C[C@@H]2CCC[C@@H]2[C@H]1C(=O)N[C@@H](CC[C@@H](C)F)C(=O)C(=O)NC1CC1)C(C)(C)C,7.96,1,ChEMBL
CHEMBL5572085,CC1(C)[C@@H]2[C@@H](C(=O)N[C@H](C=O)C[C@@H]3CCNC3=O)N(C(=O)c3cc4cccc(F)c4[nH]3)C[C@@H]21,7.96,1,ChEMBL
CHEMBL5572787,Cc1cccc([C@@H](C)C(=O)N2C[C@H]3[C@@H]([C@H]2C(=O)N[C@H](C=O)C[C@@H]2CCNC2=O)C3(C)C)c1,7.96,1,ChEMBL
CHEMBL5565685,CC1(C)[C@@H]2[C@@H](C(=O)N[C@H](C=O)C[C@@H]3CCNC3=O)N(C(=O)C3(c4cccc(Cl)c4)CC3)C[C@@H]21,7.96,1,ChEMBL
CHEMBL5632679,O=C(NCc1ccccn1)C(=O)[C@@H](Cc1ccccc1)NC(=O)[C@H]1CC(F)(F)CN1C(=O)C1CCC(F)(F)CC1,7.96,1,ChEMBL
CHEMBL5632878,C[C@@H](NC(=O)[C@@H]1C[C@@H]2[C@H](C1)C2(F)F)C(=O)N[C@H](Cc1ccccc1)C(=O)C(=O)NCc1ccccn1,7.96,1,ChEMBL
CHEMBL5633635,O=C(NCc1ccccn1)C(=O)[C@@H](Cc1ccccc1)NC(=O)[C@H]1COCCN1C(=O)CC1CCC(F)(F)CC1,7.96,1,ChEMBL
CHEMBL4071326,Cc1c(COc2cc(OCc3cccc(C#N)c3)c(CN3C[C@H](O)C[C@@H]3C(=O)O)cc2Cl)cccc1-c1ccc2c(c1)OCCO2,7.96,1,ChEMBL
CHEMBL6146825,O=C1C[C@H]2Cc3ccccc3N2C(=O)c2cncc(c2)/C=C/CCCCCOC(=O)[C@@H](Cc2ccc(Cl)cc2)N1,7.96,1,ChEMBL
CHEMBL6159507,CN1C(=O)C[C@H]2C[C@@H](C(F)(F)F)CN2C(=O)c2cncc(c2)/C=C/CCCCCNC(=O)[C@H]1Cc1ccc(Cl)cc1Cl,7.96,1,ChEMBL
CHEMBL5169323,O=C(Sc1ncccn1)c1cc2ccccc2[nH]1,7.95,1,ChEMBL
CHEMBL5183847,Cn1cnc(Cn2c(=O)[nH]/c(=N\c3cc4cn(C)nc4cc3Cl)n(Cc3cc(F)c(F)cc3F)c2=O)n1,7.94,1,ChEMBL
CHEMBL5560631,O=C(N[C@H]1CCCC[C@H]1Nc1c(C(=O)N2CCOCC2)cc(C2CC2)cc1[N+](=O)[O-])c1cc(=O)[nH]c2c(F)cccc12,7.94,1,ChEMBL
CHEMBL5200024,Cn1cc2cc(Nc3nc(=O)n(-c4cncc5c4COC5)c(=O)n3Cc3cc(Cl)c(F)cc3F)c(Cl)cc2n1,7.92,1,ChEMBL
CHEMBL5427542,Cn1c([N+](=O)[O-])cnc1COc1cc(Cl)cc(-n2cc(-c3ccc[nH]c3=O)c(=O)n(-c3cccnc3)c2=O)c1,7.92,1,ChEMBL
CHEMBL5406180,O=c1[nH]cccc1-c1cn(-c2cc(Cl)cc(OCc3ncsc3C(F)(F)F)c2)c(=O)n(-c2cccnc2)c1=O,7.92,1,ChEMBL
CHEMBL5557111,Cc1cc(Cn2c(Nc3cc4cn(C)nc4cc3Cl)cc(=O)n(Cc3ncn(C)n3)c2=O)c(F)cc1F,7.92,1,ChEMBL
CHEMBL5573798,CC(C)(C)NC(=O)N[C@H](C(=O)N1C[C@H]2[C@@H]([C@H]1C(=O)N[C@H](C[C@@H]1CCNC1=O)C(=O)C(N)=O)C2(C)C)C(C)(C)C,7.92,1,ChEMBL
CHEMBL6078046,CC1(C)COC(=O)[C@@H]2C[C@@H](C[C@@H](C#N)NC(=O)[C@@H]3[C@@H]4[C@H](CN3C(=O)[C@H]1NC(=O)C1CC1)C4(C)C)C(=O)N2,7.92,1,ChEMBL
CHEMBL6082928,CC1(C)CCOC(=O)[C@@H]2C[C@@H](C[C@@H](C#N)NC(=O)[C@@H]3[C@@H]4[C@H](CN3C(=O)[C@H]1NC(=O)C(F)(F)F)C4(C)C)C(=O)N2,7.92,1,ChEMBL
CHEMBL6082909,CC1(C)CNC(=O)[C@@H]2C[C@H](C[C@@H](C#N)NC(=O)[C@@H]3[C@@H]4[C@H](CN3C(=O)[C@H]1NC(=O)OCc1ccccc1)C4(C)C)C(=O)N2,7.92,1,ChEMBL
CHEMBL6142218,O=C1C[C@H]2CCCN2C(=O)c2cncc(c2)/C=C/CCCCCNC(=O)[C@@H](Cc2ccc(Cl)cc2)N1,7.92,1,ChEMBL
CHEMBL5287318,CC1(C)[C@@H]2[C@@H](C(=O)N[C@H](C=O)C[C@@H]3CCNC3=O)N(C(=O)COc3ccc(Cl)c(Cl)c3)C[C@@H]21,7.91,1,ChEMBL
CHEMBL5206120,COc1cccc2[nH]c(C(=O)N[C@@H](CC(C)C)C(=O)N[C@@H](C[C@@H]3CCCNC3=O)C(=O)COC(=O)C3(C)OCCCO3)cc12,7.9,1,ChEMBL
CHEMBL5556984,CC(C)C[C@H](NC(=O)[C@H](Cc1ccc(F)cc1)NC(=O)OCc1ccccc1)C(=O)NC(C=O)Cc1ccccn1,7.9,1,ChEMBL
CHEMBL5178556,CC(C)(C)[C@H](NC(=O)OCc1ccccc1)C(=O)N[C@@H](CC1CC1)C(=O)N[C@H](C=O)C[C@@H]1CCNC1=O,7.89,1,ChEMBL
CHEMBL5185160,COc1cccc2[nH]c(C(=O)N[C@@H](CC(C)C)C(=O)N[C@H](C#N)C[C@@H]3CCCNC3=O)cc12,7.89,1,ChEMBL
CHEMBL5288416,CC1(C)[C@@H]2[C@@H](C(=O)N[C@H](C=O)C[C@@H]3CCNC3=O)N(C(=O)COc3ccc(Cl)cc3Cl)C[C@@H]21,7.89,1,ChEMBL
CHEMBL5399537,O=c1[nH]cccc1-c1cn(-c2cc(Cl)cc(OCc3nccn3C(F)F)c2)c(=O)n(-c2cccnc2)c1=O,7.89,1,ChEMBL
CHEMBL5276490,CC1(C)[C@@H]2[C@@H](C(=O)N[C@H](C=O)C[C@@H]3CCNC3=O)N(C(=O)COc3ccc(Cl)cc3)C[C@@H]21,7.88,1,ChEMBL
CHEMBL5269547,CC1(C)[C@@H]2[C@@H](C(=O)N[C@H](C=O)C[C@@H]3CCNC3=O)N(C(=O)COc3ccc(F)c(F)c3)C[C@@H]21,7.88,1,ChEMBL
CHEMBL5282244,CC1(C)[C@@H]2[C@@H](C(=O)N[C@H](C=O)C[C@@H]3CCNC3=O)N(C(=O)COc3ccc(Br)cc3Cl)C[C@@H]21,7.88,1,ChEMBL
CHEMBL5190756,CC(C)C[C@H](NC(=O)c1cc2c(OC(F)(F)F)cccc2[nH]1)C(=O)N[C@H](C#N)C[C@@H]1CCCNC1=O,7.86,1,ChEMBL
CHEMBL5186338,O=C(Sc1ncccn1)c1ccc(-c2ccccc2)s1,7.86,1,ChEMBL
CHEMBL5194350,CCn1cc2cc(Nc3nc(=O)n(Cc4ncn(C)n4)c(=O)n3Cc3cc(F)c(F)cc3F)c(Cl)cc2n1,7.85,1,ChEMBL
CHEMBL5187177,Cc1cncc(-n2c(=O)nc(Nc3cc4cn(C)nc4cc3Cl)n(Cc3cc(F)c(F)c(F)c3)c2=O)c1,7.85,1,ChEMBL
CHEMBL5208639,COc1cc(Cl)cc2[nH]c(C(=O)N[C@@H](CC(C)(C)C)C(=O)N[C@H](C#N)C[C@@H]3CCCNC3=O)cc12,7.85,1,ChEMBL
CHEMBL5198234,CC(C)C[C@H](NC(=O)c1cc2cnccc2[nH]1)C(=O)NN(CCC(N)=O)C(=O)CCl,7.85,1,ChEMBL
CHEMBL5173658,COc1cccc2[nH]c(C(=O)N[C@@H](CC(C)C)C(=O)N[C@@H](C[C@@H]3CCCNC3=O)C(=O)COC(=O)c3c(C(F)(F)F)cc(C)nc3C)cc12,7.85,1,ChEMBL
CHEMBL5267414,O=C(CCl)N1N=C(c2cc(Cl)ccc2F)C(c2ccccc2)C1c1ccc2nccnc2c1,7.85,1,ChEMBL
CHEMBL5561775,Cn1cnc(Cn2c(=O)cc(Nc3cc4cn(C)nc4cc3C(F)(F)F)n(Cc3cc(Cl)c(Cl)cc3F)c2=O)n1,7.85,1,ChEMBL
CHEMBL5572345,C=C[C@@H]1C[C@]1(NC(=O)[C@@H]1C[C@@H](Oc2cc(-c3csc(NC(C)C)n3)nc3c(C(C)C)c(OC)ccc23)CN1C(=O)[C@@H](NC(=O)OC1CCCC1)C(C)(C)C)C(=O)O,7.85,1,ChEMBL
CHEMBL5572795,CCc1cccc2[nH]c(C(=O)N3C[C@H]4[C@@H]([C@H]3C(=O)N[C@H](C=O)C[C@@H]3CCNC3=O)C4(C)C)cc12,7.85,1,ChEMBL
CHEMBL5633166,O=C(CNC(=O)C1CCC(F)(F)CC1)N[C@H](Cc1ccccc1)C(=O)C(=O)NCc1ccccn1,7.85,1,ChEMBL
CHEMBL6132678,CC1(C)COC(=O)[C@@H]2C[C@@H](C[C@@H](C#N)NC(=O)[C@@H]3[C@@H]4[C@H](CN3C(=O)[C@H]1NC(=O)C(F)(F)C1CC1)C4(C)C)C(=O)N2,7.85,1,ChEMBL
CHEMBL5208709,O=C(Sc1ncccn1)c1ccc(-c2ccc(Br)cc2)s1,7.84,1,ChEMBL
CHEMBL5269544,COc1ccc(OCC(=O)N2C[C@H]3[C@@H]([C@H]2C(=O)N[C@H](C=O)C[C@@H]2CCNC2=O)C3(C)C)cc1OC,7.84,1,ChEMBL
CHEMBL5633042,O=C(NCc1ccccn1)C(=O)[C@@H](Cc1ccccc1)NC(=O)[C@H]1COCCN1C(=O)C1CCC(F)(F)CC1,7.84,1,ChEMBL
CHEMBL5427572,CC(C)C[C@H](NC(=O)C(=O)Nc1ccccc1F)C(=O)N[C@@H](C[C@@H]1CCNC1=O)C(=O)COc1c(F)c(F)cc(F)c1F,7.83,1,ChEMBL
CHEMBL5596805,O=C(Oc1cncc(Cl)c1)c1ccc(I)cc1F,7.83,1,ChEMBL
CHEMBL5183770,CC(C)[C@H](NC(=O)OCc1ccccc1)C(=O)N[C@@H](Cc1ccccc1)C(=O)N[C@H](C=O)C[C@@H]1CCNC1=O,7.82,1,ChEMBL
CHEMBL5185732,Cn1cnc(Cn2c(=O)nc(NC3=CC4CCOC4C=C3Cl)n(Cc3cc(F)c(F)c(F)c3)c2=O)n1,7.82,1,ChEMBL
CHEMBL5193976,O=c1c2ccccc2[se]n1-c1cc(Cl)ccc1F,7.82,1,ChEMBL
CHEMBL5195325,CC1(C)[C@@H]2[C@@H](C(=O)N[C@H](C=O)C[C@@H]3CCNC3=O)N(C(=O)COc3ccc(OC(F)(F)F)cc3)C[C@@H]21,7.82,1,ChEMBL
CHEMBL5290282,COc1ccc(OCC(=O)N2C[C@H]3[C@@H]([C@H]2C(=O)N[C@H](C=O)C[C@@H]2CCNC2=O)C3(C)C)cc1,7.82,1,ChEMBL
CHEMBL5441400,CC(C)[C@H](Nc1ncnc2[nH]c(-c3cnn(C)c3C#N)cc12)c1ccc2c(c1)S(=O)(=O)CCC2,7.82,1,ChEMBL
CHEMBL5555618,CC1(C)[C@@H]2[C@H]1CN(C(=O)COc1ccc(OC(F)(F)F)cc1)[C@H]2C(=O)N[C@@H](C=O)C[C@H]1CCNC1=O,7.82,1,ChEMBL
CHEMBL5559134,CN(C(=O)[C@H](Cc1ccccc1)NC(=O)[C@@H](NC(=O)c1cccs1)C(C)(C)C)N(C#N)Cc1cccc(Cl)c1F,7.82,1,ChEMBL
CHEMBL5562983,COC(=O)N[C@H](C(=O)N1CC2(C[C@H]1C(=O)N[C@@H](CCC(C)(F)F)C(=O)C(=O)NC1CC1)CC2(F)F)C(C)(C)C,7.82,1,ChEMBL
CHEMBL5570296,CC1(C)[C@@H]2[C@@H](C(=O)N[C@H](C=O)C[C@@H]3CCNC3=O)N(C(=O)c3cc4c(F)cccc4[nH]3)C[C@@H]21,7.82,1,ChEMBL
CHEMBL5570525,CC1(C)[C@@H]2[C@@H](C(=O)N[C@H](C=O)C[C@@H]3CCNC3=O)N(C(=O)c3cc4ccc(F)cc4[nH]3)C[C@@H]21,7.82,1,ChEMBL
CHEMBL5565858,CC1(C)[C@@H]2[C@@H](C(=O)N[C@H](C=O)C[C@@H]3CCNC3=O)N(C(=O)C3(c4ccccc4)CCCC3)C[C@@H]21,7.82,1,ChEMBL
CHEMBL5633409,O=C(CC1CCC(F)(F)CC1)NCC(=O)N[C@H](Cc1ccccc1)C(=O)C(=O)NCc1ccccn1,7.82,1,ChEMBL
CHEMBL5195394,COc1cccc2[nH]c(C(=O)N[C@@H](CC(C)C)C(=O)NN(C[C@H]3CCNC3=O)C(=O)[C@H](F)Cl)cc12,7.81,1,ChEMBL
CHEMBL5204680,O=C(Sc1ncccn1)c1cc2ccccc2s1,7.81,1,ChEMBL
CHEMBL5185670,CC(C)(C)C[C@H](NC(=O)[C@@H](NC(=O)OCc1ccccc1)C1CC1)C(=O)N[C@H](C=O)C[C@@H]1CCNC1=O,7.8,1,ChEMBL
CHEMBL5290927,CC(C)C[C@H](NC(=O)OCc1cccc(C(F)(F)F)c1)C(=O)N[C@@H](C[C@@H]1CCNC1=O)C(O)S(=O)(=O)[O-].[Na+],7.8,1,ChEMBL
CHEMBL5394734,Cc1nc(C)c(COc2cc(Cl)cc(-n3cc(-c4ccc[nH]c4=O)c(=O)n(-c4cccnc4)c3=O)c2)s1,7.8,1,ChEMBL
CHEMBL5563890,CC(C)C[C@H](NC(=O)[C@H](Cc1ccc(F)cc1)NC(=O)OCc1ccccc1)C(=O)NC(C=O)Cc1c[nH]cn1,7.8,1,ChEMBL
CHEMBL5563131,CC(F)(F)CC[C@H](NC(=O)[C@@H]1CC2(CCCCC2)CN1C(=O)[C@@H](NC(=O)OCc1ccccc1)C1CCCCC1)C(=O)C(=O)NC1CC1,7.8,1,ChEMBL
CHEMBL5542356,COC(=O)N[C@H](C(=O)N1CC[C@@H](C(F)(F)F)C[C@H]1C(=O)N[C@@H](CCC(C)(F)F)C(=O)C(=O)NC1CC1)C(C)(C)C,7.8,1,ChEMBL
CHEMBL5567237,CC1(C)[C@@H]2[C@@H](C(=O)N[C@H](C=O)C[C@@H]3CCNC3=O)N(C(=O)Cc3ccccc3)C[C@@H]21,7.8,1,ChEMBL
CHEMBL5632711,C[C@@H](NC(=O)C1CCC(F)(F)CC1)C(=O)N[C@H](Cc1ccccc1)C(=O)C(=O)NCc1ccccn1,7.8,1,ChEMBL
CHEMBL6166637,CNC[C@@H](Cc1ccc(Cl)cc1)N(C)C(=O)C[C@H]1Cc2ccccc2N1C(=O)c1cncc2cccnc12,7.8,1,ChEMBL
CHEMBL5400139,O=C(Nc1ccccc1F)C(=O)N1CC2(CC2)C[C@H]1C(=O)N[C@@H](C[C@@H]1CCNC1=O)C(=O)COC(F)(F)F,7.79,1,ChEMBL
CHEMBL5631672,C[C@@H](NC(=O)CC1CCC(F)(F)CC1)C(=O)N[C@H](Cc1ccccc1)C(=O)C(=O)NCc1ccccn1,7.79,1,ChEMBL
CHEMBL5275295,CC1(C)[C@@H]2[C@@H](C(=O)N[C@H](C=O)C[C@@H]3CCNC3=O)N(C(=O)CCc3cccc(F)c3)C[C@@H]21,7.78,1,ChEMBL
CHEMBL5206924,CC(C)(C)C[C@H](NC(=O)[C@@H](NC(=O)NC(C)(C)C)C(C)(C)C)C(=O)N[C@H](C=O)C[C@@H]1CCNC1=O,7.77,1,ChEMBL
CHEMBL5184210,CC(C)C[C@H](NC(=O)OCc1ccccc1)C(=O)NN(CC1CCNC1=O)C(=O)CCl,7.77,1,ChEMBL
CHEMBL5189591,CC(C)C[C@H](NC(=O)OCc1ccccc1)C(=O)NN(CCC(N)=O)C(=O)CCl,7.77,1,ChEMBL
CHEMBL5189954,COc1cccc2[nH]c(C(=O)N[C@@H](CC(C)C)C(=O)N[C@@H](C[C@@H]3CCNC3=O)C(=O)COC(=O)c3c(C(F)(F)F)cc(C)nc3C)cc12,7.77,1,ChEMBL
CHEMBL5412903,Cc1scnc1COc1cc(Cl)cc(-n2cc(-c3ccc[nH]c3=O)c(=O)n(-c3cccnc3)c2=O)c1,7.77,1,ChEMBL
CHEMBL5571893,CC1(C)[C@@H]2[C@@H](C(=O)N[C@H](C=O)C[C@@H]3CCNC3=O)N(C(=O)c3cc4cc(F)ccc4[nH]3)C[C@@H]21,7.77,1,ChEMBL
CHEMBL5632329,COC[C@@H](NC(=O)C1CCC(F)(F)CC1)C(=O)N[C@H](Cc1ccccc1)C(=O)C(=O)NCc1ccccn1,7.77,1,ChEMBL
CHEMBL6102141,CC1(C)COC(=O)[C@@H]2C[C@@H](C[C@@H](C#N)NC(=O)[C@@H]3[C@@H]4[C@H](CN3C(=O)[C@H]1NC(=O)OC1CC1)C4(C)C)C(=O)N2,7.77,1,ChEMBL
CHEMBL6143566,O=C1C[C@H]2CCCN2C(=O)c2cncc(c2)CCCCCCCOC(=O)[C@@H](Cc2ccc(Cl)cc2)N1,7.77,1,ChEMBL
CHEMBL6145506,Cn1cnc(CN2C(=O)NC(Nc3cc4cn(C)nc4cc3Cl)N(Cc3cc(F)c(F)cc3F)C2=O)n1,7.77,1,ChEMBL
CHEMBL5270743,O=C[C@H](C[C@@H]1CCNC1=O)NC(=O)[C@@H]1[C@H]2CCC[C@H]2CN1C(=O)COc1ccc(Cl)cc1Cl,7.76,1,ChEMBL
CHEMBL5277900,O=C[C@H](C[C@@H]1CCNC1=O)NC(=O)[C@@H]1[C@H]2CCC[C@H]2CN1C(=O)CCc1ccc(F)c(F)c1,7.76,1,ChEMBL
CHEMBL5408911,CN(C[C@H]1O[C@@H](n2cc(C#Cc3ccccc3)c3c(N)ncnc32)[C@H](O)[C@@H]1O)S(=O)(=O)c1ccc(Br)c([N+](=O)[O-])c1,7.76,1,ChEMBL
CHEMBL5562461,O=C[C@@H](C[C@H]1CCNC1=O)NC(=O)[C@H]1[C@@H]2CCC[C@@H]2CN1C(=O)COc1ccc(Cl)cc1Cl,7.76,1,ChEMBL
CHEMBL5180524,O=c1[nH]cc(-c2cc(-c3cc(Cl)cc(OCc4ccccc4Cl)c3)c(=O)n(-c3cccnc3)c2)c(=O)[nH]1,7.75,1,ChEMBL
CHEMBL5564996,O=C1NCC[C@H]1C[C@H](NC(=O)[C@@H]1[C@H]2CCC[C@H]2CN1C(=O)COc1ccc(Cl)cc1Cl)C(=O)CF,7.75,1,ChEMBL
CHEMBL5561918,Cn1cnc(Cn2c(=O)cc(Nc3cc4cn(C)nc4cc3F)n(Cc3cc(Cl)c(F)cc3F)c2=O)n1,7.75,1,ChEMBL
CHEMBL5567822,O=c1[nH]cc(-c2cc(-c3cc(Cl)cc(COc4ccccc4Cl)c3)c(=O)n(-c3cccnc3)c2)c(=O)[nH]1,7.75,1,ChEMBL
CHEMBL5561728,CN(C(=O)[C@H](Cc1ccccc1)NC(=O)[C@@H](NC(=O)c1cccs1)C1CCCCC1)N(C#N)Cc1ccc(Cl)cc1,7.75,1,ChEMBL
CHEMBL5565690,COc1ccc2[nH]c(=O)cc(C(=O)N[C@H]3CCCC[C@H]3Nc3c(C(=O)N4CCN(C)CC4)cc(Br)cc3[N+](=O)[O-])c2c1,7.75,1,ChEMBL
CHEMBL5591360,CC1(C)[C@@H]2[C@@H](C(=O)N[C@H](C=O)C[C@@H]3CCNC3=O)N(C(=O)c3cc4cccc(C(F)(F)F)c4[nH]3)C[C@@H]21,7.75,1,ChEMBL
CHEMBL5631484,O=C(CNC(=O)[C@@H]1C[C@@H]2[C@H](C1)C2(F)F)N[C@H](Cc1ccccc1)C(=O)C(=O)NCc1ccccn1,7.75,1,ChEMBL
CHEMBL6114914,CC1(C)CNC(=O)[C@@H]2C[C@@H](C[C@@H](C#N)NC(=O)[C@@H]3[C@@H]4[C@H](CN3C(=O)[C@H]1NC(=O)C(F)(F)F)C4(C)C)C(=O)N2,7.75,1,ChEMBL
CHEMBL6163615,O=C1C[C@H]2CCCN2C(=O)c2cncc(c2)/C=C/CCCCCOC(=O)[C@@H](Cc2ccc(Cl)cc2)N1,7.75,1,ChEMBL
CHEMBL6133427,O=C1C[C@H]2Cc3ccccc3N2C(=O)c2cncc(c2)/C=C/CCCCCOC(=O)[C@@H](Cc2ccc(Cl)c(Cl)c2)N1,7.75,1,ChEMBL
CHEMBL5177782,O=C(Sc1ncccn1)c1ccc(-c2ccccc2)o1,7.74,1,ChEMBL
CHEMBL5286307,CC(C)(C)[C@H](NC(=O)C(F)(F)F)C(=O)N1[C@@H]2CCC[C@@H]2C[C@H]1C(=O)N[C@H](C#N)C[C@@H]1CCNC1=O,7.74,1,ChEMBL
CHEMBL5270522,CC1(C)[C@@H]2[C@@H](C(=O)N[C@H](C=O)C[C@@H]3CCNC3=O)N(C(=O)COc3cc(F)cc(F)c3)C[C@@H]21,7.73,1,ChEMBL
CHEMBL5633587,O=C(CNC(=O)c1ccc(Cl)c(F)c1)N[C@H](Cc1ccccc1)C(=O)C(=O)NCc1ccccn1,7.73,1,ChEMBL
CHEMBL5202866,CC(C)[C@H](NC(=O)OCc1ccccc1)C(=O)N[C@@H](CC(C)(C)C)C(=O)N[C@H](C=O)C[C@@H]1CCNC1=O,7.72,1,ChEMBL
CHEMBL5180793,CC(C)(C)NC(=O)N[C@H](C(=O)N1C[C@H]2[C@@H]([C@H]1C(=O)N[C@@H](C[C@@H]1CCNC1=O)C(=O)C(N)=O)C2(C)C)C(C)(C)C,7.72,1,ChEMBL
CHEMBL5208498,Cn1cnc(Cn2c(=O)nc(Nc3cc4c(F)n(C)nc4cc3Cl)n(Cc3cc(F)c(F)cc3F)c2=O)n1,7.72,1,ChEMBL
CHEMBL5183165,CC(C)(C)[C@H](NC(=O)C(F)(F)F)C(=O)N1C[C@H]2[C@@H]([C@H]1C(=O)N[C@@H](C[C@@H]1CCNC1=O)C(=O)C(=O)NC1CC1)C2(C)C,7.72,1,ChEMBL
CHEMBL5191060,COc1cccc2[nH]c(C(=O)N[C@@H](CC(C)C)C(=O)N[C@@H](C[C@@H]3CCCNC3=O)C(=O)COC(=O)c3c(C)cc(C)nc3C)cc12,7.72,1,ChEMBL
CHEMBL5171003,CCN(C[C@H]1O[C@@H](n2cnc3c(N)ncnc32)[C@H](O)[C@@H]1O)S(=O)(=O)c1ccc(OC)c(C#N)c1,7.72,1,ChEMBL
CHEMBL5396377,COc1ccc(S(=O)(=O)N(C)C[C@H]2O[C@@H](n3cc(C#Cc4cnc5ccccc5c4)c4c(N)ncnc43)[C@H](O)[C@@H]2O)cc1C#N,7.72,1,ChEMBL
CHEMBL5568269,CN(C(=O)[C@H](Cc1ccccc1)NC(=O)[C@@H](NC(=O)c1cccs1)C(C)(C)C)N(C#N)Cc1ccc(Cl)cc1,7.72,1,ChEMBL
CHEMBL5564971,CN(C(=O)[C@H](Cc1ccccc1F)NC(=O)[C@@H](NC(=O)c1cccs1)C(C)(C)C)N(C#N)Cc1cccc(Cl)c1F,7.72,1,ChEMBL
CHEMBL5555378,COC(=O)N[C@H](C(=O)N1C[C@H]2[C@@H]([C@H]1C(=O)N[C@@H](CCC(C)(F)F)C(=O)C(=O)NC1CC1)C21CCOCC1)C(C)(C)C,7.72,1,ChEMBL
CHEMBL6165159,CNC(=O)[C@@H](Cc1ccc(Cl)cc1)N1CCCCCC/C=C/c2cncc(c2)C(=O)N2c3ccccc3C[C@@H]2CC1=O,7.72,1,ChEMBL
CHEMBL5195798,COc1cccc2[nH]c(C(=O)N[C@@H](CC(C)C)C(=O)N[C@@H](C[C@@H]3CCCNC3=O)C(=O)CO)cc12,7.71,1,ChEMBL
CHEMBL5288153,Cc1cc(Cl)ccc1OCC(=O)N1C[C@@H]2CCC[C@@H]2[C@H]1C(=O)N[C@H](C=O)C[C@@H]1CCNC1=O,7.71,1,ChEMBL
MAT-POS-a54ce14d-2,CNC(=O)CN1C[C@@H](C(=O)Nc2cncc3ccccc23)c2cc(Cl)ccc2C1=O,7.7,1,Moonshot
CHEMBL1725120,Cc1ccc(C)c(-n2sc3cc(F)ccc3c2=O)c1,7.7,1,ChEMBL
CHEMBL5198667,COc1cccc2[nH]c(C(=O)N[C@@H](CC(C)C)C(=O)N[C@@H](C[C@@H]3CCCNC3=O)C(=O)COC(=O)C(C)(C)C(F)(F)F)cc12,7.7,1,ChEMBL
CHEMBL5555689,C#CC(=O)N(c1ccc(-c2ccccc2)cc1)[C@@H](C(=O)N[C@@H](C)c1ccccc1)c1cccnc1,7.7,1,ChEMBL
CHEMBL5571652,CC1(C)[C@@H]2[C@@H](C(=O)N[C@H](C=O)C[C@@H]3CCNC3=O)N(C(=O)OCc3cccnc3)C[C@@H]21,7.7,1,ChEMBL
CHEMBL5562905,Cc1cccc2cc(C(=O)N3C[C@H]4[C@@H]([C@H]3C(=O)N[C@H](C=O)C[C@@H]3CCNC3=O)C4(C)C)[nH]c12,7.7,1,ChEMBL
CHEMBL5571332,CC1(C)[C@@H]2[C@@H](C(=O)N[C@H](C=O)C[C@@H]3CCNC3=O)N(C(=O)c3cc4cccc(C#N)c4[nH]3)C[C@@H]21,7.7,1,ChEMBL
CHEMBL5574928,CC(C)c1cccc2[nH]c(C(=O)N3C[C@H]4[C@@H]([C@H]3C(=O)N[C@H](C=O)C[C@@H]3CCNC3=O)C4(C)C)cc12,7.7,1,ChEMBL
CHEMBL5596651,COc1cccc(C(=O)Oc2cncc(Br)c2)c1,7.7,1,ChEMBL
CHEMBL6133531,Cc1ccc(N2CCN(C)CC2)cc1C(=O)NC1(c2cccc3ccccc23)CC1,7.7,1,ChEMBL
CHEMBL6134554,Cc1ccc(N2C[C@H]3C[C@@H](C2)N3)cc1C(=O)NC1(c2cccc3ccccc23)CC1,7.7,1,ChEMBL
CHEMBL6148081,CNC[C@@H](Cc1ccc(Cl)cc1)N(C)C(=O)C[C@H]1Cc2ccccc2N1C(=O)c1cncc2ccccc12,7.7,1,ChEMBL
CHEMBL192627,O=C1C(Cl)=C(Cl)C(=O)C(Cl)=C1Cl,7.7,1,ChEMBL
CHEMBL5184362,O=C(Sc1ncccn1)c1ccc2ccccc2n1,7.69,1,ChEMBL
CHEMBL5561234,COc1ccc2[nH]c(=O)cc(C(=O)N[C@H]3CCC[C@H]3Nc3c(C(=O)N4CCOCC4)cc(C4CC4)cc3[N+](=O)[O-])c2c1,7.69,1,ChEMBL
CHEMBL5631920,O=C(CNC(=O)c1ccc(Cl)c(Cl)c1)N[C@H](Cc1ccccc1)C(=O)C(=O)NCc1ccccn1,7.69,1,ChEMBL
CHEMBL5631522,N#Cc1cc(F)cc(C(=O)NCC(=O)N[C@H](Cc2ccccc2)C(=O)C(=O)NCc2ccccn2)c1,7.69,1,ChEMBL
STE-KUL-d79e3d6a-3,C#CCCCC(=O)N[C@H](C(=O)N[C@H](CC(C)C)C(=O)NN(CCC(N)=O)C(=O)CCl)C(C)(C)C,7.68,1,Moonshot
CHEMBL5439438,O=c1[nH]cccc1-c1cn(-c2cc(Cl)cc(OCc3nc4ccccc4n3C(F)F)c2)c(=O)n(-c2cccnc2)c1=O,7.68,1,ChEMBL
CHEMBL5568045,O=C(N[C@H]1CCC[C@H]1Nc1c(C(=O)N2CCOCC2)cc(Br)cc1[N+](=O)[O-])c1cc(=O)[nH]c2ccccc12,7.68,1,ChEMBL
CHEMBL5555832,CN1CCN(C(=O)c2cc(Br)cc([N+](=O)[O-])c2N[C@@H]2CCCC[C@@H]2NC(=O)c2cc(=O)[nH]c3c(F)cccc23)CC1,7.68,1,ChEMBL
CHEMBL5558007,CNC(=O)c1cc(C2CC2)cc([N+](=O)[O-])c1N[C@@H]1CCCC[C@@H]1NC(=O)c1cc(=O)[nH]c2ccccc12,7.68,1,ChEMBL
CHEMBL5575793,C[C@@H](C(=O)N1C[C@H]2[C@@H]([C@H]1C(=O)N[C@H](C=O)C[C@@H]1CCNC1=O)C2(C)C)c1ccccc1,7.68,1,ChEMBL
CHEMBL6078478,CC1(C)COC(=O)[C@@H]2C[C@@H](C[C@@H](C#N)NC(=O)[C@@H]3[C@@H]4[C@H](CN3C(=O)[C@H]1NC(=O)CC1CC1)C4(C)C)C(=O)N2,7.68,1,ChEMBL
CHEMBL6146262,CN(C(=O)[C@@H](NC(=O)C(F)(F)F)C1CC1)[C@@H](Cc1ccc(F)cc1)C(=O)N1C[C@]2(C[C@H]1C#N)C(=O)Nc1ccccc12,7.68,1,ChEMBL
CHEMBL6102236,O=C1C[C@H]2CCCN2C(=O)c2cncc(c2)/C=C/CCCCCNC(=O)[C@@H](Cc2ccc(F)cc2F)N1,7.68,1,ChEMBL
CHEMBL4590273,Cc1cccc2nc(CSC(=S)NCc3cccnc3)cn12,7.67,1,ChEMBL
CHEMBL5557684,O=C(N[C@H]1CCC[C@H]1Nc1c(C(=O)N2CCOCC2)cc(C2CC2)cc1[N+](=O)[O-])c1cc(=O)[nH]c2c(F)cccc12,7.67,1,ChEMBL
CHEMBL5633582,O=C(NCc1ccccn1)C(=O)[C@@H](Cc1ccccc1)NC(=O)C1(NC(=O)C2CCC(F)(F)CC2)CC1,7.67,1,ChEMBL
CHEMBL6082979,C[C@H](NC(=O)C(F)F)C(=O)N(C)[C@@H](CC1CC1)C(=O)N1C[C@]2(C[C@H]1C#N)C(=O)Nc1ccccc12,7.67,1,ChEMBL
CHEMBL5184261,CC(C)CC(=O)N[C@H](C(=O)N1C[C@H]2[C@@H]([C@H]1C(=O)N[C@H](C=O)C[C@@H]1CCNC1=O)C2(C)C)C(C)(C)C,7.66,1,ChEMBL
CHEMBL5194822,COc1cccc2[nH]c(C(=O)N[C@@H](CC(C)C)C(=O)N[C@@H](C[C@@H]3CCCNC3=O)C(=O)COC(=O)C(C)(C)C#N)cc12,7.66,1,ChEMBL
CHEMBL5171263,COc1cccc2[nH]c(C(=O)N[C@@H](CC(C)C)C(=O)N[C@@H](C[C@@H]3CCCNC3=O)C(=O)COC(=O)c3c(C)nc(C)nc3C)cc12,7.66,1,ChEMBL
CHEMBL5397476,CC(C)C[C@@H](O)C(=O)N1C[C@H](C(F)(F)F)C[C@H]1C(=O)N[C@@H](C[C@@H]1CCNC1=O)C(=O)COC(F)(F)F,7.66,1,ChEMBL
CHEMBL5399799,O=C[C@H](C[C@@H]1CCNC1=O)NC(=O)C1CC2(CCCC2)CN1C(=O)OCc1ccccc1,7.66,1,ChEMBL
CHEMBL5441431,CNC(=O)c1cccc(-c2cc3c(N[C@H](c4ccc5c(c4)S(=O)(=O)CCC5)C(C)C)ncnc3[nH]2)c1,7.66,1,ChEMBL
CHEMBL5570210,CC(C)c1ccc(F)c2[nH]c(C(=O)N3C[C@H]4[C@@H]([C@H]3C(=O)N[C@H](C=O)C[C@@H]3CCNC3=O)C4(C)C)cc12,7.66,1,ChEMBL
CHEMBL5594068,CC(C)(C)C(=O)N[C@H](C(=O)N1CC2(C[C@H]1C(=O)N[C@H](C#N)C[C@@H]1CCNC1=O)SCCS2)C(C)(C)C,7.66,1,ChEMBL
CHEMBL5632807,O=C(CNC(=O)C1CCCCC1)N[C@H](Cc1ccccc1)C(=O)C(=O)NCc1ccccn1,7.66,1,ChEMBL
CHEMBL6078189,CC1(C)COC(=O)[C@@H]2C[C@@H](C[C@@H](C#N)NC(=O)[C@@H]3[C@@H]4[C@H](CN3C(=O)[C@H]1NC(=O)C(F)(F)c1ccc(F)cc1)C4(C)C)C(=O)N2,7.66,1,ChEMBL
CHEMBL5282079,CC(C)(C)[C@H](NS(=O)(=O)C(F)(F)F)C(=O)N1C[C@H]2[C@@H]([C@H]1C(=O)N[C@H](C#N)C[C@@H]1CCNC1=O)C2(C)C,7.65,1,ChEMBL
CHEMBL5197166,CC(C)(C)NC(=O)N[C@H](C(=O)N1CC2(CC2)C[C@H]1C(=O)N[C@H](C=O)C[C@@H]1CCNC1=O)C(C)(C)C,7.64,1,ChEMBL
CHEMBL5266964,CC(C)(C)[C@H](NS(=O)(=O)C1CC1)C(=O)N1C[C@H]2[C@@H]([C@H]1C(=O)N[C@H](C#N)C[C@@H]1CCNC1=O)C2(C)C,7.64,1,ChEMBL
CHEMBL5434729,S=C(NCc1cccnc1)SCc1ccccc1,7.64,1,ChEMBL
CHEMBL5441394,CC(C)[C@H](Nc1ncnc2[nH]c(-c3cnn(CC(N)=O)c3)cc12)c1ccc2c(c1)S(=O)(=O)CCC2,7.64,1,ChEMBL
CHEMBL5560995,COc1cccc2[nH]c(C(=O)N[C@@H](Cc3ccccc3)C(=O)N(C)N(C#N)Cc3ccc(Cl)cc3)cc12,7.64,1,ChEMBL
CHEMBL5562026,CN1CCN(C(=O)c2cc(Br)cc([N+](=O)[O-])c2N[C@@H]2CCC[C@@H]2NC(=O)c2cc(=O)[nH]c3ccccc23)CC1,7.64,1,ChEMBL
CHEMBL5570884,COC(=O)N[C@H](C(=O)N1C[C@@H]2CCC[C@@H]2[C@H]1C(=O)N[C@@H](CC[C@H](C)F)C(=O)C(=O)NC1CC1)C(C)(C)C,7.64,1,ChEMBL
CHEMBL5573233,O=C[C@H](C[C@@H]1CCNC1=O)NC(=O)[C@@H]1CC2(CC2)CN1C(=O)c1cc2ccccc2[nH]1,7.64,1,ChEMBL
CHEMBL5562781,CC(C)(C(=O)N1C[C@H]2[C@@H]([C@H]1C(=O)N[C@H](C=O)C[C@@H]1CCNC1=O)C2(C)C)c1ccccc1,7.64,1,ChEMBL
CHEMBL6102348,CC1(C)COC(=O)[C@@H]2C[C@@H](C[C@@H](C#N)NC(=O)[C@@H]3[C@@H]4[C@H](CN3C(=O)[C@H]1NC(=O)C(F)(F)Cc1ccccc1)C4(C)C)C(=O)N2,7.64,1,ChEMBL
CHEMBL5430978,CC(C)C[C@@H](O)C(=O)N1CC2(CC2)C[C@H]1C(=O)N[C@@H](C[C@@H]1CCNC1=O)C(=O)COC(F)(F)F,7.63,1,ChEMBL
CHEMBL5563607,O=C(N[C@H]1CCC[C@H]1Nc1c(C(=O)N2CCOCC2)cc(C2CC2)cc1[N+](=O)[O-])c1cc(=O)[nH]c2ccccc12,7.63,1,ChEMBL
CHEMBL5631235,O=C(NCc1ccccn1)C(=O)[C@@H](Cc1ccccc1)NC(=O)[C@H]1COCCN1C(=O)[C@@H]1C[C@@H]2[C@H](C1)C2(F)F,7.63,1,ChEMBL
CHEMBL6143406,CC(C)(C)[C@H](NC(=O)C(F)(F)F)C(=O)N1C[C@H]2[C@@H]([C@H]1C(=O)N[C@H](/C=C/C(N)=O)C[C@@H]1CCNC1=O)C2(C)C,7.63,1,ChEMBL
CHEMBL5204224,CCOc1cccc2[nH]c(C(=O)N[C@@H](CC(C)C)C(=O)N[C@H](C#N)C[C@@H]3CCCNC3=O)cc12,7.62,1,ChEMBL
CHEMBL5438703,CC(C)CC(=O)C(=O)N1CC2(CC2)C[C@H]1C(=O)N[C@@H](C[C@@H]1CCNC1=O)C(=O)COC(F)(F)F,7.62,1,ChEMBL
CHEMBL5441413,CNC(=O)Cn1cc(-c2cc3c(N[C@@H](c4ccc5c(c4)S(=O)(=O)CCC5)C(C)C)ncnc3[nH]2)cn1,7.62,1,ChEMBL
CHEMBL5564566,O=c1[nH]cc(-c2cc(-c3cc(Cl)cc(COc4ccccc4F)c3)c(=O)n(-c3cccnc3)c2)c(=O)[nH]1,7.62,1,ChEMBL
CHEMBL5559946,COc1ccc2[nH]c(=O)cc(C(=O)N[C@H]3CCC[C@H]3Nc3c(C(=O)N4CCN(C)CC4)cc(C4CC4)cc3[N+](=O)[O-])c2c1,7.62,1,ChEMBL
CHEMBL5584042,CC(C)(CCOCCCCCCOc1cccc2c1C(=O)N(C1CCC(=O)NC1=O)C2=O)NC(=O)N[C@H](C(=O)N1C[C@H]2[C@@H]([C@H]1C(=O)N[C@H](C=O)C[C@@H]1CCNC1=O)C2(C)C)C(C)(C)C,7.62,1,ChEMBL
CHEMBL2315036,CC(C)C[C@H](NC(=O)OCc1ccccc1)C(=O)N[C@@H](CC1CCNC1=O)C(O)S(=O)(=O)[O-].[Na+],7.61,1,ChEMBL
CHEMBL6143060,CC(C)C[C@@H](C(=O)N1C[C@]2(C[C@H]1C#N)C(=O)Nc1ccccc12)N(C)C(=O)[C@H](C)NC(=O)C(C)(C)F,7.61,1,ChEMBL
CHEMBL5398423,O=C[C@H](C[C@@H]1CCNC1=O)NC(=O)[C@@H]1CC2(CC2)CN1C(=O)OCc1ccccc1,7.6,1,ChEMBL
CHEMBL5398911,CC1(C)[C@@H]2[C@@H](C(=O)N[C@H](C=O)C[C@@H]3CCNC3=O)N(C(=O)COC3CCCCC3)C[C@@H]21,7.6,1,ChEMBL
CHEMBL5441401,CNCc1cc(-c2cc3c(N[C@@H](c4ccc5c(c4)S(=O)(=O)CCC5)C(C)C)ncnc3[nH]2)co1,7.6,1,ChEMBL
CHEMBL5559623,COCCCc1cc(Cl)cc(-c2cc(-c3c[nH]c(=O)[nH]c3=O)cn(-c3cccnc3)c2=O)c1,7.6,1,ChEMBL
CHEMBL5566559,CN(C(=O)[C@H](Cc1ccc(F)cc1)NC(=O)[C@@H](NC(=O)c1cccs1)C(C)(C)C)N(C#N)Cc1cccc(Cl)c1F,7.6,1,ChEMBL
CHEMBL5560304,CN1C(=O)[C@H](Cc2ccccc2)N(C(=O)COc2ccc(Cl)cc2Cl)CCCOc2ccc(F)cc2CN1C#N,7.6,1,ChEMBL
CHEMBL5560985,CN1CCN(C(=O)c2cc(C3CC3)cc([N+](=O)[O-])c2N[C@@H]2CCC[C@@H]2NC(=O)c2cc(=O)[nH]c3ccccc23)CC1,7.6,1,ChEMBL
CHEMBL5569553,COC(=O)N[C@H](C(=O)N1CC2(CCCCC2)C[C@H]1C(=O)N[C@@H](CCC(C)(F)F)C(=O)C(N)=O)C(C)(C)C,7.6,1,ChEMBL
CHEMBL5572845,CC1(C)[C@@H]2[C@@H](C(=O)N[C@H](C#N)C[C@@H]3CCNC3=O)N(C(=O)[C@@H](NC(=O)C(F)(F)F)c3ccc(Cl)c(Cl)c3)C[C@@H]21,7.6,1,ChEMBL
CHEMBL5567063,CC1(C)[C@@H]2[C@@H](C(=O)N[C@H](C=O)C[C@@H]3CCNC3=O)N(C(=O)CC3CCCCC3)C[C@@H]21,7.6,1,ChEMBL
CHEMBL5574551,CC1CCC(CC(=O)N2C[C@H]3[C@@H]([C@H]2C(=O)N[C@H](C=O)C[C@@H]2CCNC2=O)C3(C)C)CC1,7.6,1,ChEMBL
CHEMBL5574420,O=C[C@H](C[C@@H]1CNCC1=O)NC(=O)[C@H](Cc1cccc(F)c1)NC(=O)c1cc2ccccc2[nH]1,7.6,1,ChEMBL
CHEMBL6143744,N#C[C@@H]1C[C@@]2(CN1C(=O)[C@@H](CSCc1ccc(F)cc1)NC(=O)[C@@H](NC(=O)C(F)(F)F)C1CC1)C(=O)Nc1ccccc12,7.6,1,ChEMBL
CHEMBL6144746,O=C1C[C@H]2CCCN2C(=O)c2cncc(c2)/C=C/CCCCOC(=O)[C@@H](Cc2ccc(Cl)cc2)N1,7.6,1,ChEMBL
CHEMBL5431675,Cc1ccc(S(=O)(=O)N(C)C[C@H]2O[C@@H](n3cc(C#Cc4ccccc4)c4c(N)ncnc43)[C@H](O)[C@@H]2O)cc1Cl,7.59,1,ChEMBL
CHEMBL5596380,O=C(Oc1cncc(Cl)c1)c1ccccc1F,7.59,1,ChEMBL
CHEMBL6103521,C[C@H](NC(=O)C(F)(F)F)C(=O)N(C)[C@@H](CC1CC1)C(=O)N1C[C@]2(C[C@H]1C#N)C(=O)Nc1ccccc12,7.59,1,ChEMBL
CHEMBL5182608,CC(C)(C)NC(=O)N[C@H](C(=O)N[C@@H](CC1CC1)C(=O)N[C@H](C=O)C[C@@H]1CCNC1=O)C(C)(C)C,7.58,1,ChEMBL
CHEMBL5566531,CN(C(=O)[C@H](Cc1ccccc1Cl)NC(=O)[C@@H](NC(=O)c1cccs1)C(C)(C)C)N(C#N)Cc1cccc(Cl)c1F,7.58,1,ChEMBL
CHEMBL5556426,COC(=O)N[C@H](C(=O)N1C[C@@H]2CCC[C@@H]2[C@H]1C(=O)N[C@@H](CCC(C)(C)F)C(=O)C(=O)NC1CC1)C(C)(C)C,7.58,1,ChEMBL
CHEMBL5573206,CC1(C)C[C@@H](C(=O)N[C@H](C=O)C[C@@H]2CCNC2=O)N(C(=O)c2cc3ccccc3[nH]2)C1,7.58,1,ChEMBL
CHEMBL5571608,O=C[C@H](C[C@@H]1CCNC1=O)NC(=O)[C@@H]1C[C@@H](C2CCCCC2)CN1C(=O)c1cc2ccccc2[nH]1,7.58,1,ChEMBL
CHEMBL5595277,CC1(C)[C@@H]2[C@@H](C(=O)N[C@H](C=O)C[C@@H]3CCNC3=O)N(C(=O)c3cc4ccccc4[nH]3)C[C@@H]21,7.58,1,ChEMBL
CHEMBL5564296,CC1(C)[C@@H]2[C@@H](C(=O)N[C@H](C=O)C[C@@H]3CCNC3=O)N(C(=O)c3cc4c(C#N)cccc4[nH]3)C[C@@H]21,7.58,1,ChEMBL
CHEMBL6163139,CNC[C@@H](Cc1ccc(Cl)cc1)N(C)C(=O)C[C@H]1Cc2ccccc2N1C(=O)c1cncc(C)c1,7.58,1,ChEMBL
CHEMBL5174632,CC(C)(C)[C@H](NC(=O)C(F)(F)F)C(=O)N1C[C@H]2[C@@H]([C@H]1C(=O)N[C@@H](C[C@@H]1CCNC1=O)C(=O)COCc1ccccc1)C2(C)C,7.57,1,ChEMBL
CHEMBL5185801,CC(C)(C)[C@H](NC(=O)C(F)(F)F)C(=O)N1C[C@H]2[C@@H]([C@H]1C(=O)N[C@@H](C[C@@H]1CCNC1=O)C(=O)c1nc3ccccc3s1)C2(C)C,7.57,1,ChEMBL
CHEMBL5555104,O=C(N[C@H]1CCCC[C@H]1Nc1c(C(=O)N2CCOCC2)cc(Br)cc1[N+](=O)[O-])c1cc(=O)[nH]c2c(F)cccc12,7.57,1,ChEMBL
CHEMBL5573701,COc1cccc2[nH]c(C(=O)N3C[C@H]4[C@@H]([C@H]3C(=O)N[C@H](C=O)C[C@@H]3CCNC3=O)C4(C)C)cc12,7.57,1,ChEMBL
CHEMBL5632372,CC(C)[C@@H](NC(=O)C1CCC(F)(F)CC1)C(=O)N[C@H](Cc1ccccc1)C(=O)C(=O)NCc1ccccn1,7.57,1,ChEMBL
CHEMBL6078476,CC1(C)CCCC[C@@H]2C[C@@H](C[C@@H](C#N)NC(=O)[C@@H]3[C@@H]4[C@H](CN3C(=O)[C@H]1NC(=O)OCc1ccccc1)C4(C)C)C(=O)N2,7.57,1,ChEMBL
MAT-POS-bf364d7a-1,CC1(CS(=O)(=O)N2Cc3ccc(Cl)cc3[C@H](C(=O)Nc3cncc4ccccc34)C2)CS(=O)(=O)C1,7.57,1,Moonshot
CHEMBL5190754,CC(C)C[C@H](NC(=O)c1cc2c(F)cccc2[nH]1)C(=O)NN(C[C@@H]1CCNC1=O)C(=O)[C@@H](F)Cl,7.55,1,ChEMBL
CHEMBL1370095,CCN1CCN(c2ccc(N)cc2)CC1,7.55,1,ChEMBL
CHEMBL4867191,O=c1[nH]cc(-c2cc(-c3cc(Cl)c(F)c(OCc4ccccc4Cl)c3)c(=O)n(-c3cccnc3)c2)c(=O)[nH]1,7.55,1,ChEMBL
CHEMBL5441395,Cc1nn(C)cc1-c1cc2c(N[C@H](c3ccc4c(c3)S(=O)(=O)CCC4)C(C)C)ncnc2[nH]1,7.55,1,ChEMBL
CHEMBL5567084,CC(C)(C)C[C@H](NC(=O)OCc1cccnc1)C(=O)N[C@H](C=O)C[C@@H]1CCNC1=O,7.55,1,ChEMBL
CHEMBL5573467,CC(C)(C)C[C@H](NC(=O)N1CC[C@@H]1c1ccccc1)C(=O)N[C@H](C=O)C[C@@H]1CCNC1=O,7.55,1,ChEMBL
CHEMBL5570816,CC(C)Oc1cccc2[nH]c(C(=O)N3C[C@H]4[C@@H]([C@H]3C(=O)N[C@H](C=O)C[C@@H]3CCNC3=O)C4(C)C)cc12,7.55,1,ChEMBL
CHEMBL5398789,CC(C)(C)NC(=O)C(=O)N1C[C@@H]2CCC[C@@H]2[C@H]1C(=O)N[C@@H](C[C@@H]1CCNC1=O)C(=O)COC(F)(F)F,7.54,1,ChEMBL
CHEMBL5427537,CC(C)(C)C[C@H](NC(=O)c1cc2ccccc2[nH]1)C(=O)N[C@H](C=O)C[C@@H]1CCNC1=O,7.54,1,ChEMBL
CHEMBL5563194,CN1CCN(C(=O)c2cc(Br)cc([N+](=O)[O-])c2N[C@@H]2CCC[C@@H]2NC(=O)c2cc(=O)[nH]c3c(F)cccc23)CC1,7.54,1,ChEMBL
CHEMBL5561778,CN1CCN(C(=O)c2cc(C3CC3)cc([N+](=O)[O-])c2N[C@@H]2CCC[C@@H]2NC(=O)c2cc(=O)[nH]c3c(F)cccc23)CC1,7.54,1,ChEMBL
CHEMBL5556847,COc1ccc2[nH]c(=O)cc(C(=O)N[C@H]3CCCC[C@H]3Nc3c(C(=O)N4CCOCC4)cc(Br)cc3[N+](=O)[O-])c2c1,7.54,1,ChEMBL
CHEMBL5590624,C[C@@H](C(=O)N1C[C@H]2[C@@H]([C@H]1C(=O)N[C@H](C=O)C[C@@H]1CCNC1=O)C2(C)C)C1CCCCC1,7.54,1,ChEMBL
CHEMBL5597224,O=C(Oc1cncc(Cl)c1)c1c(F)cccc1F,7.54,1,ChEMBL
CHEMBL6102983,COC(=O)/C=C/[C@H](C[C@@H]1CCNC1=O)NC(=O)[C@@H]1[C@@H]2[C@H](CN1C(=O)[C@@H](NC(=O)C(F)(F)F)C(C)(C)C)C2(C)C,7.54,1,ChEMBL
CHEMBL5201264,CC(C)(C)[C@H](NC(=O)C(F)(F)F)C(=O)N1C[C@H]2[C@@H]([C@H]1C(=O)N[C@H](C#N)C[C@H]1CCNC1=O)C2(C)C,7.54,1,ChEMBL
CHEMBL6147570,CC(C)C[C@@H](C(=O)N1C[C@]2(C[C@H]1C#N)C(=O)Nc1ccccc12)N(C)C(=O)[C@H](C)NC(=O)C(C)C,7.53,1,ChEMBL
CHEMBL510038,Nc1nnc(Sc2ncc([N+](=O)[O-])s2)s1,7.52,1,ChEMBL
CHEMBL3559293,CC(C)C[C@H](NC(=O)OCc1ccccc1)C(=O)N[C@@H](C[C@@H]1CCNC1=O)C(O)S(=O)(=O)O,7.52,1,ChEMBL
CHEMBL5205992,CC(C)C[C@@H](NC(=O)OCc1ccccc1)C(=O)N[C@H](CC1CCNC1=O)C(O)S(=O)(=O)[O-].[Na+],7.52,1,ChEMBL
CHEMBL5177302,COc1ccc(S(=O)(=O)N(CCCCNc2cccc3ccccc23)C[C@H]2O[C@@H](n3cnc4c(N)ncnc43)[C@H](O)[C@@H]2O)cc1[N+](=O)[O-],7.52,1,ChEMBL
CHEMBL1716371,O=c1c2cc(Br)ccc2sn1-c1ccccc1,7.52,1,ChEMBL
CHEMBL5267952,O=C[C@H](C[C@@H]1CCNC1=O)NC(=O)[C@@H]1[C@H]2CCC[C@H]2CN1C(=O)COc1ccc(Cl)c(Cl)c1,7.52,1,ChEMBL
CHEMBL5076204,O=C[C@H](C[C@@H]1CCNC1=O)NC(=O)[C@H](Cc1ccccc1)NC(=O)c1cc2ccccc2[nH]1,7.52,1,ChEMBL
CHEMBL5436771,S=C([S-])NCc1cccnc1.[K+],7.52,1,ChEMBL
CHEMBL5438286,O=C[C@H](C[C@@H]1CCNC1=O)NC(=O)[C@@H]1CC2(CCC2)CN1C(=O)OCc1ccccc1,7.52,1,ChEMBL
CHEMBL5403045,COc1ccc(-c2nc(N)n(C)c2SSc2c(-c3ccc(OC)cc3)nc(N)n2C)cc1.Cl.Cl,7.52,1,ChEMBL
CHEMBL5564222,CN1C(=O)[C@H](Cc2ccccc2)N(C(=O)CNC(=O)c2cccs2)CC2(CC2)COc2c(Cl)cccc2CN1C#N,7.52,1,ChEMBL
CHEMBL5570065,COC(=O)N[C@H](C(=O)N1CC2(CCCCC2)C[C@H]1C(=O)N[C@@H](CCC(C)(F)F)C(=O)C(=O)NCc1ccncc1)C(C)(C)C,7.52,1,ChEMBL
CHEMBL5596543,COc1ccc(F)c(C(=O)Oc2cncc(Cl)c2)c1F,7.52,1,ChEMBL
CHEMBL6162855,Cc1ccc(N2CC3CNCC3C2)cc1C(=O)NC1(c2cccc3ccccc23)CC1,7.52,1,ChEMBL
CHEMBL6133220,Cc1ccc(N2CCNCC2)cc1C(=O)NC1(c2cccc3ccccc23)CC1,7.52,1,ChEMBL
CHEMBL6134572,CC[C@@H](C(=O)Nc1cc(NC2CCNCC2)ccc1C)n1cc(Cl)cc2nc(SCc3ccc(F)cc3)nc1-2,7.52,1,ChEMBL
CHEMBL5596035,CN(CCN(C)c1cccc2c1C(=O)N(C1CCC(=O)NC1=O)C2=O)C(=O)CCC(C)(C)NC(=O)N[C@H](C(=O)N1C[C@H]2[C@@H]([C@H]1C(=O)N[C@H](C=O)C[C@@H]1CCNC1=O)C2(C)C)C(C)(C)C,7.51,1,ChEMBL
CHEMBL5631713,CN(CC(=O)N[C@H](Cc1ccccc1)C(=O)C(=O)NCc1ccccn1)C(=O)C1CCC(F)(F)CC1,7.51,1,ChEMBL
CHEMBL6102833,Cc1cc(=O)oc2cc(NC(=O)[C@H]3O[C@@H](n4cc(C#Cc5cncnc5)c5c(N)ncnc54)[C@H](O)[C@@H]3O)ccc12,7.51,1,ChEMBL
CHEMBL5565472,CN(C(=O)[C@H](Cc1ccccc1)NC(=O)[C@@H](NC(=O)C1CCCC1)C(C)(C)C)N(C#N)Cc1ccc(Cl)cc1,7.5,1,ChEMBL
CHEMBL5568244,COCCC(C=O)NC(=O)[C@H](CC(C)C)NC(=O)[C@H](Cc1ccc(F)cc1)NC(=O)OCc1ccccc1,7.5,1,ChEMBL
CHEMBL5574536,CC(C)(C)CCC(=O)N1C[C@H]2[C@@H]([C@H]1C(=O)N[C@H](C=O)C[C@@H]1CCNC1=O)C2(C)C,7.5,1,ChEMBL
CHEMBL6078406,CC1(C)CNC(=O)[C@@H]2C[C@@H](C[C@@H](C#N)NC(=O)[C@@H]3[C@@H]4[C@H](CN3C(=O)[C@H]1NC(=O)C1CC1)C4(C)C)C(=O)N2,7.5,1,ChEMBL
CHEMBL2365410,CC(C)C[C@H](NC(=O)OCc1ccccc1)C(=O)N[C@@H](CC1CCNC1=O)C(O)S(=O)(=O)O,7.5,2,ChEMBL+Moonshot
CHEMBL5568138,O=C(N[C@H]1CCCC[C@H]1Nc1c(C(=O)N2CCOCC2)cc(Br)cc1[N+](=O)[O-])c1cc(=O)[nH]c2ccccc12,7.49,1,ChEMBL
CHEMBL5618567,N#C[C@@]1(c2ccc3c(NC(=O)c4ccc(Nc5ncccn5)cc4)ncnn23)O[C@H](CO)[C@@H](O)[C@H]1O,7.49,1,ChEMBL
CHEMBL5202077,CC(C)[C@H](NC(=O)OCc1ccccc1)C(=O)N[C@@H](CC1CCCCC1)C(=O)N[C@H](C=O)C[C@@H]1CCNC1=O,7.48,1,ChEMBL
CHEMBL5192585,COc1cccc2[nH]c(C(=O)N[C@@H](CC(C)C)C(=O)N[C@@H](C[C@@H]3CCCNC3=O)C(=O)COC(=O)c3ccncc3)cc12,7.48,1,ChEMBL
CHEMBL5441433,CC(C)[C@@H](Nc1ncnc2[nH]c(-c3cnn(CC(=O)N(C)C)c3)cc12)c1ccc2c(c1)S(=O)(=O)CCC2,7.48,1,ChEMBL
CHEMBL5556558,CN(C(=O)[C@H](Cc1ccccc1)NC(=O)[C@@H](NC(=O)C(F)(F)F)C(C)(C)C)N(C#N)Cc1ccc(Cl)cc1,7.48,1,ChEMBL
CHEMBL5174530,CC(C)C[C@H](NC(=O)OCc1ccccc1)C(=O)NN(Cc1cc[nH]n1)C(=O)CCl,7.47,1,ChEMBL
CHEMBL5205750,O=C(Oc1cncc(Cl)c1)c1cc2cc(Cl)ccc2[nH]1,7.47,1,ChEMBL
CHEMBL5403964,CC(C)(C)NC(=O)C(=O)[C@H](C[C@@H]1CCNC1=O)NC(=O)[C@@H]1[C@H]2CCC[C@H]2CN1C(=O)[C@@H](NC(=O)C(F)(F)F)C1CCCCC1,7.47,1,ChEMBL
CHEMBL5430747,CC(C)C[C@H](NC(=O)C(=O)NC12CC(F)(C1)C2)C(=O)N[C@@H](C[C@@H]1CCNC1=O)C(=O)COC(F)(F)F,7.47,1,ChEMBL
CHEMBL165728,CNC(=O)c1ccc(N)cc1,7.47,1,ChEMBL
CHEMBL5441420,CC(C)[C@@H](Nc1ncnc2[nH]c(-c3cnn(C)c3)cc12)c1ccc2c(c1)S(=O)(=O)CCC2,7.47,1,ChEMBL
CHEMBL5441390,CCNC(=O)c1cc2c(N[C@@H](c3ccc4c(c3)S(=O)(=O)CCC4)C(C)C)ncnc2[nH]1,7.47,1,ChEMBL
CHEMBL5566750,C=CC(=O)N(CCC(N)=O)NC(=O)[C@H](CC(C)C)NC(=O)[C@@H](NC(=O)OCc1ccccc1)[C@@H](C)OC(C)(C)C,7.47,1,ChEMBL
CHEMBL5597247,O=C(Oc1cncc(Br)c1)c1ccc(I)cc1F,7.47,1,ChEMBL
CHEMBL5631284,O=C(CCCc1ccccc1)N[C@H](Cc1ccccc1)C(=O)C(=O)NCc1ccccn1,7.47,1,ChEMBL
CHEMBL6078581,CC1(C)COC(=O)[C@@H]2C[C@@H](C[C@@H](C#N)NC(=O)[C@@H]3[C@@H]4[C@H](CN3C(=O)[C@H]1NC(=O)C(F)(F)F)C4(C)C)C(=O)N2,7.47,1,ChEMBL
CHEMBL4855437,Cc1nnc(SC(=O)c2ccc(-c3ccccc3)o2)s1,7.46,1,ChEMBL
CHEMBL5290856,O=C[C@H](C[C@@H]1CCNC1=O)NC(=O)[C@@H]1[C@H]2CCC[C@H]2CN1C(=O)COc1ccc(Cl)cc1F,7.46,1,ChEMBL
CHEMBL5402318,CC(C)/C=C/C(=O)N1CC2(CC2)C[C@H]1C(=O)N[C@@H](C[C@@H]1CCNC1=O)C(=O)COC(F)(F)F,7.46,1,ChEMBL
CHEMBL5416435,CC(C)C[C@H](NC(=O)C(=O)NCC(F)(F)F)C(=O)N[C@@H](C[C@@H]1CCNC1=O)C(=O)COC(F)(F)F,7.46,1,ChEMBL
CHEMBL5439634,CC(C)C[C@H](NC(=O)c1cc(C(C)(C)F)on1)C(=O)N[C@@H](C[C@@H]1CCNC1=O)C(=O)COC(F)(F)F,7.46,1,ChEMBL
CHEMBL5542936,CN(C(=O)[C@H](Cc1ccccc1)NC(=O)OCc1ccccc1)N(C#N)Cc1cccc(Cl)c1F,7.46,1,ChEMBL
CHEMBL5573202,CC(C)(COCCCCCCOc1cccc2c1C(=O)N(C1CCC(=O)NC1=O)C2=O)NC(=O)N[C@H](C(=O)N1C[C@H]2[C@@H]([C@H]1C(=O)N[C@H](C=O)C[C@@H]1CCNC1=O)C2(C)C)C(C)(C)C,7.46,1,ChEMBL
CHEMBL5597101,O=C(Oc1cncc(Cl)c1)c1ccc(Br)cc1F,7.46,1,ChEMBL
CHEMBL5632349,O=C(CNC(=O)C1CCC(F)(F)CC1)N[C@H](Cc1ccc(Cl)c(Cl)c1)C(=O)C(=O)NCc1ccccn1,7.46,1,ChEMBL
CHEMBL5633317,O=C(NCc1ccccn1)C(=O)[C@@H](Cc1ccccc1)NC(=O)[C@H]1CC(F)(F)CN1C(=O)CC1CCC(F)(F)CC1,7.46,1,ChEMBL
CHEMBL5426319,CC(=O)N1CC2(CC2)C[C@H]1C(=O)N[C@@H](C[C@@H]1CCNC1=O)C(=O)COC(F)(F)F,7.45,1,ChEMBL
CHEMBL5597089,O=C(Oc1cncc(Br)c1)c1ccc(Cl)cc1F,7.45,1,ChEMBL
CHEMBL5203715,CC(C)(C)C[C@H](NC(=O)[C@@H](NC(=O)OCc1ccccc1)C(C)(C)C)C(=O)N[C@H](C=O)C[C@@H]1CCNC1=O,7.44,1,ChEMBL
CHEMBL5278216,COc1ccc(OCC(=O)N2C[C@@H]3CCC[C@@H]3[C@H]2C(=O)N[C@H](C=O)C[C@@H]2CCNC2=O)cc1,7.44,1,ChEMBL
CHEMBL5420351,CC1(C)CC(O)(C(=O)N2CC3(CC3)C[C@H]2C(=O)N[C@@H](C[C@@H]2CCNC2=O)C(=O)COC(F)(F)F)C1,7.44,1,ChEMBL
CHEMBL5542616,O=c1[nH]cc(-c2cc(-c3cc(Cl)cc(COc4c(F)cccc4F)c3)c(=O)n(-c3cccnc3)c2)c(=O)[nH]1,7.44,1,ChEMBL
CHEMBL5559894,O=C(N[C@H]1CCC[C@H]1Nc1c(C(=O)N2CCOCC2)cc(Br)cc1[N+](=O)[O-])c1cc(=O)[nH]c2c(F)cccc12,7.44,1,ChEMBL
CHEMBL5572806,C[C@@H](OC(C)(C)C)[C@H](NC(=O)OCc1cccc(OCCCCCCN(C)CCN(C)c2cccc3c2C(=O)N(C2CCC(=O)NC2=O)C3=O)c1)C(=O)N[C@@H](CC1CCCCC1)C(=O)N[C@H](C=O)C[C@@H]1CCNC1=O,7.44,1,ChEMBL
CHEMBL5564504,C[C@@H](OC(C)(C)C)[C@H](NC(=O)OCc1cn(CCOCCOCCOCCC(=O)Nc2cccc3c2C(=O)N(C2CCC(=O)NC2=O)C3=O)nn1)C(=O)N[C@@H](CC1CCCCC1)C(=O)N[C@H](C=O)C[C@@H]1CCNC1=O,7.44,1,ChEMBL
CHEMBL5276875,CC1(C)[C@@H]2[C@@H](C(=O)N[C@H](C=O)C[C@@H]3CCNC3=O)N(C(=O)OCc3ccccc3)C[C@@H]21,7.43,1,ChEMBL
CHEMBL5568709,N#CC1(CS(=O)(=O)N2Cc3ccc(Cl)cc3[C@H](C(=O)Nc3cncc4ccccc34)C2)CC1,7.43,2,ChEMBL+Moonshot
CHEMBL5286331,COc1ccc(OCC(=O)N2C[C@H]3[C@@H]([C@H]2C(=O)N[C@H](C=O)C[C@@H]2CCNC2=O)C3(C)C)cc1F,7.43,1,ChEMBL
CHEMBL5279748,CC(C)(C)[C@H](NC(=O)C(F)(F)F)C(=O)N1CC2(CC2)C[C@H]1C(=O)N[C@H](C#N)C[C@@H]1CCNC1=O,7.43,1,ChEMBL
CHEMBL5441902,CCNC(=O)c1cc2c(N[C@H](c3ccc4c(c3)NS(=O)(=O)CO4)C(C)C)ncnc2[nH]1,7.43,1,ChEMBL
CHEMBL5555909,O=c1[nH]cc(-c2cc(-c3cc(Cl)cc(OCCc4ccccc4)c3)c(=O)n(-c3cccnc3)c2)c(=O)[nH]1,7.43,1,ChEMBL
CHEMBL5561093,O=c1[nH]cc(-c2cc(-c3cc(Cl)cc(COc4cccc(F)c4)c3)c(=O)n(-c3cccnc3)c2)c(=O)[nH]1,7.43,1,ChEMBL
CHEMBL5562962,Cc1cccc2[nH]c(C(=O)N3C[C@H]4[C@@H]([C@H]3C(=O)N[C@H](C=O)C[C@@H]3CCNC3=O)C4(C)C)cc12,7.43,1,ChEMBL
CHEMBL5597654,O=C(Oc1cncc(Br)c1)c1ccc(Cl)c(Cl)c1,7.43,1,ChEMBL
CHEMBL5633251,O=C(NCc1ccccn1)C(=O)[C@@H](Cc1ccccc1)NC(=O)[C@H]1CC(F)(F)CN1C(=O)[C@@H]1C[C@@H]2[C@H](C1)C2(F)F,7.43,1,ChEMBL
CHEMBL5188698,CCN(C[C@H]1O[C@@H](n2cnc3c(N)ncnc32)[C@H](O)[C@@H]1O)S(=O)(=O)c1ccc(C)c([N+](=O)[O-])c1,7.42,1,ChEMBL
CHEMBL5568382,CN1C(=O)[C@H](Cc2ccccc2)N(C(=O)COc2ccc(Cl)cc2Cl)CCCOc2c(Cl)cccc2CN1C#N,7.42,1,ChEMBL
CHEMBL5597773,O=C(Oc1cncc(Cl)c1)c1cc(F)cc(F)c1,7.42,1,ChEMBL
CHEMBL6165794,CN(C(=O)[C@@H](NC(=O)OC(C)(C)C)C1CC1)[C@@H](CSCc1ccccc1)C(=O)N1C[C@]2(C[C@H]1C#N)C(=O)Nc1ccccc12,7.42,1,ChEMBL
CHEMBL6134603,CNC(=O)[C@H]1Cc2cccc(c2)OC/C=C/c2cccc3c2CC(CC(=O)N1C)N3C(=O)c1cncc2cccnc12,7.42,1,ChEMBL
CHEMBL5437518,O=C[C@H](C[C@@H]1CCNC1=O)NC(=O)[C@@H]1CC2(CC2)CN1C(=O)COc1ccc(Cl)cc1Cl,7.41,1,ChEMBL
CHEMBL5567494,O=C(N[C@H]1CCCC[C@H]1Nc1c(C(=O)N2CCOCC2)cc(Br)cc1[N+](=O)[O-])c1cc(=O)[nH]c2cc(F)ccc12,7.41,1,ChEMBL
CHEMBL5571293,CC(C)(C)C[C@H](NC(=O)[C@@H]1CC[C@@H]1c1ccccc1)C(=O)N[C@H](C=O)C[C@@H]1CCNC1=O,7.41,1,ChEMBL
CHEMBL5592933,C[C@@H](OC(C)(C)C)[C@H](NC(=O)OCc1cccc(OCCCCOc2cccc3c2C(=O)N(C2CCC(=O)NC2=O)C3=O)c1)C(=O)N[C@@H](CC1CCCCC1)C(=O)N[C@H](C=O)C[C@@H]1CCNC1=O,7.41,1,ChEMBL
CHEMBL5598483,O=C(Oc1cncc(Br)c1)c1ccccc1Cl,7.41,1,ChEMBL
CHEMBL6174060,COc1cccc2[nH]c(C(=O)N[C@@H](CC(C)(C)C)C(=O)N[C@@H](C[C@@H]3CCNC3=O)C(=O)c3nc4ccccc4s3)cc12,7.41,1,ChEMBL
EDJ-MED-be9e6f63-3,CS(=O)(=O)Nc1ccc2c(NC(=O)C3CN(S(=O)(=O)CC4(C#N)CC4)Cc4ccc(Cl)cc43)cncc2c1,7.4,2,Moonshot
CHEMBL4764751,O=C[C@H](C[C@@H]1CCNC1=O)NC(=O)[C@H](Cc1cccc(F)c1)NC(=O)c1cc2ccccc2[nH]1,7.4,1,ChEMBL
CHEMBL5187773,O=C[C@@H](C[C@@H]1CCNC1=O)NC(=O)[C@@H](Cc1cccc(F)c1)NC(=O)c1cc2ccccc2[nH]1,7.4,1,ChEMBL
CHEMBL5563980,O=C[C@H](CC1CCNC1=O)NC(=O)[C@H](Cc1cccc(F)c1)NC(=O)c1cc2ccccc2[nH]1,7.4,1,ChEMBL
CHEMBL5567405,CC(C)C[C@H](NC(=O)[C@H](Cc1ccc(F)cc1)NC(=O)OCc1ccccc1)C(=O)NC(C=O)CC1CCCCO1,7.4,1,ChEMBL
CHEMBL5566512,CC(C)C[C@H](NC(=O)[C@H](Cc1ccc(F)cc1)NC(=O)OCc1ccccc1)C(=O)N[C@H](/C=C1\CCOC1=O)C[C@@H]1CCCO1,7.4,1,ChEMBL
CHEMBL5633615,C[C@H](NC(=O)[C@@H](c1cccnc1)N(C(=O)C#CCCl)c1ccc(-c2ccccc2)cc1)c1ccccc1,7.4,1,ChEMBL
CHEMBL6133394,CN(C(=O)[C@@H](NC(=O)C(F)(F)F)C1CC1)[C@@H](CSCc1ccccc1)C(=O)N1C[C@]2(C[C@H]1C#N)C(=O)Nc1ccccc12,7.4,1,ChEMBL
CHEMBL6164496,Cc1ccc(N2CCN(CC(=O)O)CC2)cc1C(=O)NC1(c2cccc3ccccc23)CC1,7.4,1,ChEMBL
CHEMBL5425010,CC1(C)[C@@H]2[C@@H](C(=O)N[C@H](C=O)C[C@@H]3CCNC3=O)N(C(=O)CCC3CCCCC3)C[C@@H]21,7.39,1,ChEMBL
CHEMBL5563321,CNC(=O)c1cc(Br)cc([N+](=O)[O-])c1N[C@@H]1CCCC[C@@H]1NC(=O)c1cc(=O)[nH]c2ccccc12,7.39,1,ChEMBL
CHEMBL5570662,C[C@@H](OC(C)(C)C)[C@H](NC(=O)OCc1cccc(OCCCCCCOc2cccc3c2C(=O)N(C2CCC(=O)NC2=O)C3=O)c1)C(=O)N[C@@H](CC1CCCCC1)C(=O)N[C@H](C=O)C[C@@H]1CCNC1=O,7.39,1,ChEMBL
CHEMBL5571280,CC(C)c1ccc(Cl)c2[nH]c(C(=O)N3C[C@H]4[C@@H]([C@H]3C(=O)N[C@H](C=O)C[C@@H]3CCNC3=O)C4(C)C)cc12,7.39,1,ChEMBL
CHEMBL375451,O=C(Oc1cncc(Cl)c1)c1ccccc1,7.39,1,ChEMBL
CHEMBL5598277,O=C(Oc1cncc(Br)c1)c1ccccc1,7.39,1,ChEMBL
MAT-POS-e69ad64a-2,C=CC(=O)N(C(=O)C1COc2ccc(Cl)cc21)c1cncc2ccccc12,7.38,1,Moonshot
CHEMBL5557407,CN1C(=O)[C@H](Cc2ccccc2)N(C(=O)COc2ccc(Cl)cc2Cl)CCCCOc2ccc(F)cc2CN1C#N,7.38,1,ChEMBL
CHEMBL5633618,CC[C@@H](NC(=O)C1CCC(F)(F)CC1)C(=O)N[C@H](Cc1ccccc1)C(=O)C(=O)NCc1ccccn1,7.38,1,ChEMBL
CHEMBL5419985,CC(C)(C)[C@H](NC(=O)C(F)(F)F)C(=O)N1C[C@@H]2CCC[C@@H]2[C@H]1C(=O)N[C@H](C#N)C[C@@H]1CCNC1=O,7.37,1,ChEMBL
CHEMBL5423178,O=c1[nH]cccc1-c1cn(-c2cc(Cl)cc(OCc3scnc3C(F)(F)F)c2)c(=O)n(-c2cccnc2)c1=O,7.37,1,ChEMBL
CHEMBL6147386,Cc1cc(=O)[nH]c2cc(NC(=O)[C@H]3O[C@@H](n4cc(C#Cc5cncnc5)c5c(N)ncnc54)[C@H](O)[C@@H]3O)ccc12,7.37,1,ChEMBL
CHEMBL6141725,CN(C(=O)[C@@H](NC(=O)C(C)(C)F)C1CC1)[C@@H](CSCc1ccccc1)C(=O)N1C[C@]2(C[C@H]1C#N)C(=O)Nc1ccccc12,7.37,1,ChEMBL
CHEMBL5173858,CCOC(=O)C=C[C@H](C[C@@H]1CCNC1=O)NC(=O)[C@@H]1[C@@H]2[C@H](CN1C(=O)[C@@H](NC(=O)C(F)(F)F)C(C)(C)C)C2(C)C,7.36,1,ChEMBL
CHEMBL5188649,CCN(C[C@H]1O[C@@H](n2cnc3c(N)ncnc32)[C@H](O)[C@@H]1O)S(=O)(=O)c1ccc(OC)c([N+](=O)[O-])c1,7.36,1,ChEMBL
CHEMBL5286326,CC1(C)[C@@H]2[C@@H](C(=O)N[C@H](C=O)C[C@@H]3CCNC3=O)N(C(=O)COc3cccc(C(F)(F)F)c3)C[C@@H]21,7.36,1,ChEMBL
CHEMBL4861071,Cn1cc(-c2cc(-c3cc(Cl)c(F)c(OCc4ccccc4Cl)c3)c(=O)n(-c3cccnc3)c2)c(=O)[nH]c1=O,7.36,1,ChEMBL
CHEMBL5572886,COc1cccc2cc(C(=O)N3C[C@H]4[C@@H]([C@H]3C(=O)N[C@H](C=O)C[C@@H]3CCNC3=O)C4(C)C)[nH]c12,7.36,1,ChEMBL
STE-KUL-d79e3d6a-2,C#CCCCC(=O)N[C@H](C(=O)N[C@H](CC(C)C)C(=O)NN(CCC(N)=O)C(=O)/C=C/C(=O)OC)C(C)(C)C,7.36,1,Moonshot
MAT-POS-b4d6b7fc-2,CNC(=O)CN1CC(C(=O)Nc2cncc3cc(NS(C)(=O)=O)ccc23)c2cc(Cl)ccc2C1=O,7.35,1,Moonshot
CHEMBL5187437,CC(C)(C)OC(=O)N[C@H](C(=O)N1C[C@H]2[C@@H]([C@H]1C(=O)N[C@H](C=O)C[C@@H]1CCNC1=O)C2(C)C)C(C)(C)C,7.35,1,ChEMBL
CHEMBL3427167,CC(C)C[C@H](NC(=O)OCc1ccccc1)C(=O)N[C@@H](C[C@@H]1CCNC1=O)C(=O)C(=O)NC1CC1,7.35,1,ChEMBL
CHEMBL5287345,O=C(N[C@@H](Cc1ccccc1)C(=O)N[C@@H](C[C@@H]1CCNC1=O)C(O)S(=O)(=O)[O-])OCc1ccccc1.[Na+],7.35,1,ChEMBL
CHEMBL138621,NCc1ccc(Br)cc1,7.35,1,ChEMBL
CHEMBL5575126,CC1(C)[C@@H]2[C@@H](C(=O)N[C@H](C=O)C[C@@H]3CCNC3=O)N(C(=O)C3(O)CCCCC3)C[C@@H]21,7.35,1,ChEMBL
CHEMBL5583904,C[C@H](C(=O)N1C[C@H]2[C@@H]([C@H]1C(=O)N[C@H](C=O)C[C@@H]1CCNC1=O)C2(C)C)C1CCCCC1,7.35,1,ChEMBL
CHEMBL5639226,[O-][S+](Cc1cccnc1)c1nnc(-c2ccc(Br)cc2)o1,7.35,1,ChEMBL
CHEMBL5441391,Cn1ncc(-c2cc3c(N[C@@H](c4ccc5c(n4)OCCO5)C(C)(C)C)ncnc3[nH]2)c1C#N,7.34,1,ChEMBL
CHEMBL5565724,CC(C)(C)CC(=O)N1C[C@H]2[C@@H]([C@H]1C(=O)N[C@H](C=O)C[C@@H]1CCNC1=O)C2(C)C,7.34,1,ChEMBL
CHEMBL5596859,O=C(Oc1cncc(Cl)c1)c1ccc(Cl)cc1F,7.34,1,ChEMBL
CHEMBL5633457,O=C(CNC(=O)C1CCC(F)(F)CC1)N[C@H](Cc1ccccc1Cl)C(=O)C(=O)NCc1ccccn1,7.34,1,ChEMBL
CHEMBL5631948,O=C(CNC(=O)C1CCC(F)(F)CC1)N[C@H](Cc1ccc(Cl)cc1Cl)C(=O)C(=O)NCc1ccccn1,7.34,1,ChEMBL
CHEMBL5203900,C[C@@H](OC(C)(C)C)[C@H](NC(=O)OCc1ccccc1)C(=O)N[C@@H](Cc1ccccc1)C(=O)N[C@H](C=O)C[C@@H]1CCNC1=O,7.33,1,ChEMBL
CHEMBL5439916,N#C[C@H](C[C@@H]1CCNC1=O)NC(=O)[C@@H]1[C@H]2CCC[C@H]2CN1C(=O)[C@@H](NC(=O)C(F)(F)F)C1CCCCC1,7.33,1,ChEMBL
CHEMBL5441982,CC(C)[C@@H](Nc1ncnc2[nH]c(-c3cnn(C)c3)cc12)c1ccc2c(c1)S(=O)(=O)CCO2,7.33,1,ChEMBL
CHEMBL5598524,O=C(Oc1cncc(Cl)c1)c1cccc(F)c1,7.33,1,ChEMBL
CHEMBL5590271,N#Cc1ccc(C(=O)Oc2cncc(Cl)c2)c(F)c1,7.33,1,ChEMBL
CHEMBL5633644,O=C(CNC(=O)c1ccc(Cl)cc1)N[C@H](Cc1ccccc1)C(=O)C(=O)NCc1ccccn1,7.33,1,ChEMBL
CHEMBL6148266,CC(C)(C)OC(=O)N[C@H](C(=O)N[C@@H](CSCc1ccccc1)C(=O)N1C[C@]2(C[C@H]1C#N)C(=O)Nc1ccccc12)C1CC1,7.33,1,ChEMBL
MAT-POS-f9802937-8,O=C(Nc1cncc2ccccc12)[C@@H]1CCNc2cc(Cl)c(Cl)cc21,7.32,2,Moonshot
CHEMBL5178276,CC(=O)Nc1ncnc2c1ncn2[C@@H]1O[C@H](CNS(=O)(=O)c2ccc3ccccc3c2)[C@@H](O)[C@H]1O,7.32,1,ChEMBL
CHEMBL5441871,CC(C)[C@@H](Nc1ncnc2[nH]c(-c3ccc(=O)n(C)c3)cc12)c1ccc2c(c1)S(=O)(=O)CCC2,7.32,1,ChEMBL
CHEMBL5558496,CN1C(=O)[C@H](Cc2ccccc2)N(C(=O)COc2ccc(Cl)cc2Cl)CCCCCOc2ccc(F)cc2CN1C#N,7.32,1,ChEMBL
CHEMBL5597157,CCOc1ccc(C(=O)Oc2cncc(Cl)c2)c(F)c1,7.32,1,ChEMBL
CHEMBL5204033,CC(C)(C)C[C@H](NC(=O)C(C)(C)NC(=O)OCc1ccccc1)C(=O)N[C@H](C=O)C[C@@H]1CCNC1=O,7.31,1,ChEMBL
CHEMBL5189649,CC(C)C[C@H](NC(=O)c1cc2c3c(ccc2[nH]1)CCO3)C(=O)N[C@H](C#N)C[C@@H]1CCCNC1=O,7.31,1,ChEMBL
CHEMBL5435470,O=C[C@H](C[C@@H]1CCNC1=O)NC(=O)C1CC2(CCCCC2)CN1C(=O)OCc1ccccc1,7.31,1,ChEMBL
CHEMBL490820,O=C(Oc1cncc(Cl)c1)c1cccc2[nH]ccc12,7.3,3,ChEMBL+Moonshot
EDG-MED-ee636701-1,CNC(=O)CN1C(=O)c2ccc(Cl)cc2C(C(=O)Nc2cncc3cc(S(C)(=O)=O)ccc23)C1C,7.3,1,Moonshot
MAT-POS-c7726e07-8,CS(=O)(=O)Nc1ccc2c(NC(=O)[C@@H]3CN(S(=O)(=O)CC4(C#N)CC4)Cc4ccc(Cl)cc43)cncc2c1,7.3,1,Moonshot
MAT-POS-22373164-2,CCS(=O)(=O)Nc1ccc2c(NC(=O)C3CN(S(=O)(=O)CC4(C#N)CC4)Cc4ccc(Cl)cc43)cncc2c1,7.3,1,Moonshot
MAT-POS-22373164-4,N#CC1(CS(=O)(=O)N2Cc3ccc(Cl)cc3C(C(=O)Nc3cncc4cc(NS(=O)(=O)C5CC5)ccc34)C2)CC1,7.3,1,Moonshot
LUO-POS-868e8996-9,N#CC1(CS(=O)(=O)N2Cc3ccc(Cl)cc3[C@@]3(CC(=O)N(c4cncc5ccccc45)C3=O)C2)CC1,7.3,1,Moonshot
MIK-ENA-5d9157e9-1,N#CC1(CS(=O)(=O)N2Cc3ccc(Cl)cc3[C@@]3(CCN(c4cncc5ccccc45)C3=O)C2)CC1,7.3,1,Moonshot
MAT-POS-e48723dc-2,CNC(=O)C1(N2C[C@@]3(CCN(c4cncc5ccccc45)C3=O)c3cc(Cl)ccc3C2=O)CC1,7.3,1,Moonshot
CHEMBL1356238,[O-][n+]1ccccc1S,7.3,1,ChEMBL
CHEMBL120563,CN(C)C(=S)SSC(=S)N(C)C,7.3,1,ChEMBL
CHEMBL5200851,C[C@H](NC(=O)[C@@H](c1cccnc1)N(C(=O)CCl)c1ccc(-n2cccc2)cc1)c1ccccc1,7.3,1,ChEMBL
CHEMBL222234,O=C(Oc1cncc(Br)c1)c1ccco1,7.3,1,ChEMBL
CHEMBL5409804,CC(C)(C)NC(=O)C(=O)[C@H](C[C@@H]1CCNC1=O)NC(=O)[C@@H]1[C@H]2CCC[C@H]2CN1C(=O)[C@@H](NC(=O)C(F)(F)F)C1CCCC1,7.3,1,ChEMBL
CHEMBL5393918,NCCc1ccc(C(F)F)cc1,7.3,1,ChEMBL
CHEMBL5441430,CNC(=O)c1cc2c(N[C@@H](c3ccc4c(c3)S(=O)(=O)CCC4)C(C)C)ncnc2[nH]1,7.3,1,ChEMBL
CHEMBL5517978,C[C@H](NC(=O)[C@@H](c1cccnc1)N(C(=O)CCl)c1ccc(-c2ccccc2)cc1)c1ccccc1,7.3,1,ChEMBL
CHEMBL5557788,CN(C(=O)[C@H](Cc1ccccc1)NC(=O)[C@@H](NC(=O)C1(F)CC1)C(C)(C)C)N(C#N)Cc1ccc(Cl)cc1,7.3,1,ChEMBL
CHEMBL5596551,O=C(Oc1cncc(Br)c1)c1cccc(Cl)c1,7.3,1,ChEMBL
CHEMBL5633085,C#CC(=O)N(c1ccc(-c2ccccc2)cc1)[C@H](C(=O)N[C@@H](C)c1ccccc1)c1cccnc1,7.3,1,ChEMBL
CHEMBL6141781,CCC(C(=O)Nc1cc(NC2CCNC2)ccc1C)n1cc(Br)cc2nc(SCc3ccc(F)cc3)nc1-2,7.3,1,ChEMBL
CHEMBL6134008,CCC(C(=O)Nc1cc(NC2CCNCC2)ccc1C)n1cc(Br)cc2nc(SCc3ccc(F)cc3)nc1-2,7.3,1,ChEMBL
CHEMBL5276480,O=C[C@H](C[C@@H]1CCNC1=O)NC(=O)[C@@H]1[C@H]2CCC[C@H]2CN1C(=O)OCc1ccccc1,7.29,1,ChEMBL
CHEMBL5287690,CC1(C)[C@@H]2[C@@H](C(=O)N[C@H](C=O)C[C@@H]3CCNC3=O)N(C(=O)COc3ccc(Br)c(Cl)c3)C[C@@H]21,7.29,1,ChEMBL
CHEMBL5441813,CC(C)[C@@H](Nc1ncnc2[nH]c(-c3cnc4n3CCC4)cc12)c1ccc2c(c1)S(=O)(=O)CCC2,7.29,1,ChEMBL
CHEMBL5532217,O=C[C@@H](C[C@H]1CCNC1=O)NC(=O)[C@H]1[C@@H]2CCC[C@@H]2CN1C(=O)OCc1ccccc1,7.29,1,ChEMBL
CHEMBL5565749,CNC(=O)c1cc(Br)cc([N+](=O)[O-])c1N[C@H]1CCC[C@H]1NC(=O)c1cc(=O)[nH]c2ccccc12,7.29,1,ChEMBL
CHEMBL5569928,C[C@@H](OC(C)(C)C)[C@H](NC(=O)OCc1cccc(OCCCCCCCCOc2cccc3c2C(=O)N(C2CCC(=O)NC2=O)C3=O)c1)C(=O)N[C@@H](CC1CCCCC1)C(=O)N[C@H](C=O)C[C@@H]1CCNC1=O,7.29,1,ChEMBL
CHEMBL6164445,CC(=O)/C(C)=C\[C@H](C[C@@H]1CCNC1=O)NC(=O)[C@@H]1[C@@H]2[C@H](CN1C(=O)[C@@H](NC(=O)C(F)(F)F)C(C)(C)C)C2(C)C,7.29,1,ChEMBL
MAT-POS-4223bc15-11,CC1CCN(S(=O)(=O)N2Cc3ccc(Cl)cc3C(C(=O)Nc3cncc4ccccc34)C2)C1,7.29,1,Moonshot
CHEMBL4796938,O=C[C@H](C[C@@H]1CCNC1=O)NC(=O)[C@H](CC1CCCCC1)NC(=O)c1cc2ccccc2[nH]1,7.28,1,ChEMBL
CHEMBL5184946,O=C[C@@H](C[C@@H]1CCNC1=O)NC(=O)[C@@H](CC1CCCCC1)NC(=O)c1cc2ccccc2[nH]1,7.28,1,ChEMBL
CHEMBL5203726,CC(C)C[C@H](NC(=O)[C@@H](NC(=O)c1cc2ccccc2[nH]1)C(C)C)C(=O)N[C@H](C=O)C[C@@H]1CCNC1=O,7.28,1,ChEMBL
CHEMBL5180774,NC(=O)CCN(NC(=O)[C@H](CC1CCCCC1)NC(=O)OCc1ccccc1)C(=O)[C@@H](F)Cl,7.28,1,ChEMBL
CHEMBL5207119,O=C[C@H](C[C@@H]1CCNC1=O)NC(=O)[C@H](CC1CC1)NC(=O)c1cc2ccccc2[nH]1,7.28,1,ChEMBL
CHEMBL5287688,CC1(C)[C@@H]2[C@@H](C(=O)N[C@H](C=O)C[C@@H]3CCNC3=O)N(C(=O)COc3ccc4ccccc4c3)C[C@@H]21,7.28,1,ChEMBL
CHEMBL274497,NCCc1cccc(Cl)c1,7.28,1,ChEMBL
CHEMBL5415290,CC(C)(C)C[C@H](NC(=O)OCc1ccccc1)C(=O)N[C@H](C=O)C[C@@H]1CCNC1=O,7.28,1,ChEMBL
CHEMBL5560356,O=C[C@H](CC1CCNC1=O)NC(=O)[C@H](CC1CCCCC1)NC(=O)c1cc2ccccc2[nH]1,7.28,1,ChEMBL
CHEMBL6150203,CN(C(=O)[C@@H](NC(=O)C(C)(C)F)C1CC1)[C@@H](COCc1ccccc1)C(=O)N1C[C@]2(C[C@H]1C#N)C(=O)Nc1ccccc12,7.28,1,ChEMBL
LUO-POS-9931618f-2,CNC(=O)CN1C[C@@]2(CCN(c3cncc4ccccc34)C2=O)c2cc(Cl)ccc2C1=O,7.28,2,Moonshot
EDJ-MED-015fb6b4-2,CNC(=O)CN1CC(C(=O)Nc2cncc3ccccc23)c2cc(Cl)ccc2C1=O,7.28,2,Moonshot
CHEMBL5173582,CC(C)(C)[C@H](NC(=O)C(F)(F)F)C(=O)N1C[C@H]2[C@@H]([C@H]1C(=O)N[C@H](C=O)C[C@@H]1CCNC1=O)C2(C)C,7.27,1,ChEMBL
CHEMBL5560375,CC1(C)[C@@H]2[C@H]1CN(C(=O)OCc1ccccc1)[C@H]2C(=O)N[C@@H](C=O)C[C@H]1CCNC1=O,7.27,1,ChEMBL
CHEMBL5564834,CC1(C)[C@@H]2[C@@H](C(=O)N[C@H](C=O)C[C@@H]3CCNC3=O)N(C(=O)COc3ccccc3)C[C@@H]21,7.27,1,ChEMBL
CHEMBL5188939,Cc1nnc(SC(=O)c2ccc3cc[nH]c3c2)s1,7.26,1,ChEMBL
CHEMBL490822,O=C(Oc1cncc(Cl)c1)c1cccc2cc[nH]c12,7.26,1,ChEMBL
CHEMBL5283975,CC(C)(C)[C@H](NC(=O)C(F)(F)F)C(=O)N1[C@@H]2CC[C@@H](C2)[C@H]1C(=O)N[C@H](C#N)C[C@@H]1CCNC1=O,7.26,1,ChEMBL
CHEMBL5398458,Cc1cc2nc3s/c(=C/c4ccc(-c5cccc(C(=O)O)c5)o4)c(=O)n3c2cc1C,7.26,1,ChEMBL
CHEMBL5402360,O=c1[nH]cccc1-c1cn(-c2cc(Cl)cc(OCCC(F)(F)F)c2)c(=O)n(-c2cccnc2)c1=O,7.26,1,ChEMBL
CHEMBL451434,O=C(Oc1cncc(Cl)c1)c1cccc(Cl)c1,7.26,1,ChEMBL
CHEMBL5633499,O=C(COc1ccccc1)N[C@H](Cc1ccccc1)C(=O)C(=O)NCc1ccccn1,7.26,1,ChEMBL
CHEMBL5639684,[O-][S+](Cc1cccnc1)c1nnc(-c2cccc(Br)c2)o1,7.26,1,ChEMBL
EDJ-MED-12c4873b-2,CNC(=O)C1(N2CC(C(=O)Nc3cncc4ccccc34)c3cc(Cl)ccc3C2=O)CC1,7.26,3,Moonshot
CHEMBL5185064,CCN(C[C@H]1O[C@@H](n2cnc3c(N)ncnc32)[C@H](O)[C@@H]1O)S(=O)(=O)c1ccc(C)c(Cl)c1,7.25,1,ChEMBL
CHEMBL5278950,O=C(NCCc1cccc(F)c1)[C@@H](c1cncnc1)N(C(=O)[C@H](F)Cl)c1ccc(S(F)(F)(F)(F)F)cc1,7.25,1,ChEMBL
CHEMBL3427168,O=C[C@H](C[C@@H]1CCNC1=O)NC(=O)[C@H](CC1CCCCC1)NC(=O)OCc1ccccc1,7.25,1,ChEMBL
CHEMBL5568626,CC(F)(F)CC[C@H](NC(=O)[C@@H]1CC2(CCCCC2)CN1C(=O)C(O)c1cccc(F)c1)C(=O)C(=O)NC1CC1,7.25,1,ChEMBL
EDJ-MED-4fff0a85-3,CC1(CS(=O)(=O)N2Cc3ccc(Cl)cc3C(C(=O)Nc3cncc4ccccc34)C2)CS(=O)(=O)C1,7.25,1,Moonshot
CHEMBL5180730,COc1cccc2[nH]c(C(=O)N[C@@H](CC(C)C)C(=O)N[C@H](C#N)C[C@@H]3CCNC3=O)cc12,7.24,1,ChEMBL
CHEMBL5441779,CNCc1cc(-c2cc3c(N[C@H](c4ccc5c(c4)S(=O)(=O)CCO5)C(C)C)ncnc3[nH]2)co1,7.24,1,ChEMBL
CHEMBL5560182,CN1C(=O)[C@H](Cc2ccccc2)N(C(=O)COc2ccc(Cl)cc2Cl)CCCOc2ccc(Cl)c(F)c2CN1C#N,7.24,1,ChEMBL
CHEMBL5561679,CNC(=O)c1cc(Br)cc([N+](=O)[O-])c1N[C@@H]1CCCC[C@@H]1NC(=O)c1cc(=O)[nH]c2ccc(F)cc12,7.24,1,ChEMBL
CHEMBL5560324,CNC(=O)c1cc(Br)cc([N+](=O)[O-])c1N[C@@H]1CCCC[C@@H]1NC(=O)c1cc(=O)[nH]c2c(F)cccc12,7.24,1,ChEMBL
CHEMBL5441388,CCNC(=O)c1cc2c(N[C@@H](c3ccc4c(c3)S(=O)(=O)CCO4)C(C)C)ncnc2[nH]1,7.24,1,ChEMBL
CHEMBL5183731,CC(C)(C)[C@H](NC(=O)OCc1ccccc1)C(=O)N1C[C@H]2[C@@H]([C@H]1C(=O)N[C@H](C=O)C[C@@H]1CCNC1=O)C2(C)C,7.23,1,ChEMBL
MAT-POS-4223bc15-12,N#CC1(CS(=O)(=O)N2Cc3ccc(Cl)cc3C(C(=O)Nc3cncc4ccccc34)C2)CCC1,7.22,1,Moonshot
CHEMBL5176166,C[C@@H](OC(C)(C)C)[C@H](NC(=O)OCc1ccccc1)C(=O)N[C@@H](CC1CC1)C(=O)N[C@H](C=O)C[C@@H]1CCNC1=O,7.22,1,ChEMBL
CHEMBL5178763,CC(C)C[C@H](NC(=O)[C@@H](NC(=O)OCc1ccccc1)[C@@H](C)OC(C)(C)C)C(=O)N[C@H](C=O)C[C@@H]1CCNC1=O,7.22,1,ChEMBL
CHEMBL4851462,COc1cccc2[nH]c(C(=O)N[C@@H](CC(C)C)C(=O)N[C@H](C=O)C[C@@H]3CCNC3=O)cc12,7.22,1,ChEMBL
CHEMBL5189565,Cc1nnc(SC(=O)c2cccc3[nH]ccc23)s1,7.22,1,ChEMBL
CHEMBL222840,O=C(Oc1cncc(Cl)c1)c1ccco1,7.22,1,ChEMBL
CHEMBL5411753,CC(C)C[C@H](NC(=O)[C@H]1CCCO1)C(=O)N[C@@H](C[C@@H]1CCNC1=O)C(=O)COC(F)(F)F,7.22,1,ChEMBL
CHEMBL5442054,CC(C)[C@@H](Nc1ncnc2[nH]c(-c3cn[nH]c3)cc12)c1ccc2c(c1)S(=O)(=O)CCC2,7.22,1,ChEMBL
CHEMBL5441829,CC(C)[C@@H](Nc1ncnc2[nH]c(-c3ccc(S(C)(=O)=O)nc3)cc12)c1ccc2c(c1)S(=O)(=O)CCC2,7.22,1,ChEMBL
CHEMBL443692,O=C(Oc1cncc(Cl)c1)c1ccccc1Cl,7.22,1,ChEMBL
CHEMBL5633598,O=C(CNC(=O)C1CCC(F)(F)CC1)N[C@H](Cc1cccc(Cl)c1)C(=O)C(=O)NCc1ccccn1,7.22,1,ChEMBL
CHEMBL6142585,Cc1ccc(OCCN)cc1C(=O)N[C@H](C)c1cc(-c2cccs2)cc(-c2cccs2)c1,7.22,1,ChEMBL
CHEMBL6145641,Cc1ccc(OCCN(C)C)cc1C(=O)N[C@H](C)c1cc(-c2cccs2)cc(-c2cccs2)c1,7.22,1,ChEMBL
CHEMBL6167092,Cc1ccc(OCCN(C)C)cc1C(=O)N[C@H](C)c1cc(-c2cnn(CCN3CCOCC3)c2)cc(-c2cccs2)c1,7.22,1,ChEMBL
MAT-POS-bf364d7a-11,N#CC1(CS(=O)(=O)N2Cc3ccc(Cl)cc3[C@H](C(=O)Nc3cncc4ccccc34)C2)CCS(=O)(=O)CC1,7.21,1,Moonshot
CHEMBL5435017,CN1CCN(c2ccc(N)cc2F)CC1,7.21,1,ChEMBL
CHEMBL522,NCc1ccccc1,7.21,1,ChEMBL
CHEMBL5411560,CCN(C[C@H]1O[C@@H](n2cnc3c(NC)ncnc32)[C@H](O)[C@@H]1O)S(=O)(=O)c1ccc(OC)c(C#N)c1,7.21,1,ChEMBL
MAT-POS-ec6d90b7-6,COc1ccc2cncc(NC(=O)[C@H]3CCNc4cc(Cl)c(Cl)cc43)c2c1,7.21,1,Moonshot
CHEMBL5193390,COc1cccc2[nH]c(C(=O)N[C@@H](CC(C)C)C(=O)N[C@@H](C[C@@H]3CCCNC3=O)C(=O)COC(=O)c3ccccc3)cc12,7.2,1,ChEMBL
CHEMBL222769,O=C(Oc1cncc(Cl)c1)c1ccc(-c2ccc(Cl)cc2)o1,7.2,1,ChEMBL
CHEMBL5441397,CC(C)[C@@H](Nc1ncnc2[nH]c(-c3cnn(C)c3)cc12)c1ccc2c(c1)S(=O)(=O)NCC2,7.2,1,ChEMBL
EDJ-MED-1981ceba-4,N#CC1CN(S(=O)(=O)N2Cc3ccc(Cl)cc3C(C(=O)Nc3cncc4ccccc34)C2)C1,7.19,1,Moonshot
CHEMBL4857345,CC(C)C[C@H](NC(=O)OCc1ccccc1)C(=O)N[C@@H](CC(C)C)C(=O)N[C@@H](C[C@@H]1CCNC1=O)C(=O)C(=O)NC(C)C,7.19,1,ChEMBL
CHEMBL5179259,COc1cccc2[nH]c(C(=O)N[C@@H](CC(C)C)C(=O)N[C@@H](C[C@@H]3CCCNC3=O)C(=O)COC(=O)C(C)(C)C)cc12,7.19,1,ChEMBL
CHEMBL225515,O=C(Oc1cncc(Cl)c1)c1cc2ccccc2[nH]1,7.19,1,ChEMBL
CHEMBL5573215,CC(F)(F)CC[C@H](NC(=O)[C@@H]1CC2(CCCCC2)CN1C(=O)c1cc2ccccc2[nH]1)C(=O)C(=O)NC1CC1,7.19,1,ChEMBL
CHEMBL5565166,C[C@H](C(=O)N1C[C@H]2[C@@H]([C@H]1C(=O)N[C@H](C=O)C[C@@H]1CCNC1=O)C2(C)C)c1ccccc1,7.19,1,ChEMBL
CHEMBL5646373,[O-][S+](Cc1cccnc1)c1nnc(-c2ccccc2Br)o1,7.19,1,ChEMBL
MAT-POS-dd1fff26-2,CC1(CS(=O)(=O)N2Cc3ccc(Cl)cc3[C@H](C(=O)Nc3cncc4ccccc34)C2)CC1,7.19,1,Moonshot
CHEMBL5597502,N=C(N)Nc1ccc(C(=O)Oc2cncc(Cl)c2)cc1,7.18,1,ChEMBL
CHEMBL5631849,C[C@H](NC(=O)C1CCC(F)(F)CC1)C(=O)N[C@H](Cc1ccccc1)C(=O)C(=O)NCc1ccccn1,7.18,1,ChEMBL
MAT-POS-dc2604c4-1,N#CC1(CS(=O)(=O)N2Cc3ccc(Cl)cc3C(C(=O)Nc3cncc4ccccc34)C2)CC1,7.18,1,Moonshot
MAT-POS-2e8b2191-11,CNC(=O)CN1CC(C(=O)Nc2cncc3ccc(NS(C)(=O)=O)cc23)c2cc(Cl)ccc2C1=O,7.18,1,Moonshot
MAT-POS-bf364d7a-8,COC1(CS(=O)(=O)N2Cc3ccc(Cl)cc3[C@H](C(=O)Nc3cncc4ccccc34)C2)CC1,7.17,1,Moonshot
CHEMBL5441414,CC(C)[C@@H](Nc1ncnc2[nH]c(-c3cnn(C)c3C#N)cc12)c1ccc2c(n1)OCCO2,7.17,1,ChEMBL
CHEMBL5441426,CC(C)[C@@H](Nc1ncnc2[nH]c(-c3cncc(S(C)(=O)=O)c3)cc12)c1ccc2c(c1)S(=O)(=O)CCC2,7.17,1,ChEMBL
EDJ-MED-611d11e7-7,COc1ccc2cncc(NC(=O)[C@]3(OC)CCOc4ccc(Cl)cc43)c2c1,7.16,1,Moonshot
CHEMBL5172911,Nc1ncnc2c1ncn2[C@@H]1O[C@H](CNS(=O)(=O)c2ccc3cccnc3c2)[C@@H](O)[C@H]1O,7.16,1,ChEMBL
CHEMBL5274687,COc1ccc(OC(C)C(=O)N2C[C@@H]3CCC[C@@H]3[C@H]2C(=O)N[C@H](C=O)C[C@@H]2CCNC2=O)cc1,7.16,1,ChEMBL
CHEMBL5426970,CC(C)C[C@H](NC(=O)OCC(C)(C)Sc1ccccc1)C(=O)N[C@H](C=O)C[C@@H]1CCNC1=O,7.16,1,ChEMBL
CHEMBL4868443,O=C(N[C@@H](CC1CC1)C(=O)N[C@@H](C[C@@H]1CCNC1=O)C(O)S(=O)(=O)[O-])OCc1cccc(F)c1.[Na+],7.16,1,ChEMBL
CHEMBL5441405,CNCc1cc(-c2cc3c(N[C@@H](c4ccc5c(c4)S(=O)(=O)NCC5)C(C)C)ncnc3[nH]2)co1,7.16,1,ChEMBL
CHEMBL6074614,CC1(C)CNC(=O)[C@@H]2C[C@@H](C[C@@H](C#N)NC(=O)[C@@H]3[C@@H]4[C@H](CN3C(=O)[C@H]1NC(=O)COc1ccc(F)cc1F)C4(C)C)C(=O)N2,7.16,1,ChEMBL
CHEMBL4588797,N#Cc1cn([C@@H]2O[C@H](CSCC[C@H](N)C(=O)O)[C@@H](O)[C@H]2O)c2ncnc(N)c12,7.16,1,ChEMBL
CHEMBL6161455,Cc1ccc(N2CCNC(C)C2)cc1C(=O)NC1(c2cccc3ccccc23)CC1,7.16,1,ChEMBL
CHEMBL6162469,Cc1ccc(OCCN2CCCC2)cc1C(=O)N[C@H](C)c1cc(-c2cccs2)cc(-c2cccs2)c1,7.16,1,ChEMBL
CHEMBL6143888,Cc1ccc(OCCN(C)C)cc1C(=O)N[C@H](C)c1cc(-c2cnn(C)c2)cc(-c2cnn(CC3CCOCC3)c2)c1,7.16,1,ChEMBL
CHEMBL6132945,Cc1ccc(OCCN(C)C)cc1C(=O)N[C@H](C)c1cc(-c2cnn(C)c2)cc(-c2cnn(CC(N)=O)c2)c1,7.16,1,ChEMBL
CHEMBL6134679,Cc1ccc(OCCN(C)C)cc1C(=O)N[C@H](C)c1cc(-c2cnn(CCO)c2)cc(-c2ccc(CN3CCCC3)s2)c1,7.16,1,ChEMBL
CHEMBL6162460,Cc1ccc(OCCN(C)C)cc1C(=O)N[C@H](C)c1cc(-c2cnn(C(F)F)c2)cc(-c2cccs2)c1,7.16,1,ChEMBL
CHEMBL6146709,Cc1ccc(OCCN(C)C)cc1C(=O)N[C@H](C)c1cc(-c2cnn(CC(F)(F)F)c2)cc(-c2cccs2)c1,7.16,1,ChEMBL
CHEMBL6148472,CCC(C(=O)Nc1cc(NC2CNC2)ccc1C)n1cc(Br)cc2nc(SCc3ccc(F)cc3)nc1-2,7.16,1,ChEMBL
CHEMBL6147745,CCC(C(=O)Nc1cc(NC2CCNC2)ccc1C)n1cc(Cl)cc2nc(SCc3ccc(F)cc3)nc1-2,7.16,1,ChEMBL
CHEMBL6148027,CCC(C(=O)Nc1cc(NC2CCNCC2)ccc1C)n1cc(Cl)cc2nc(SCc3ccc(F)cc3)nc1-2,7.16,1,ChEMBL
CHEMBL4852507,C=CCn1ccc2c(C(=O)Oc3cncc(Cl)c3)cccc21,7.16,1,ChEMBL
EDJ-MED-1981ceba-3,COC1CN(S(=O)(=O)N2Cc3ccc(Cl)cc3C(C(=O)Nc3cncc4ccccc34)C2)C1,7.16,1,Moonshot
CHEMBL5612402,CSc1nc2cc3c(cc2n1C(=O)c1ccc(C)c(F)c1)OCO3,7.16,1,ChEMBL
MAT-POS-777f5926-4,N#CC1(CS(=O)(=O)N2Cc3ccc(Cl)cc3[C@H](C(=O)Nc3cncc4ccccc34)C2)CNC1,7.15,1,Moonshot
CHEMBL5195086,COc1cccc2[nH]c(C(=O)N[C@@H](CC(C)C)C(=O)N[C@@H](C[C@@H]3CCCNC3=O)C(=O)COC(=O)c3c(C)nn(C)c3C)cc12,7.15,1,ChEMBL
CHEMBL12722,NCc1cccc(F)c1,7.15,1,ChEMBL
CHEMBL5564582,CC1(c2ccccc2)CC2(C1)NC(=O)N(c1cncc3ccccc13)C2=O,7.15,1,ChEMBL
CHEMBL5561253,Cc1csc(C(=O)N[C@H](C(=O)N[C@@H](Cc2ccccc2)C(=O)N(C)N(C#N)Cc2ccc(Cl)cc2)C(C)(C)C)c1,7.15,1,ChEMBL
CHEMBL5597963,COc1c(Cl)ccc(C(=O)Oc2cncc(Cl)c2)c1F,7.15,1,ChEMBL
CHEMBL5173920,Cc1nnc(SC(=O)c2ccc3[nH]ccc3c2)s1,7.14,1,ChEMBL
CHEMBL5278228,CNC(=O)c1cc(Br)cc([N+](=O)[O-])c1N[C@@H]1CCCC[C@@H]1NC(=O)c1cccc2ccccc12,7.14,1,ChEMBL
CHEMBL5441427,CC(C)(C)[C@@H](Nc1ncnc2[nH]c(-c3cnn(CC(N)=O)c3)cc12)c1ccc2c(n1)OCCO2,7.14,1,ChEMBL
CHEMBL5441396,CC(C)[C@@H](Nc1ncnc2[nH]c(C(=O)N[C@@H]3CCN(C)C3)cc12)c1ccc2c(c1)S(=O)(=O)CCC2,7.14,1,ChEMBL
MAT-POS-b4d6b7fc-1,CNC(=O)CN1Cc2ccc(Cl)cc2C(C(=O)Nc2cncc3cc(NS(C)(=O)=O)ccc23)C1,7.14,1,Moonshot
ALP-POS-ecbed2ba-7,CNC(=O)C1(N2Cc3ccc(Cl)cc3C3(CCN(c4cncc5ccccc45)C3=O)C2)CC1,7.14,4,Moonshot
MAT-POS-bf364d7a-9,N#CC1(CS(=O)(=O)N2Cc3ccc(Cl)cc3[C@H](C(=O)Nc3cncc4ccccc34)C2)CCOCC1,7.13,1,Moonshot
CHEMBL5266355,O=c1c2ccccc2[se]n1Cc1ccco1,7.13,1,ChEMBL
CHEMBL5431050,COc1cccc2[nH]c(C(=O)N[C@@H](CC(C)(C)C)C(=O)N[C@H](C=O)C[C@@H]3CCNC3=O)cc12,7.13,1,ChEMBL
CHEMBL5441896,CC(C)[C@@H](Nc1ncnc2[nH]c(-c3ccn(C)c(=O)c3)cc12)c1ccc2c(c1)S(=O)(=O)CCC2,7.13,1,ChEMBL
CHEMBL6165991,CO[C@@H]1C[C@H](O[C@H]2C[C@](C)(CO)[C@@H]3CC[C@@]4(C)[C@@H]5CC[C@@H]6[C@H](CC(=O)[C@]7(C)C8=COC(N[C@H](C)C(C)C)=N[C@]8(C)[C@@H](O)[C@@H]8O[C@@]687)[C@@]5(C)CC[C@@H]4[C@@]3(C)[C@@H]2O)O[C@H](C)[C@H]1O,7.13,1,ChEMBL
MAT-POS-2e8b2191-12,CNC(=O)CN1CC(C(=O)Nc2cncc3cc(S(C)(=O)=O)ccc23)c2cc(Cl)ccc2C1=O,7.13,2,Moonshot
MAT-POS-50a80394-2,CCC1CN(c2cncc3ccccc23)C(=O)C12CN(S(=O)(=O)CC1(C#N)CC1)Cc1ccc(Cl)cc12,7.13,1,Moonshot
LUO-POS-868e8996-1,CNC(=O)CN1C[C@](C)(C(=O)Nc2cncc3ccccc23)c2cc(Cl)ccc2S1(=O)=O,7.12,4,Moonshot
CHEMBL5203431,CCNC(=O)C(=O)[C@H](C[C@@H]1CCNC1=O)NC(=O)[C@@H]1[C@@H]2[C@H](CN1C(=O)[C@@H](NC(=O)NC(C)(C)C)C(C)(C)C)C2(C)C,7.12,1,ChEMBL
CHEMBL5436463,CC(C)C[C@H](NC(=O)C(=O)Nc1ccccc1F)C(=O)N[C@@H](C[C@@H]1CCNC1=O)C(=O)COC(F)(F)F,7.12,1,ChEMBL
CHEMBL5441387,CC(C)[C@@H](Nc1ncnc2[nH]c(C(=O)N[C@H]3CCN(C)C3)cc12)c1ccc2c(c1)S(=O)(=O)CCC2,7.12,1,ChEMBL
CHEMBL6101937,CC1(C)CNC(=O)[C@@H]2C[C@H](C[C@@H](C#N)NC(=O)[C@@H]3[C@@H]4[C@H](CN3C(=O)[C@H]1NC(=O)C(F)(F)F)C4(C)C)C(=O)N2,7.12,1,ChEMBL
MAT-POS-c7726e07-5,CNC(=O)CN1Cc2ccc(Cl)cc2[C@@]2(CCN(c3cncc4ccccc34)C2=O)C1,7.12,2,Moonshot
CHEMBL5614072,CSc1nc2cc3c(cc2n1C(=O)c1ccc(C)cc1)OCO3,7.12,1,ChEMBL
MAT-POS-bf364d7a-4,O=C(Nc1cncc2ccccc12)[C@H]1CN(S(=O)(=O)CC2CS(=O)(=O)C2)Cc2ccc(Cl)cc21,7.11,1,Moonshot
CHEMBL5169820,CC(C)[C@](C)(NC(=O)OCc1ccccc1)C(=O)N[C@@H](CC(C)(C)C)C(=O)N[C@H](C=O)C[C@@H]1CCNC1=O,7.11,1,ChEMBL
CHEMBL5414443,CC(C)(C)NC(=O)C(=O)[C@H](C[C@@H]1CCNC1=O)NC(=O)[C@@H]1[C@H]2CCC[C@H]2CN1C(=O)[C@@H](NC(=O)C(F)(F)F)C1CC2(CCC2)C1,7.11,1,ChEMBL
CHEMBL5395482,O=C1NC2(CC(c3ccccc3Cl)C2)C(=O)N1c1cncc2ccccc12,7.11,1,ChEMBL
CHEMBL5429989,NCc1ccc(CCO)cc1,7.11,1,ChEMBL
CHEMBL103299,Cc1ccc(CCN)cc1,7.11,1,ChEMBL
CHEMBL5542364,CN(C(=O)[C@H](Cc1ccccc1)NC(=O)c1cc2cc(Cl)ccc2[nH]1)N(C#N)Cc1ccc(Cl)cc1,7.11,1,ChEMBL
CHEMBL5574888,COC(=O)N[C@H](C(=O)N1CC2(CCCCC2)C[C@H]1C(=O)N[C@@H](CCC(C)(F)F)C(=O)C(=O)NC1CCCCC1)C(C)(C)C,7.11,1,ChEMBL
CHEMBL337173,O=C1C(Cl)=C(NCCN2CCOCC2)C(=O)c2ncccc21,7.11,1,ChEMBL
CHEMBL5596420,COc1cccc(C(=O)Oc2cncc(Br)c2)c1OC,7.11,1,ChEMBL
MAT-POS-4223bc15-23,CNC(=O)CN1Cc2ccc(Cl)cc2C(C(=O)Nc2cncc3ccccc23)C1,7.1,1,Moonshot
CHEMBL4303595,O=C1C=Cc2cc(Br)ccc2C1=O,7.1,1,ChEMBL
CHEMBL5188905,CCN(C[C@H]1O[C@@H](n2cnc3c(N)ncnc32)[C@H](O)[C@@H]1O)S(=O)(=O)c1ccc(Br)c([N+](=O)[O-])c1,7.1,1,ChEMBL
CHEMBL5185197,COc1ccc(S(=O)(=O)N(CCCCOC(C)=O)C[C@H]2O[C@@H](n3cnc4c(N)ncnc43)[C@H](O)[C@@H]2O)cc1[N+](=O)[O-],7.1,1,ChEMBL
CHEMBL5281998,C[C@H](NC[C@@H](c1cccnc1)N(C(=O)C(Br)(Br)Br)c1ccc(-c2ccccc2)cc1)c1ccccc1,7.1,1,ChEMBL
CHEMBL4860690,O=C(N[C@@H](CC1CC1)C(=O)N[C@@H](C[C@@H]1CCNC1=O)C(O)S(=O)(=O)[O-])OCCc1cccc(Cl)c1.[Na+],7.1,1,ChEMBL
CHEMBL5401551,C[C@H](NC(=O)[C@@H](c1cccnc1)N(C(=O)C(Br)(Br)Br)c1ccc(-c2ccccc2)cc1)c1ccccc1,7.1,1,ChEMBL
CHEMBL5556988,C[C@@H](NC(=O)[C@H](c1cccnc1)N(C(=O)C(Br)(Br)Br)c1ccc(-c2ccccc2)cc1)c1ccccc1,7.1,1,ChEMBL
CHEMBL5566569,CC(C)C[C@H](NC(=O)[C@H](Cc1ccc(F)cc1)NC(=O)OCc1ccccc1)C(=O)NC(C=O)CC1CCCC1,7.1,1,ChEMBL
CHEMBL5575592,CC1(C)[C@@H]2[C@@H](C(=O)N[C@H](C#N)C[C@@H]3CCNC3=O)N(C(=O)OCc3cccnc3)C[C@@H]21,7.1,1,ChEMBL
CHEMBL6152986,CC(C)(F)C(=O)N[C@H](C(=O)N[C@@H](COCc1ccccc1)C(=O)N1C[C@]2(C[C@H]1C#N)C(=O)Nc1ccccc12)C1CC1,7.1,1,ChEMBL
CHEMBL6150467,Cc1ccc(OCCN(C)C)cc1C(=O)N[C@H](C)c1cc(-c2ccoc2)cc(-c2ccoc2)c1,7.1,1,ChEMBL
CHEMBL6145028,Cc1ccc(OCCN(C)C)cc1C(=O)N[C@H](C)c1cc(-c2ccc(N3CCOCC3)nc2)cc(-c2cnn(C)c2)c1,7.1,1,ChEMBL
CHEMBL6145810,Cc1ccc(OCCN(C)C)cc1C(=O)N[C@H](C)c1cc(-c2cn[nH]c2)cc(-c2cccs2)c1,7.1,1,ChEMBL
CHEMBL6142438,Cc1ccc(OCCN(C)C)cc1C(=O)N[C@H](C)c1cc(-c2cnn(CC(N)=O)c2)cc(-c2cccs2)c1,7.1,1,ChEMBL
CHEMBL6141852,Cc1ccc(OCCN(C)C)cc1C(=O)N[C@H](C)c1cc(-c2cnn(CC3CCOCC3)c2)cc(-c2ccn(C)n2)c1,7.1,1,ChEMBL
CHEMBL6164725,CNC[C@@H](Cc1ccc(Cl)cc1)N(C)C(=O)C[C@H]1CCCN1C(=O)c1cncc2ccccc12,7.1,1,ChEMBL
CHEMBL5175540,CC(C)C[C@H](NC(=O)OCC1CCC(F)(F)CC1)C(=O)N[C@H](C=O)C[C@H]1CCNC1=O,7.1,1,ChEMBL
CHEMBL5426046,CC(C)(C)NC(=O)C(=O)N1C[C@H]2[C@@H]([C@H]1C(=O)N[C@@H](C[C@@H]1CCNC1=O)C(=O)COC(F)(F)F)C2(C)C,7.09,1,ChEMBL
CHEMBL13305,NCc1c(Cl)cccc1Cl,7.09,1,ChEMBL
CHEMBL5562584,CN(C(=O)[C@H](Cc1ccccc1)NC(=O)OCc1ccccc1)N(C#N)Cc1c(F)cc(Br)cc1F,7.09,1,ChEMBL
CHEMBL5565573,CNC(=O)N[C@H](C(=O)N1CC2(CCCCC2)C[C@H]1C(=O)N[C@@H](CCC(C)(F)F)C(=O)C(=O)NC1CC1)C(C)(C)C,7.09,1,ChEMBL
CHEMBL5573583,CC1CC(C(=O)N2C[C@H]3[C@@H]([C@H]2C(=O)N[C@H](C=O)C[C@@H]2CCNC2=O)C3(C)C)C1,7.09,1,ChEMBL
ALP-POS-ecbed2ba-12,O=C(CN1Cc2ccc(Cl)cc2C2(CCN(c3cncc4ccccc34)C2=O)C1)NCC1CC1,7.08,1,Moonshot
CHEMBL4877358,N=C(N/N=C/c1ccccc1O)c1nonc1NCNc1nonc1C(=N)N/N=C/c1ccccc1O,7.08,1,ChEMBL
CHEMBL5426124,O=c1c2c(O)c(O)c(O)cc2nc(-c2ccccc2)n1-c1ccccc1,7.08,1,ChEMBL
MAT-POS-5cd9ea36-15,N#CCNC(=O)CN1Cc2ccc(Cl)cc2C(C(=O)Nc2cncc3ccccc23)C1,7.08,1,Moonshot
MAT-POS-5cd9ea36-5,N#CC1(CS(=O)(=O)N2Cc3ccc(Cl)cc3C(C(=O)Nc3cncc4ccccc34)C2)CCCC1,7.08,1,Moonshot
PET-UNK-29afea89-2,CO[C@@]1(C(=O)Nc2cncc3ccccc23)CCOc2ccc(Cl)cc21,7.08,3,Moonshot
MAT-POS-5cd9ea36-21,CN(CCC#N)S(=O)(=O)N1Cc2ccc(Cl)cc2C(C(=O)Nc2cncc3ccccc23)C1,7.07,1,Moonshot
CHEMBL5441689,CC(C)[C@@H](Nc1ncnc2[nH]c(-c3cnc(N)nc3)cc12)c1ccc2c(c1)S(=O)(=O)CCC2,7.07,1,ChEMBL
CHEMBL5560345,CN(C(=O)[C@H](Cc1ccccc1)NC(=O)OCc1ccccc1)N(C#N)Cc1cccc(Br)c1,7.07,1,ChEMBL
CHEMBL5597314,COc1cccc(C(=O)Oc2cncc(Cl)c2)c1OC,7.07,1,ChEMBL
CHEMBL5596141,O=C(Oc1cncc(Br)c1)c1ccc(Cl)cc1Cl,7.07,1,ChEMBL
CHEMBL5646656,[O-][S+](Cc1cccnc1)c1nnc(-c2ccc(C(F)(F)F)cc2)o1,7.07,1,ChEMBL
CHEMBL5195364,O=c1c2ccccc2[se]n1-c1ccc([N+](=O)[O-])cc1,7.07,1,ChEMBL
CHEMBL5176036,CC(C)C[C@H](NC(=O)OCc1ccccc1)C(=O)NN(Cc1c[nH]cn1)C(=O)CCl,7.06,1,ChEMBL
CHEMBL5207081,Cc1ccnc(SC(=O)c2cc3ccccc3[nH]2)n1,7.06,1,ChEMBL
CHEMBL5190213,COc1cccc2[nH]c(C(=O)N[C@@H](CC(C)C)C(=O)N[C@@H](C[C@@H]3CCCNC3=O)C(=O)COC(=O)C3(C(F)(F)F)CCCCC3)cc12,7.06,1,ChEMBL
CHEMBL5416788,CC(C)(C)[C@H](NC(=O)C(F)(F)F)C(=O)N1C[C@H]2[C@@H]([C@H]1C(=S)N[C@@H](C[C@@H]1CCNC1=O)C(=O)c1nc3c(F)cccc3s1)C2(C)C,7.06,1,ChEMBL
CHEMBL5555320,CN(C(=O)[C@H](Cc1ccccc1)NC(=O)OCc1ccccc1)N(C#N)Cc1cccc(Cl)c1,7.06,1,ChEMBL
CHEMBL5632173,O=C(CCc1ccccc1)N[C@H](Cc1ccccc1)C(=O)C(=O)NCc1ccccn1,7.06,1,ChEMBL
EDJ-MED-7889e8da-6,CS(=O)(=O)c1ccc2c(NC(=O)C3CN(S(=O)(=O)CC4(C#N)CC4)Cc4ccc(Cl)cc43)cncc2c1,7.06,2,Moonshot
ALP-POS-1cbc2fae-2,CCC1(C(=O)Nc2cncc3ccccc23)CNS(=O)(=O)c2ccc(Cl)cc21,7.06,1,Moonshot
CHEMBL5612841,CSc1nc2ccccc2n1C(=O)c1ccc(C)c(F)c1,7.05,1,ChEMBL
CHEMBL5197891,O=C(Sc1nc2ccccc2s1)c1ccc2ccccc2n1,7.05,1,ChEMBL
CHEMBL5419959,CC(C)C[C@H](NC(=O)OCC(C)(C)Sc1ccccc1)C(=O)N[C@@H](C[C@@H]1CCNC1=O)C(O)S(=O)(=O)[O-].[Na+],7.05,1,ChEMBL
CHEMBL5642474,[O-][S+](Cc1cccnc1)c1nnc(-c2ccc(Cl)cc2)o1,7.05,1,ChEMBL
CHEMBL6162657,Cc1ccc(OCCN(C)C)cc1C(=O)N[C@H](C)c1cc(-c2cnn(C)c2)cc(-c2cnn(CCO)c2)c1,7.05,1,ChEMBL
CHEMBL6145467,COCCn1cc(-c2cc(-c3cnn(CC(N)=O)c3)cc([C@@H](C)NC(=O)c3cc(OCCN(C)C)ccc3C)c2)cn1,7.05,1,ChEMBL
CHEMBL6149682,Cc1ccc(OCCN(C)C)cc1C(=O)N[C@H](C)c1cc(-c2ccc(N3CCOCC3)nc2)cc(-c2cccs2)c1,7.05,1,ChEMBL
CHEMBL6162529,Cc1ccc(OCCN(C)C)cc1C(=O)N[C@H](C)c1cc(-c2cccs2)cc(-c2ccc(CN)s2)c1,7.05,1,ChEMBL
CHEMBL6147876,Cc1ccc(OCCN(C)C)cc1C(=O)N[C@H](C)c1cc(-c2cnn(C(F)F)c2)cc(-c2cnn(C3CC3)c2)c1,7.05,1,ChEMBL
CHEMBL6165042,Cc1ccc(OCCN(C)C)cc1C(=O)N[C@H](C)c1cc(-c2cnn(CCO)c2)cc(-c2cnn(C(F)F)c2)c1,7.05,1,ChEMBL
CHEMBL6163434,COCCn1cc(-c2cc(-c3ccn(C)n3)cc([C@@H](C)NC(=O)c3cc(OCCN(C)C)ccc3C)c2)cn1,7.05,1,ChEMBL
CHEMBL6161173,Cc1ccc(OCCN(C)C)cc1C(=O)N[C@H](C)c1cc(-c2cnn(C(F)F)c2)cc(-c2ccn(C)n2)c1,7.05,1,ChEMBL
CHEMBL6149861,CC[C@@H](C(=O)Nc1cc(NC2COC2)ccc1C)n1cc(Br)cc2nc(SCc3ccc(F)cc3)nc1-2,7.05,1,ChEMBL
CHEMBL6144973,CCC(C(=O)Nc1cc(NC2CNC2)ccc1C)n1cc(Cl)cc2nc(SCc3ccc(F)cc3)nc1-2,7.05,1,ChEMBL
MAT-POS-22373164-3,CC(C)S(=O)(=O)Nc1ccc2c(NC(=O)C3CN(S(=O)(=O)CC4(C#N)CC4)Cc4ccc(Cl)cc43)cncc2c1,7.05,1,Moonshot
EDJ-MED-976a33d5-1,CNC(=O)C1(N2CC3(CCN(c4cncc5ccccc45)C3=O)c3cc(Cl)ccc3C2=O)CC1,7.04,3,Moonshot
MAT-POS-5cd9ea36-16,CCN(C)S(=O)(=O)N1Cc2ccc(Cl)cc2C(C(=O)Nc2cncc3ccccc23)C1,7.04,1,Moonshot
CHEMBL5204452,CSc1nnc(SC(=O)c2cc3ccccc3[nH]2)s1,7.04,1,ChEMBL
CHEMBL5598500,O=C(Oc1cncc(Cl)c1)c1ccc(I)cc1,7.04,1,ChEMBL
EDJ-MED-0186a59b-8,CNC(=O)CN1CC(C(=O)Nc2cncc3cccc(Cl)c23)c2cc(Cl)ccc2C1=O,7.04,1,Moonshot
CHEMBL5441419,CC(C)[C@@H](Nc1ncnc2[nH]c(-c3ccc4nnn(C)c4c3)cc12)c1ccc2c(c1)S(=O)(=O)CCC2,7.04,1,ChEMBL
CHEMBL2316746,CC(C)C[C@H](NC(=O)[C@@H](NC(=O)OCc1ccccc1)C(C)C)C(=O)N[C@@H](C[C@@H]1CCNC1=O)C(=O)c1nc2ccccc2s1,7.03,1,ChEMBL
CHEMBL5204399,COC(=O)/C=C/C(=O)NNC(=O)CCc1ccccc1C(=O)N[C@H](C)c1cccc2ccccc12,7.03,1,ChEMBL
CHEMBL5196343,C#CC(=O)NNC(=O)CCc1ccccc1C(=O)N[C@H](C)c1cccc2ccccc12,7.03,1,ChEMBL
CHEMBL5198248,Nc1ncnn2c([C@@H]3O[C@H](CNS(=O)(=O)c4ccc5ccccc5c4)[C@@H](O)[C@H]3O)ccc12,7.03,1,ChEMBL
CHEMBL5197203,COC(=O)/C=C/C(=O)NNC(=O)/C=C/c1ccccc1C(=O)N[C@H](C)c1cccc2ccccc12,7.03,1,ChEMBL
CHEMBL5282049,O=C[C@H](C[C@@H]1CCNC1=O)NC(=O)[C@@H]1[C@H]2CCC[C@H]2CN1C(=O)COc1ccc2c(c1)OCCO2,7.03,1,ChEMBL
CHEMBL5404334,CNC(=O)c1cc(Br)cc([N+](=O)[O-])c1N[C@@H]1CCCC[C@@H]1NC(=O)c1cncc2ccccc12,7.03,1,ChEMBL
CHEMBL5441716,CC(C)[C@@H](Nc1ncnc2[nH]c(-c3cnc(N4CC(O)C4)nc3)cc12)c1ccc2c(c1)S(=O)(=O)CCC2,7.03,1,ChEMBL
CHEMBL5442008,CC(C)[C@@H](Nc1ncnc2[nH]c(-c3ccn4cnnc4c3)cc12)c1ccc2c(c1)S(=O)(=O)CCC2,7.03,1,ChEMBL
CHEMBL5565599,Cn1cc2cc(/N=c3\[nH]c(=O)n(Cc4cnn[nH]4)c(=O)n3Cc3cc(F)c(F)cc3F)c(Cl)cc2n1,7.03,1,ChEMBL
CHEMBL5570352,CC1(C)[C@@H]2[C@@H](C(=O)N[C@H](C=O)C[C@@H]3CCNC3=O)N(C(=O)OC(c3ccc(F)cc3)c3ccc(F)cc3)C[C@@H]21,7.03,1,ChEMBL
CHEMBL6160189,CN(C(=O)[C@@H](NC(=O)C(F)(F)F)C1CC1)[C@@H](CS(=O)(=O)Cc1ccccc1)C(=O)N1C[C@]2(C[C@H]1C#N)C(=O)Nc1ccccc12,7.03,1,ChEMBL
MAT-POS-c7726e07-4,CNC(=O)CN1C[C@@H](C(=O)Nc2cncc3ccc(F)cc23)c2cc(Cl)ccc2C1=O,7.02,1,Moonshot
CHEMBL5206756,CNC(=O)Cn1c(=O)[nH]/c(=N\c2cc3cn(C)nc3cc2Cl)n(Cc2cc(F)c(F)c(F)c2)c1=O,7.02,1,ChEMBL
CHEMBL5574995,CC1(C)[C@@H]2[C@@H](C(=O)N[C@H](C=O)C[C@@H]3CCNC3=O)N(C(=O)OC(c3ccccc3)c3ccccc3)C[C@@H]21,7.02,1,ChEMBL
CHEMBL5596425,O=C(Oc1cncc(Cl)c1)c1ccc(Cl)c(Cl)c1,7.02,1,ChEMBL
CHEMBL5597641,O=C(Oc1cncc(Br)c1)c1ccc(Cl)cc1,7.02,1,ChEMBL
CHEMBL5591027,COc1ccc(C(=O)Oc2cncc(Br)c2)cc1,7.02,1,ChEMBL
CHEMBL6149300,O=C(/C=C/c1c(Cl)c(O)c(O)c(O)c1Cl)c1ccco1,7.02,1,ChEMBL
ALP-POS-c56c1477-4,CC1(C(=O)Nc2cncc3ccccc23)CN(S(=O)(=O)CC2(C#N)CC2)Cc2ccc(Cl)cc21,7.02,2,Moonshot
MIK-ENA-5d9157e9-4,CNC(=O)CN1C[C@H](C(=O)Nc2cncc3cccc(Cl)c23)c2cc(Cl)ccc2C1=O,7.02,1,Moonshot
MAT-POS-c7726e07-3,CNC(=O)CN1C[C@H](C(=O)Nc2cncc3ccc(F)cc23)c2cc(Cl)ccc2C1=O,7.02,1,Moonshot
MAT-POS-806462de-2,C[C@]1(C(=O)Nc2cncc3ccccc23)CNS(=O)(=O)c2ccc(Cl)cc21,7.01,1,Moonshot
RAL-THA-a9c31980-6,O=C(CN1CC(C(=O)Nc2cncc3ccccc23)c2cc(Cl)ccc2C1=O)NCC1CC1,7.01,1,Moonshot
PET-UNK-af70882d-1,CC(C)(C#N)CS(=O)(=O)N1Cc2ccc(Cl)cc2[C@H](C(=O)Nc2cncc3ccccc23)C1,7.01,2,Moonshot
CHEMBL5207867,C[C@@H](OC(C)(C)C)[C@H](NC(=O)NC(C)(C)C)C(=O)N[C@@H](CC1CCCCC1)C(=O)N[C@H](C=O)C[C@@H]1CCNC1=O,7.01,1,ChEMBL
CHEMBL5396546,CC(=O)Oc1cccc(COC(=O)N[C@@H](CC2CCCCC2)C(=O)N[C@H](C=O)C[C@@H]2CCNC2=O)c1,7.01,1,ChEMBL
CHEMBL5441404,CC(C)[C@H](Nc1ncnc2[nH]c(-c3cnn(C)c3C#N)cc12)c1ccc2c(n1)NC(=O)CO2,7.01,1,ChEMBL
CHEMBL6151105,CC(C)(F)C(=O)N[C@H](C(=O)N[C@@H](CSCc1ccccc1)C(=O)N1C[C@]2(C[C@H]1C#N)C(=O)Nc1ccccc12)C1CC1,7.01,1,ChEMBL
MAT-POS-5cd9ea36-10,CC1(CS(=O)(=O)N2Cc3ccc(Cl)cc3C(C(=O)Nc3cncc4ccccc34)C2)CC1,7.01,1,Moonshot
CHEMBL505670,O=[N+]([O-])c1ccc(Sc2cccc[n+]2[O-])c2nonc12,7.0,1,ChEMBL
CHEMBL5192363,Cn1cc2cc(Nc3nc(=O)n(Cc4cc(Cl)ccn4)c(=O)n3Cc3cc(F)c(F)cc3F)c(Cl)cc2n1,7.0,1,ChEMBL
CHEMBL5181744,COc1cccc2[nH]c(C(=O)N3C[C@@H]4CCC[C@@H]4[C@H]3C(=O)N[C@@H](C[C@@H]3CCNC3=O)C(=O)COC(=O)c3c(Cl)cccc3Cl)cc12,7.0,1,ChEMBL
CHEMBL5178854,COc1cccc2[nH]c(C(=O)N3C[C@@H]4CCC[C@@H]4[C@H]3C(=O)N[C@H](C=O)C[C@@H]3CCNC3=O)cc12,7.0,1,ChEMBL
CHEMBL5175257,COc1cccc2[nH]c(C(=O)N3C[C@@H]4CCC[C@@H]4[C@H]3C(=O)N[C@@H](C[C@@H]3CCNC3=O)C(=O)C(=O)NC3CCCCC3)cc12,7.0,1,ChEMBL
CHEMBL5188495,CC1(C)[C@@H]2[C@@H](C(=O)N[C@H](C#N)C[C@@H]3CCNC3=O)N(C(=O)c3cc4c(OC(F)F)cccc4[nH]3)C[C@@H]21,7.0,1,ChEMBL
CHEMBL5178656,CC(=O)N[C@H](C(=O)N1C[C@H]2[C@@H]([C@H]1C(=O)N[C@H](C#N)C[C@@H]1CCNC1=O)C2(C)C)C(C)(C)C,7.0,1,ChEMBL
CHEMBL5188869,CCC(=O)N[C@H](C(=O)N1C[C@H]2[C@@H]([C@H]1C(=O)N[C@H](C#N)C[C@@H]1CCNC1=O)C2(C)C)C(C)(C)C,7.0,1,ChEMBL
CHEMBL5170545,CC(C)C(=O)N[C@H](C(=O)N1C[C@H]2[C@@H]([C@H]1C(=O)N[C@H](C#N)C[C@@H]1CCNC1=O)C2(C)C)C(C)(C)C,7.0,1,ChEMBL
CHEMBL5202626,CC(C)(C)C(=O)N[C@H](C(=O)N1C[C@H]2[C@@H]([C@H]1C(=O)N[C@H](C#N)C[C@@H]1CCNC1=O)C2(C)C)C(C)(C)C,7.0,1,ChEMBL
CHEMBL5200445,CC(C)(C)[C@H](NC(=O)C1CCCCC1)C(=O)N1C[C@H]2[C@@H]([C@H]1C(=O)N[C@H](C#N)C[C@@H]1CCNC1=O)C2(C)C,7.0,1,ChEMBL
CHEMBL5173561,CC(C)(C)[C@H](NC(=O)Cc1ccccc1)C(=O)N1C[C@H]2[C@@H]([C@H]1C(=O)N[C@H](C#N)C[C@@H]1CCNC1=O)C2(C)C,7.0,1,ChEMBL
CHEMBL5177598,CCN(C[C@H]1O[C@@H](n2cnc3c(N)ncnc32)[C@H](O)[C@@H]1O)S(=O)(=O)c1ccc(Cl)c(Cl)c1,7.0,1,ChEMBL
CHEMBL5218995,CC(C)C[C@H](NC(=O)OCC1CC2CCC1C2)C(=O)N[C@@H](C[C@H]1CCNC1=O)C(O)S(=O)(=O)[O-].[Na+],7.0,1,ChEMBL
CHEMBL5406059,Cc1cc(-n2c(CC(C)C)nc3cc(O)c(O)c(O)c3c2=O)ccc1F,7.0,1,ChEMBL
CHEMBL478401,O=C[C@H](C[C@@H]1CCNC1=O)NC(=O)[C@H](Cc1ccccc1)NC(=O)OCc1ccccc1,7.0,1,ChEMBL
CHEMBL5420763,O=c1[nH]cccc1-c1cn(-c2cc(Cl)cc(OCC3CC3)c2)c(=O)n(-c2cccnc2)c1=O,7.0,1,ChEMBL
CHEMBL5441473,CC(C)[C@@H](Nc1ncnc2[nH]c(-c3ccc(S(=O)(=O)NCCO)cc3)cc12)c1ccc2c(c1)S(=O)(=O)CCC2,7.0,1,ChEMBL
CHEMBL5559272,CC(c1nc(-c2cc(NCc3ccc(C(=O)O)s3)cc(C(F)(F)F)c2)no1)c1cccc2ccccc12,7.0,1,ChEMBL
CHEMBL5550054,Cc1ccc(-c2noc(C(C)c3cccc4ccccc34)n2)cc1NCc1ccc(C(=O)O)s1,7.0,1,ChEMBL
CHEMBL449782,COc1ccc2cc1Oc1ccc(cc1)C[C@H]1c3c(cc4c(c3Oc3cc5c(cc3OC)CCN(C)[C@@H]5C2)OCO4)CCN1C,7.0,1,ChEMBL
CHEMBL5560749,CC(C)[C@H]1C(=O)N2C[C@]3(C[C@H]2C#N)C(=O)Nc2ccc(cc23)CCCCCN1C(=O)C1CN(c2ccccc2)N=N1,7.0,1,ChEMBL
CHEMBL5556787,N#C[C@@H]1C[C@]23CN1C(=O)[C@H](c1ccccc1)N(C(=O)C1CN(c4ccc(F)cc4)N=N1)CCCCCc1ccc(c2c1)NC3=O,7.0,1,ChEMBL
CHEMBL5556319,CCC[C@H]1C(=O)N2C[C@]3(C[C@H]2C#N)C(=O)Nc2ccc(cc23)CCCCCN1C(=O)c1cc2c(F)cc(F)c(F)c2[nH]1,7.0,1,ChEMBL
CHEMBL5558699,CC(C)[C@H]1C(=O)N2C[C@]3(C[C@H]2C#N)C(=O)Nc2ccc(cc23)CCCCCN1C(=O)c1cc2c(F)cc(F)cc2[nH]1,7.0,1,ChEMBL
CHEMBL5560937,CC(C)[C@H]1C(=O)N2C[C@]3(C[C@H]2C#N)C(=O)Nc2ccc(cc23)CCCCCN1C(=O)c1cc2ccc(C(F)(F)F)cc2[nH]1,7.0,1,ChEMBL
CHEMBL5556394,CC(C)[C@H]1C(=O)N2C[C@]3(C[C@H]2C#N)C(=O)Nc2ccc(cc23)CCCCCN1C(=O)c1cc2c(F)cc(F)c(F)c2[nH]1,7.0,1,ChEMBL
CHEMBL5562231,Cc1ccccc1OCc1cc(Cl)cc(-c2cc(-c3c[nH]c(=O)[nH]c3=O)cn(-c3cccnc3)c2=O)c1,7.0,1,ChEMBL
CHEMBL5563062,Cn1cc2cc(/N=c3\[nH]c(=O)n(Cc4cn(CCC(=O)Nc5cccc6c5C(=O)N(C5CCC(=O)NC5=O)C6=O)nn4)c(=O)n3Cc3cc(F)c(F)cc3F)c(Cl)cc2n1,7.0,1,ChEMBL
CHEMBL5559064,Cn1cc2cc(/N=c3\[nH]c(=O)n(Cc4cn(CCCC(=O)Nc5cccc6c5C(=O)N(C5CCC(=O)NC5=O)C6=O)nn4)c(=O)n3Cc3cc(F)c(F)cc3F)c(Cl)cc2n1,7.0,1,ChEMBL
CHEMBL5557061,Cn1cc2cc(/N=c3\[nH]c(=O)n(Cc4cn(CCCCC(=O)Nc5cccc6c5C(=O)N(C5CCC(=O)NC5=O)C6=O)nn4)c(=O)n3Cc3cc(F)c(F)cc3F)c(Cl)cc2n1,7.0,1,ChEMBL
CHEMBL5560675,Cn1cc2cc(/N=c3\[nH]c(=O)n(Cc4cn(CCCCCC(=O)Nc5cccc6c5C(=O)N(C5CCC(=O)NC5=O)C6=O)nn4)c(=O)n3Cc3cc(F)c(F)cc3F)c(Cl)cc2n1,7.0,1,ChEMBL
CHEMBL5556057,Cn1cc2cc(/N=c3\[nH]c(=O)n(Cc4cn(CCCCCCC(=O)Nc5cccc6c5C(=O)N(C5CCC(=O)NC5=O)C6=O)nn4)c(=O)n3Cc3cc(F)c(F)cc3F)c(Cl)cc2n1,7.0,1,ChEMBL
CHEMBL5562311,Cn1cc2cc(/N=c3\[nH]c(=O)n(Cc4cn(CCCCCCCC(=O)Nc5cccc6c5C(=O)N(C5CCC(=O)NC5=O)C6=O)nn4)c(=O)n3Cc3cc(F)c(F)cc3F)c(Cl)cc2n1,7.0,1,ChEMBL
CHEMBL5558922,Cn1cc2cc(/N=c3\[nH]c(=O)n(Cc4cn(CCOCC(=O)Nc5cccc6c5C(=O)N(C5CCC(=O)NC5=O)C6=O)nn4)c(=O)n3Cc3cc(F)c(F)cc3F)c(Cl)cc2n1,7.0,1,ChEMBL
CHEMBL5555021,Cn1cc2cc(/N=c3\[nH]c(=O)n(Cc4cn(CCOCCOCC(=O)Nc5cccc6c5C(=O)N(C5CCC(=O)NC5=O)C6=O)nn4)c(=O)n3Cc3cc(F)c(F)cc3F)c(Cl)cc2n1,7.0,1,ChEMBL
CHEMBL5517932,Cn1cc2cc(/N=c3\[nH]c(=O)n(Cc4cn(CCOCCOCCOCC(=O)Nc5cccc6c5C(=O)N(C5CCC(=O)NC5=O)C6=O)nn4)c(=O)n3Cc3cc(F)c(F)cc3F)c(Cl)cc2n1,7.0,1,ChEMBL
CHEMBL5560537,Cn1cc2cc(/N=c3\[nH]c(=O)n(Cc4cn(CCC(=O)Nc5cccc6c5C(=O)N(C5CCC(=O)NC5=O)C6)nn4)c(=O)n3Cc3cc(F)c(F)cc3F)c(Cl)cc2n1,7.0,1,ChEMBL
CHEMBL5555030,Cn1cc2cc(/N=c3\[nH]c(=O)n(Cc4cn(CCCC(=O)Nc5cccc6c5C(=O)N(C5CCC(=O)NC5=O)C6)nn4)c(=O)n3Cc3cc(F)c(F)cc3F)c(Cl)cc2n1,7.0,1,ChEMBL
CHEMBL5517912,Cn1cc2cc(/N=c3\[nH]c(=O)n(Cc4cn(CCCCC(=O)Nc5cccc6c5C(=O)N(C5CCC(=O)NC5=O)C6)nn4)c(=O)n3Cc3cc(F)c(F)cc3F)c(Cl)cc2n1,7.0,1,ChEMBL
CHEMBL5542620,Cn1cc2cc(/N=c3\[nH]c(=O)n(Cc4cn(CCCCCC(=O)Nc5cccc6c5C(=O)N(C5CCC(=O)NC5=O)C6)nn4)c(=O)n3Cc3cc(F)c(F)cc3F)c(Cl)cc2n1,7.0,1,ChEMBL
CHEMBL5542639,Cn1cc2cc(/N=c3\[nH]c(=O)n(Cc4cn(CCCCCCC(=O)Nc5cccc6c5C(=O)N(C5CCC(=O)NC5=O)C6)nn4)c(=O)n3Cc3cc(F)c(F)cc3F)c(Cl)cc2n1,7.0,1,ChEMBL
CHEMBL5565024,Cn1cc2cc(/N=c3\[nH]c(=O)n(Cc4cn(CCCCCCCC(=O)Nc5cccc6c5C(=O)N(C5CCC(=O)NC5=O)C6)nn4)c(=O)n3Cc3cc(F)c(F)cc3F)c(Cl)cc2n1,7.0,1,ChEMBL
CHEMBL5532034,Cn1cc2cc(/N=c3\[nH]c(=O)n(Cc4cn(CCOCC(=O)Nc5cccc6c5C(=O)N(C5CCC(=O)NC5=O)C6)nn4)c(=O)n3Cc3cc(F)c(F)cc3F)c(Cl)cc2n1,7.0,1,ChEMBL
CHEMBL5556407,Cn1cc2cc(/N=c3\[nH]c(=O)n(Cc4cn(CCOCCOCC(=O)Nc5cccc6c5C(=O)N(C5CCC(=O)NC5=O)C6)nn4)c(=O)n3Cc3cc(F)c(F)cc3F)c(Cl)cc2n1,7.0,1,ChEMBL
CHEMBL5556937,Cn1cc2cc(/N=c3\[nH]c(=O)n(Cc4cn(CCOCCOCCOCC(=O)Nc5cccc6c5C(=O)N(C5CCC(=O)NC5=O)C6)nn4)c(=O)n3Cc3cc(F)c(F)cc3F)c(Cl)cc2n1,7.0,1,ChEMBL
CHEMBL5555469,CC(C)C[C@H](NC(=O)OC[C@@H]1CCC(=O)N1Cc1cccc(Cl)c1)C(=O)N[C@@H](C[C@@H]1CCNC1=O)C(O)S(=O)(=O)[O-].[Na+],7.0,1,ChEMBL
CHEMBL5593819,O=C[C@H](C[C@@H]1CCNC1=O)NC(=O)[C@@H]1CC(F)(F)CN1C(=O)c1cc2ccccc2[nH]1,7.0,1,ChEMBL
CHEMBL5612270,CSc1nc2cc(F)ccc2n1C(=O)c1ccc(C)c(F)c1,7.0,1,ChEMBL
CHEMBL5862829,CC(C)C[C@@H](C(=O)N1C[C@]2(C[C@H]1C#N)C(=O)Nc1ccccc12)N(C)C(=O)[C@H](Cc1ccc(F)cc1)NC(=O)OCc1ccccc1,7.0,1,ChEMBL
CHEMBL6042228,CC(C)C[C@@H](C(=O)N1C[C@]2(C[C@H]1NC=O)C(=O)Nc1ccccc12)N(C)C(=O)[C@H](Cc1ccc(F)cc1)NC(=O)OCc1ccccc1,7.0,1,ChEMBL
CHEMBL5855235,COC(=O)N[C@@H](Cc1ccc(F)cc1)C(=O)N(C)[C@@H](CC(C)C)C(=O)N1C[C@]2(C[C@H]1C#N)C(=O)Nc1ccccc12,7.0,1,ChEMBL
CHEMBL6042269,Cc1cc(C(=O)N[C@@H](Cc2ccc(F)cc2)C(=O)N(C)[C@@H](CC(C)C)C(=O)N2C[C@]3(C[C@H]2NC=O)C(=O)Nc2ccccc23)no1,7.0,1,ChEMBL
CHEMBL5965435,CN(C(=O)[C@H](Cc1ccc(F)cc1)NC(=O)OCc1ccccc1)[C@@H](CC(C)(C)C)C(=O)N1C[C@]2(C[C@H]1C#N)C(=O)Nc1ccccc12,7.0,1,ChEMBL
CHEMBL5898441,CN(C(=O)[C@H](Cc1ccc(F)cc1)NC(=O)c1cc2c(F)cc(F)c(F)c2[nH]1)[C@@H](CC(C)(C)C)C(=O)N1C[C@]2(C[C@H]1C#N)C(=O)Nc1ccccc12,7.0,1,ChEMBL
CHEMBL5816712,CN(C(=O)[C@H](Cc1ccc(F)cc1)NC(=O)NC1CC1)[C@@H](CC(C)(C)C)C(=O)N1C[C@]2(C[C@H]1C#N)C(=O)Nc1ccccc12,7.0,1,ChEMBL
CHEMBL5973582,CN(C(=O)[C@H](Cc1ccc(F)cc1)n1cc(C2CC2)nn1)[C@@H](CC(C)(C)C)C(=O)N1C[C@]2(C[C@H]1C#N)C(=O)Nc1ccccc12,7.0,1,ChEMBL
CHEMBL6008945,CC(C)C[C@@H](C(=O)N1C[C@]2(C[C@H]1C#N)C(=O)Nc1ccccc12)N(C)C(=O)[C@@H](NC(=O)OCc1ccccc1)C(C)(C)C,7.0,1,ChEMBL
CHEMBL5962078,CC(C)C[C@@H](C(=O)N1C[C@]2(C[C@H]1C#N)C(=O)Nc1ccccc12)N(C)C(=O)[C@@H](NC(=O)C(F)(F)F)C(C)(C)C,7.0,1,ChEMBL
CHEMBL5761696,COC(=O)N[C@H](C(=O)N(C)[C@@H](CC(C)C)C(=O)N1C[C@]2(C[C@H]1C#N)C(=O)Nc1ccccc12)C(C)(C)C,7.0,1,ChEMBL
CHEMBL5963314,CC(C)C[C@@H](C(=O)N1C[C@]2(C[C@H]1C#N)C(=O)Nc1ccccc12)N(C)C(=O)[C@H](CC1CC1)NC(=O)OCc1ccccc1,7.0,1,ChEMBL
CHEMBL5848009,CC(C)C[C@@H](C(=O)N1C[C@]2(C[C@H]1C#N)C(=O)Nc1ccccc12)N(C)C(=O)[C@H](CC1CC1)NC(=O)C(F)(F)F,7.0,1,ChEMBL
CHEMBL6048233,COC(=O)N[C@@H](CC1CC1)C(=O)N(C)[C@@H](CC(C)C)C(=O)N1C[C@]2(C[C@H]1C#N)C(=O)Nc1ccccc12,7.0,1,ChEMBL
CHEMBL6054503,CC(C)C[C@@H](C(=O)N1C[C@]2(C[C@H]1C#N)C(=O)Nc1ccccc12)N(C)C(=O)[C@H](CC1CC1)NC(=O)c1ccc(F)cc1,7.0,1,ChEMBL
CHEMBL5770217,CC(C)C[C@@H](C(=O)N1C[C@]2(C[C@H]1C#N)C(=O)Nc1ccccc12)N(C)C(=O)[C@H](Cc1ccc(F)cc1)NC(=O)c1cnccn1,7.0,1,ChEMBL
CHEMBL5944564,CC(C)C[C@@H](C(=O)N1C[C@]2(C[C@H]1C#N)C(=O)Nc1ccccc12)N(C)C(=O)[C@H](Cc1ccc(F)cc1)NC(=O)c1ccn(C)n1,7.0,1,ChEMBL
CHEMBL5991474,CC(C)C[C@@H](C(=O)N1C[C@]2(C[C@H]1C#N)C(=O)Nc1ccccc12)N(C)C(=O)[C@@H](NC(=O)OCc1ccccc1)C1CCCCC1,7.0,1,ChEMBL
CHEMBL6025647,CC(C)C[C@@H](C(=O)N1C[C@]2(C[C@H]1C#N)C(=O)Nc1ccccc12)N(C)C(=O)[C@@H](NC(=O)C(F)(F)F)C1CCCCC1,7.0,1,ChEMBL
CHEMBL5996909,CC(C)C[C@@H](C(=O)N1C[C@]2(C[C@H]1C#N)C(=O)Nc1ccccc12)N(C)C(=O)C(NC(=O)OCc1ccccc1)c1ccccc1,7.0,1,ChEMBL
CHEMBL5875956,COC(=O)N[C@H](C(=O)N(C)[C@@H](CC(C)C)C(=O)N1C[C@]2(C[C@H]1C#N)C(=O)Nc1ccccc12)C1CCCCC1,7.0,1,ChEMBL
CHEMBL5991215,CC(C)C[C@@H](C(=O)N1C[C@]2(C[C@H]1C#N)C(=O)Nc1ccccc12)N(C)C(=O)[C@H](CC1CCC1)NC(=O)OCc1ccccc1,7.0,1,ChEMBL
CHEMBL6021389,CC(C)C[C@@H](C(=O)N1C[C@]2(C[C@H]1C#N)C(=O)Nc1ccccc12)N(C)C(=O)[C@H](CC(C)(C)C)NC(=O)OCc1ccccc1,7.0,1,ChEMBL
CHEMBL5776839,CC(C)C[C@@H](C(=O)N1C[C@]2(C[C@H]1C#N)C(=O)Nc1ccccc12)N(C)C(=O)[C@H](CC(C)(C)C)NC(=O)C(F)(F)F,7.0,1,ChEMBL
CHEMBL5917231,CC(C)C[C@@H](C(=O)N1C[C@]2(C[C@H]1C#N)C(=O)Nc1ccccc12)N(C)C(=O)[C@H](CC1CCC1)NC(=O)C(F)(F)F,7.0,1,ChEMBL
CHEMBL5840087,CN(C(=O)[C@@H](NC(=O)OCc1ccccc1)C(C)(C)C)[C@@H](Cc1ccccc1)C(=O)N1C[C@]2(C[C@H]1C#N)C(=O)Nc1ccccc12,7.0,1,ChEMBL
CHEMBL6046000,CN(C(=O)[C@@H](N)C(C)(C)C)[C@@H](Cc1ccccc1)C(=O)N1C[C@]2(C[C@H]1C#N)C(=O)Nc1ccccc12,7.0,1,ChEMBL
CHEMBL5998477,CN(C(=O)[C@@H](NCc1cc(F)c(F)cc1F)C(C)(C)C)[C@@H](Cc1ccccc1)C(=O)N1C[C@]2(C[C@H]1C#N)C(=O)Nc1ccccc12,7.0,1,ChEMBL
CHEMBL5985253,CC(C)OC(=O)N[C@H](C(=O)N(C)[C@@H](Cc1ccccc1)C(=O)N1C[C@]2(C[C@H]1C#N)C(=O)Nc1ccccc12)C(C)(C)C,7.0,1,ChEMBL
CHEMBL6058089,CC(C)C[C@@H](C(=O)N1C[C@]2(C[C@H]1C#N)C(=O)Nc1ccccc12)N(C)C(=O)[C@H](CC(C)(C)C)N(C)C(=O)OCc1ccccc1,7.0,1,ChEMBL
CHEMBL6010697,CC(C)C[C@@H](C(=O)N1C[C@]2(C[C@H]1C#N)C(=O)Nc1ccccc12)N(C)C(=O)[C@H](CC(C)(C)C)N(C)C(=O)C(F)(F)F,7.0,1,ChEMBL
CHEMBL5869324,CC(C)C[C@@H](C(=O)N1C[C@]2(C[C@H]1C#N)C(=O)Nc1ccccc12)N(C)C(=O)[C@H](CC(C)(C)C)NC(=O)c1ccc(F)cc1,7.0,1,ChEMBL
CHEMBL6011761,CC(C)C[C@@H](C(=O)N1C[C@]2(C[C@H]1C#N)C(=O)Nc1ccccc12)N(C)C(=O)[C@H](CC1CCC1)NC(=O)c1ccc(F)cc1,7.0,1,ChEMBL
CHEMBL5936982,CC(C)C[C@H](NC(=O)[C@@H](NC(=O)OCc1ccccc1)C(C)(C)C)C(=O)N1C[C@]2(C[C@H]1C#N)C(=O)Nc1ccccc12,7.0,1,ChEMBL
CHEMBL5981588,CC(C)(C)C[C@H](NC(=O)[C@H](CC1CC1)NS(=O)(=O)C1CC1)C(=O)N1C[C@]2(C[C@H]1C#N)C(=O)Nc1ccccc12,7.0,1,ChEMBL
CHEMBL5763271,CC(C)(C)C[C@H](NC(=O)[C@H](CC1CC1)NC(=O)NC1CC1)C(=O)N1C[C@]2(C[C@H]1C#N)C(=O)Nc1ccccc12,7.0,1,ChEMBL
CHEMBL5953288,Cc1cc(C(=O)N[C@@H](Cc2ccc(F)cc2)C(=O)N(C)[C@@H](CC(C)(C)C)C(=O)N2C[C@]3(C[C@H]2C#N)C(=O)Nc2ccccc23)no1,7.0,1,ChEMBL
CHEMBL5896610,Cc1cc(C(=O)N[C@H](C(=O)N(C)[C@@H](CC(C)C)C(=O)N2C[C@]3(C[C@H]2C#N)C(=O)Nc2ccccc23)C2CCCCC2)no1,7.0,1,ChEMBL
CHEMBL5944197,CC(=O)N[C@@H](CC1CC1)C(=O)N(C)[C@@H](CC(C)C)C(=O)N1C[C@]2(C[C@H]1C#N)C(=O)Nc1ccccc12,7.0,1,ChEMBL
CHEMBL5899893,CC(C)C[C@@H](C(=O)N1C[C@]2(C[C@H]1C#N)C(=O)Nc1ccccc12)N(C)C(=O)[C@H](CC1CCC1)NC(=O)C(C)(C)C,7.0,1,ChEMBL
CHEMBL5994369,CC(C)C[C@@H](C(=O)N1C[C@]2(C[C@H]1C#N)C(=O)Nc1ccccc12)N(C)C(=O)[C@H](CC(C)(C)C)NC(=O)C(C)(C)C,7.0,1,ChEMBL
CHEMBL5846900,CC(=O)N(C)[C@@H](CC(C)(C)C)C(=O)N(C)[C@@H](CC(C)C)C(=O)N1C[C@]2(C[C@H]1C#N)C(=O)Nc1ccccc12,7.0,1,ChEMBL
CHEMBL5852194,CC(C)C[C@@H](C(=O)N1C[C@]2(C[C@H]1C#N)C(=O)Nc1ccccc12)N(C)C(=O)[C@H](CC1CCC1)NC(=O)c1cc2c(F)cc(F)c(F)c2[nH]1,7.0,1,ChEMBL
CHEMBL5905493,CC(C)C[C@@H](C(=O)N1C[C@]2(C[C@H]1C#N)C(=O)Nc1ccccc12)N(C)C(=O)[C@H](CC(C)(C)C)NC(=O)c1cc2c(F)cc(F)c(F)c2[nH]1,7.0,1,ChEMBL
CHEMBL5972533,CC(C)[C@H](NC(=O)OC(C)(C)C)C(=O)N(C)[C@@H](Cc1ccccc1)C(=O)N1C[C@]2(C[C@H]1C#N)C(=O)Nc1ccccc12,7.0,1,ChEMBL
CHEMBL5943633,CC(C)[C@@H](NC(=O)OC(C)(C)C)C(=O)N(C)[C@@H](Cc1ccccc1)C(=O)N1C[C@]2(C[C@H]1C#N)C(=O)Nc1ccccc12,7.0,1,ChEMBL
CHEMBL6004543,CC(C)C[C@@H](C(=O)N1C[C@]2(C[C@H]1C#N)C(=O)Nc1ccccc12)N(C)C(=O)[C@@H](NC(=O)OCc1ccccc1)C(C)C,7.0,1,ChEMBL
CHEMBL6035565,CC(C)[C@@H](NC(=O)F)C(=O)N(C)[C@@H](Cc1ccccc1)C(=O)N1C[C@]2(C[C@H]1C#N)C(=O)Nc1ccccc12,7.0,1,ChEMBL
CHEMBL5962757,CN(C(=O)[C@H](Cc1ccc(F)cc1)N1CCOC1=O)[C@@H](CC(C)(C)C)C(=O)N1C[C@]2(C[C@H]1C#N)C(=O)Nc1ccccc12,7.0,1,ChEMBL
CHEMBL5999448,CC(C)(C)C[C@H](NC(=O)[C@H](CC1CC1)n1cc(C2CC2)nn1)C(=O)N1C[C@]2(C[C@H]1C#N)C(=O)Nc1ccccc12,7.0,1,ChEMBL
CHEMBL5807703,CN(C(=O)[C@H](Cc1ccc(F)cc1)n1cc(-c2ccccc2)nn1)[C@@H](CC(C)(C)C)C(=O)N1C[C@]2(C[C@H]1C#N)C(=O)Nc1ccccc12,7.0,1,ChEMBL
CHEMBL5903199,CC(C)(C)C(NC(=O)C(Cc1ccc(F)cc1)NC(=O)OCc1ccccc1)C(=O)N1CCC[C@H]1C(=O)N1C[C@]2(C[C@H]1C#N)C(=O)Nc1ccccc12,7.0,1,ChEMBL
CHEMBL5744451,CC(C)(C)C[C@H](NC(=O)[C@H](Cc1ccc(F)cc1)NC(=O)OCc1ccccc1)C(=O)N1C[C@]2(C[C@H]1C#N)C(=O)Nc1ccccc12,7.0,1,ChEMBL
CHEMBL5782803,CN(C(=O)[C@H](Cc1ccc(F)cc1)NC(=O)C1CCC1)[C@@H](CC(C)(C)C)C(=O)N1C[C@]2(C[C@H]1C#N)C(=O)Nc1ccccc12,7.0,1,ChEMBL
CHEMBL5809812,CN(C(=O)[C@H](Cc1ccc(F)cc1)NC(=O)C1COC1)[C@@H](CC(C)(C)C)C(=O)N1C[C@]2(C[C@H]1C#N)C(=O)Nc1ccccc12,7.0,1,ChEMBL
CHEMBL5839748,CN(C(=O)[C@H](Cc1ccc(F)cc1)NS(=O)(=O)C1CC1)[C@@H](CC(C)(C)C)C(=O)N1C[C@]2(C[C@H]1C#N)C(=O)Nc1ccccc12,7.0,1,ChEMBL
CHEMBL5974841,CN(C(=O)[C@H](Cc1ccc(F)cc1)N1CCCC1=O)[C@@H](CC(C)(C)C)C(=O)N1C[C@]2(C[C@H]1C#N)C(=O)Nc1ccccc12,7.0,1,ChEMBL
CHEMBL6036899,CN(C(=O)[C@H](Cc1ccc(F)cc1)NC(=O)N1CCOCC1)[C@@H](CC(C)(C)C)C(=O)N1C[C@]2(C[C@H]1C#N)C(=O)Nc1ccccc12,7.0,1,ChEMBL
CHEMBL5946475,CN(C(=O)[C@H](Cc1ccc(F)cc1)N1CCCNC1=O)[C@@H](CC(C)(C)C)C(=O)N1C[C@]2(C[C@H]1C#N)C(=O)Nc1ccccc12,7.0,1,ChEMBL
CHEMBL6000767,CN(C(=O)[C@H](CC1CC1)NS(=O)(=O)c1ccn(-c2ccc(F)cc2)n1)[C@@H](CC(C)(C)C)C(=O)N1C[C@]2(C[C@H]1C#N)C(=O)Nc1ccccc12,7.0,1,ChEMBL
CHEMBL5821201,CC(C)(C)C[C@H](NC(=O)[C@H](CC1CC1)NC(=O)C1(c2ccccc2)CC1)C(=O)N1C[C@]2(C[C@H]1C#N)C(=O)Nc1ccccc12,7.0,1,ChEMBL
CHEMBL5970580,CN(C(=O)[C@H](CC1CC1)N1CCOC1=O)[C@@H](CC(C)(C)C)C(=O)N1C[C@]2(C[C@H]1C#N)C(=O)Nc1ccccc12,7.0,1,ChEMBL
CHEMBL5905342,CC(=O)N[C@@H](CC1CC1)C(=O)N(C)[C@@H](Cc1ccc(F)cc1)C(=O)N1C[C@]2(C[C@H]1C#N)C(=O)Nc1ccccc12,7.0,1,ChEMBL
CHEMBL6062460,CN(C(=O)[C@H](CC1CC1)NC(=O)C(F)(F)F)[C@@H](Cc1ccc(F)cc1)C(=O)N1C[C@]2(C[C@H]1C#N)C(=O)Nc1ccccc12,7.0,1,ChEMBL
CHEMBL5768414,CN(C(=O)[C@H](CC1CC1)NC(=O)C(F)(F)F)[C@@H](CC(C)(C)C)C(=O)N1C[C@]2(C[C@H]1C#N)C(=O)Nc1ccccc12,7.0,1,ChEMBL
CHEMBL5926703,CN(C(=O)[C@H](CC1CC1)NC(=O)C1CC1)[C@@H](CC(C)(C)C)C(=O)N1C[C@]2(C[C@H]1C#N)C(=O)Nc1ccccc12,7.0,1,ChEMBL
CHEMBL5927951,CN(C(=O)[C@H](CC1CC1)NC(=O)C1COC1)[C@@H](Cc1ccc(F)cc1)C(=O)N1C[C@]2(C[C@H]1C#N)C(=O)Nc1ccccc12,7.0,1,ChEMBL
CHEMBL5859654,CC(=O)N[C@@H](CC1CC1)C(=O)N(C)[C@@H](CC(C)(C)C)C(=O)N1C[C@]2(C[C@H]1C#N)C(=O)Nc1ccccc12,7.0,1,ChEMBL
CHEMBL5809892,CC(C)(C)C[C@H](NC(=O)[C@H](CC1CC1)NC(=O)C(F)(F)c1ccccc1)C(=O)N1C[C@]2(C[C@H]1C#N)C(=O)Nc1ccccc12,7.0,1,ChEMBL
CHEMBL5793836,CC(C)C(=O)N[C@@H](CC1CC1)C(=O)N(C)[C@@H](CC(C)(C)C)C(=O)N1C[C@]2(C[C@H]1C#N)C(=O)Nc1ccccc12,7.0,1,ChEMBL
CHEMBL6021319,CN(C(=O)[C@H](CC1CC1)NS(C)(=O)=O)[C@@H](CC(C)(C)C)C(=O)N1C[C@]2(C[C@H]1C#N)C(=O)Nc1ccccc12,7.0,1,ChEMBL
CHEMBL5772565,CN(C(=O)[C@H](CC1CC1)NS(=O)(=O)C1CC1)[C@@H](CC(C)(C)C)C(=O)N1C[C@]2(C[C@H]1C#N)C(=O)Nc1ccccc12,7.0,1,ChEMBL
CHEMBL5973204,CN(C(=O)[C@H](CC1CC1)NC(=O)N1CCOCC1)[C@@H](CC(C)(C)C)C(=O)N1C[C@]2(C[C@H]1C#N)C(=O)Nc1ccccc12,7.0,1,ChEMBL
CHEMBL5940097,CC(C)(C)C[C@H](NC(=O)[C@H](CC1CC1)NC(=O)N1CCOCC1)C(=O)N1C[C@]2(C[C@H]1C#N)C(=O)Nc1ccccc12,7.0,1,ChEMBL
CHEMBL5760251,CN(C(=O)[C@H](CC1CC1)NC(=O)NC1CC1)[C@@H](CC(C)(C)C)C(=O)N1C[C@]2(C[C@H]1C#N)C(=O)Nc1ccccc12,7.0,1,ChEMBL
CHEMBL5922263,CC(C)[C@H](CC(=O)OCc1ccccc1)C(=O)N[C@@H](CC(C)(C)C)C(=O)N1C[C@]2(C[C@H]1C#N)C(=O)Nc1ccccc12,7.0,1,ChEMBL
CHEMBL6045040,CC(C)[C@@H](NC(=O)OCc1ccccc1)C(=O)N[C@@H](CC(C)(C)C)C(=O)N1C[C@]2(C[C@H]1C#N)C(=O)Nc1ccccc12,7.0,1,ChEMBL
CHEMBL6041277,CC(C)[C@H](NC(=O)C(F)(F)F)C(=O)N[C@@H](CC(C)(C)C)C(=O)N1C[C@]2(C[C@H]1C#N)C(=O)Nc1ccccc12,7.0,1,ChEMBL
CHEMBL5924407,CC(C)[C@H](NC(=O)c1cc2c(F)cc(F)c(F)c2[nH]1)C(=O)N[C@@H](CC(C)(C)C)C(=O)N1C[C@]2(C[C@H]1C#N)C(=O)Nc1ccccc12,7.0,1,ChEMBL
CHEMBL5905850,CC(C)(C)C[C@H](NC(=O)[C@H](CC1CC1)NC(=O)OCc1ccccc1)C(=O)N1C[C@]2(C[C@H]1C#N)C(=O)Nc1ccccc12,7.0,1,ChEMBL
CHEMBL5918217,CC(=O)N[C@@H](CC1CC1)C(=O)N[C@@H](CC(C)(C)C)C(=O)N1C[C@]2(C[C@H]1C#N)C(=O)Nc1ccccc12,7.0,1,ChEMBL
CHEMBL5862868,CC(C)(C)C[C@H](NC(=O)[C@H](CC1CC1)NC(=O)C(F)(F)F)C(=O)N1C[C@]2(C[C@H]1C#N)C(=O)Nc1ccccc12,7.0,1,ChEMBL
CHEMBL5854117,CC(C)(C)C[C@H](NC(=O)[C@H](CC1CC1)NC(=O)c1ccc(F)cc1)C(=O)N1C[C@]2(C[C@H]1C#N)C(=O)Nc1ccccc12,7.0,1,ChEMBL
CHEMBL5987315,CC(C)(C)C[C@H](NC(=O)[C@H](CC1CC1)NC(=O)c1cnccn1)C(=O)N1C[C@]2(C[C@H]1C#N)C(=O)Nc1ccccc12,7.0,1,ChEMBL
CHEMBL5807475,Cc1cc(C(=O)N[C@@H](CC2CC2)C(=O)N[C@@H](CC(C)(C)C)C(=O)N2C[C@]3(C[C@H]2C#N)C(=O)Nc2ccccc23)no1,7.0,1,ChEMBL
CHEMBL5757380,Cc1ncc(C(=O)N[C@@H](CC2CC2)C(=O)N[C@@H](CC(C)(C)C)C(=O)N2C[C@]3(C[C@H]2C#N)C(=O)Nc2ccccc23)s1,7.0,1,ChEMBL
CHEMBL5833116,CC(C)(C)C[C@H](NC(=O)[C@H](CC1CC1)NC(=O)N1CCCCC1)C(=O)N1C[C@]2(C[C@H]1C#N)C(=O)Nc1ccccc12,7.0,1,ChEMBL
CHEMBL5997684,CC(=O)N[C@@H](Cc1ccc(F)cc1)C(=O)N(C)[C@@H](CC(C)(C)C)C(=O)N1C[C@]2(C[C@H]1C#N)C(=O)Nc1ccccc12,7.0,1,ChEMBL
CHEMBL6022698,CC(C)(C)C[C@H](NC(=O)[C@H](Cc1ccc(F)cc1)NC(=O)c1cnccn1)C(=O)N1C[C@]2(C[C@H]1C#N)C(=O)Nc1ccccc12,7.0,1,ChEMBL
CHEMBL5926446,Cc1cc(C(=O)N[C@@H](Cc2ccc(F)cc2)C(=O)N[C@@H](CC(C)(C)C)C(=O)N2C[C@]3(C[C@H]2C#N)C(=O)Nc2ccccc23)no1,7.0,1,ChEMBL
CHEMBL5747612,CC(C)[C@H](NC(=O)c1ccc(F)c(F)c1)C(=O)N(C)[C@@H](CC(C)(C)C)C(=O)N1C[C@]2(C[C@H]1C#N)C(=O)Nc1ccccc12,7.0,1,ChEMBL
CHEMBL5932543,CC(C)[C@H](NC(=O)c1cc(F)c(F)c(F)c1)C(=O)N(C)[C@@H](CC(C)(C)C)C(=O)N1C[C@]2(C[C@H]1C#N)C(=O)Nc1ccccc12,7.0,1,ChEMBL
CHEMBL5749025,CC(C)[C@H](NC(=O)c1ccc2c(F)cc(F)cc2n1)C(=O)N(C)[C@@H](CC(C)(C)C)C(=O)N1C[C@]2(C[C@H]1C#N)C(=O)Nc1ccccc12,7.0,1,ChEMBL
CHEMBL6005368,CC(C)[C@H](NC(=O)OCC1(c2ccccc2)CC1)C(=O)N(C)[C@@H](CC(C)(C)C)C(=O)N1C[C@]2(C[C@H]1C#N)C(=O)Nc1ccccc12,7.0,1,ChEMBL
CHEMBL6039594,CC(C)[C@H](NC(=O)N1CCCCC1)C(=O)N(C)[C@@H](CC(C)(C)C)C(=O)N1C[C@]2(C[C@H]1C#N)C(=O)Nc1ccccc12,7.0,1,ChEMBL
CHEMBL5981587,CC(=O)N[C@@H](Cc1cc(F)c(F)cc1F)C(=O)N(C)[C@@H](CC(C)(C)C)C(=O)N1C[C@]2(C[C@H]1C#N)C(=O)Nc1ccccc12,7.0,1,ChEMBL
CHEMBL5917741,CC(=O)N[C@H](Cc1cc(F)c(F)cc1F)C(=O)N(C)[C@@H](CC(C)(C)C)C(=O)N1C[C@]2(C[C@H]1C#N)C(=O)Nc1ccccc12,7.0,1,ChEMBL
CHEMBL5962892,CC(C)C[C@@H](C(=O)N1C[C@]2(C[C@H]1C#N)C(=O)Nc1ccccc12)N(C)C(=O)C1(NC(=O)OCc2ccccc2)CCCC1,7.0,1,ChEMBL
CHEMBL5846155,CC(C)C[C@@H](C(=O)N1C[C@]2(C[C@H]1C#N)C(=O)Nc1ccccc12)N(C)C(=O)[C@@H](NC(=O)C(F)(F)F)c1ccccc1,7.0,1,ChEMBL
CHEMBL5777293,CC(C)C[C@@H](C(=O)N1C[C@]2(C[C@H]1C#N)C(=O)Nc1ccccc12)N(C)C(=O)[C@H](NC(=O)C(F)(F)F)c1ccccc1,7.0,1,ChEMBL
CHEMBL5763604,CC(C)C[C@@H](C(=O)N1C[C@]2(C[C@H]1C#N)C(=O)Nc1ccccc12)N(C)C(=O)C(NC(=O)c1ccc(F)c(F)c1)c1ccccc1,7.0,1,ChEMBL
CHEMBL5885817,CC(C)(C)C[C@H](NC(=O)[C@H](CC1CC1)N1CCOC1=O)C(=O)N1C[C@]2(C[C@H]1C#N)C(=O)Nc1ccccc12,7.0,1,ChEMBL
CHEMBL5811631,CC(C)(C)C[C@H](NC(=O)[C@H](Cc1ccc(F)cc1)N1CCCNC1=O)C(=O)N1C[C@]2(C[C@H]1C#N)C(=O)Nc1ccccc12,7.0,1,ChEMBL
CHEMBL5839991,CC(C)OC(=O)N[C@@H](CC1CC1)C(=O)N(C)[C@@H](CC(C)(C)C)C(=O)N1C[C@]2(C[C@H]1C#N)C(=O)Nc1ccccc12,7.0,1,ChEMBL
CHEMBL5979458,CN(C(=O)[C@H](CC1CC1)NC(=O)C1COC1)[C@@H](CC(C)(C)C)C(=O)N1C[C@]2(C[C@H]1C#N)C(=O)Nc1ccccc12,7.0,1,ChEMBL
CHEMBL5896478,COc1cc(C(=O)N[C@@H](CC2CC2)C(=O)N(C)[C@@H](CC(C)(C)C)C(=O)N2C[C@]3(C[C@H]2C#N)C(=O)Nc2ccccc23)cc2cn(C3CC3)nc12,7.0,1,ChEMBL
CHEMBL6022125,CN(C(=O)[C@H](CC1CC1)NC(=O)c1cn(C2CC2)nn1)[C@@H](CC(C)(C)C)C(=O)N1C[C@]2(C[C@H]1C#N)C(=O)Nc1ccccc12,7.0,1,ChEMBL
CHEMBL5971663,CN(C(=O)[C@H](CC1CC1)NC(=O)c1cc(OC(F)(F)F)c2ncccc2c1)[C@@H](CC(C)(C)C)C(=O)N1C[C@]2(C[C@H]1C#N)C(=O)Nc1ccccc12,7.0,1,ChEMBL
CHEMBL5944131,CN(C(=O)[C@H](CC1CC1)NC(=O)c1cc2c(F)cc(F)c(F)c2[nH]1)[C@@H](CC(C)(C)C)C(=O)N1C[C@]2(C[C@H]1C#N)C(=O)Nc1ccccc12,7.0,1,ChEMBL
CHEMBL6020646,CN(C(=O)[C@H](CC1CC1)NC(=O)c1cc(F)c2nn(C3CC3)cc2c1)[C@@H](CC(C)(C)C)C(=O)N1C[C@]2(C[C@H]1C#N)C(=O)Nc1ccccc12,7.0,1,ChEMBL
CHEMBL5765449,C[C@H](NC(=O)C(F)(F)F)C(=O)N(C)[C@@H](CC(C)(C)C)C(=O)N1C[C@]2(C[C@H]1C#N)C(=O)Nc1ccccc12,7.0,1,ChEMBL
CHEMBL5916346,CC(=O)N[C@@H](C)C(=O)N(C)[C@@H](CC(C)(C)C)C(=O)N1C[C@]2(C[C@H]1C#N)C(=O)Nc1ccccc12,7.0,1,ChEMBL
CHEMBL5953606,CC(C)C(=O)N[C@@H](C)C(=O)N(C)[C@@H](CC(C)(C)C)C(=O)N1C[C@]2(C[C@H]1C#N)C(=O)Nc1ccccc12,7.0,1,ChEMBL
CHEMBL5762017,CN(C(=O)[C@H](CC1CC1)NC(=O)c1ccc(OC2CC2)c(OC2CC2)c1)[C@@H](CC(C)(C)C)C(=O)N1C[C@]2(C[C@H]1C#N)C(=O)Nc1ccccc12,7.0,1,ChEMBL
CHEMBL5924096,CC(C)C[C@@H](C(=O)C1C[C@]2(C[C@H]1C#N)C(=O)Nc1ccccc12)N(C)C(=O)[C@H](C)NC(=O)C(F)(F)F,7.0,1,ChEMBL
CHEMBL5768721,CN(C(=O)[C@H](CC1CC1)NC(=O)C(F)(F)F)[C@@H](CC1CC1)C(=O)N1C[C@]2(C[C@H]1C#N)C(=O)Nc1ccccc12,7.0,1,ChEMBL
CHEMBL5822346,CC(C)C[C@@H](C(=O)N1C[C@]2(C[C@H]1C#N)C(=O)Nc1ccccc12)N(C)C(=O)[C@H](C)NC(=O)c1ccc(F)cc1,7.0,1,ChEMBL
CHEMBL5899741,N#C[C@@H]1C[C@@]2(CN1C(=O)[C@H](CC1CCC1)NC(=O)OCc1ccccc1)C(=O)Nc1ccccc12,7.0,1,ChEMBL
CHEMBL5872208,N#C[C@@H]1C[C@@]2(CN1C(=O)[C@H](CC1CC1)NC(=O)OCc1ccccc1)C(=O)Nc1ccccc12,7.0,1,ChEMBL
CHEMBL5886175,CC(C)(C)C[C@H](NC(=O)OCc1ccccc1)C(=O)N1C[C@]2(C[C@H]1C#N)C(=O)Nc1ccccc12,7.0,1,ChEMBL
CHEMBL5917393,CC(C)(F)C[C@H](NC(=O)OCc1ccccc1)C(=O)N1C[C@]2(C[C@H]1C#N)C(=O)Nc1ccccc12,7.0,1,ChEMBL
CHEMBL5909434,CC(C)C[C@H](NC(=O)OCC1(c2ccccc2)CC1)C(=O)N1C[C@]2(C[C@H]1C#N)C(=O)Nc1ccccc12,7.0,1,ChEMBL
CHEMBL5867740,COc1cccc2[nH]c(C(=O)N[C@@H](CC(C)C)C(=O)N3C[C@]4(C[C@H]3C#N)C(=O)Nc3ccccc34)cc12,7.0,1,ChEMBL
CHEMBL5907665,COc1cccc2[nH]c(C(=O)N[C@@H](CC3CCCCC3)C(=O)N3C[C@]4(C[C@H]3C#N)C(=O)Nc3ccccc34)cc12,7.0,1,ChEMBL
CHEMBL5743715,COc1cccc2[nH]c(C(=O)N[C@@H](CC(C)(C)C)C(=O)N3C[C@]4(C[C@H]3C#N)C(=O)Nc3ccccc34)cc12,7.0,1,ChEMBL
CHEMBL5819384,COc1cccc2[nH]c(C(=O)N[C@@H](CC3CC3)C(=O)N3C[C@]4(C[C@H]3C#N)C(=O)Nc3ccccc34)cc12,7.0,1,ChEMBL
CHEMBL5975835,CC(C)(C)C[C@H](NC(=O)c1cc2c(F)c(F)ccc2[nH]1)C(=O)N1C[C@]2(C[C@H]1C#N)C(=O)Nc1ccccc12,7.0,1,ChEMBL
CHEMBL5986212,CN(C(=O)c1cc2c(F)cccc2[nH]1)[C@@H](CC(C)(C)C)C(=O)N1C[C@]2(C[C@H]1C#N)C(=O)Nc1ccccc12,7.0,1,ChEMBL
CHEMBL5815019,COc1cccc2[nH]c(C(=O)N[C@@H](CC(C)C)C(=O)N3C[C@]4(C[C@H]3C=O)C(=O)Nc3ccccc34)cc12,7.0,1,ChEMBL
CHEMBL5927925,CC(C)C[C@H](NC(=O)c1cc2c(F)cccc2[nH]1)C(=O)N1C[C@]2(C[C@H]1C=O)C(=O)Nc1ccccc12,7.0,1,ChEMBL
CHEMBL5902280,CC(C)C[C@H](NC(=O)c1cc2c(F)cccc2[nH]1)C(=O)N1C[C@]2(C[C@H]1C#N)C(=O)Nc1ccccc12,7.0,1,ChEMBL
CHEMBL5942632,CC(C)C[C@H](NC(=O)c1cc2c(F)cccc2[nH]1)C(=O)N1C[C@]2(C[C@H]1C#N)C(=O)Nc1c(F)cccc12,7.0,1,ChEMBL
CHEMBL5919995,COc1cccc2[nH]c(C(=O)N[C@@H](CC(C)C)C(=O)N3C[C@]4(C[C@H]3C(O)S(=O)(=O)[O-])C(=O)Nc3ccccc34)cc12.[Na+],7.0,1,ChEMBL
CHEMBL6013564,CC(C)C[C@@H](C(=O)N1C[C@]2(C[C@H]1C(O)S(=O)(=O)[O-])C(=O)Nc1ccccc12)N(C)C(=O)c1cc2c(F)cccc2[nH]1.[Na+],7.0,1,ChEMBL
CHEMBL5986691,COc1cccc2[nH]c(C(=O)N[C@@H](CC(C)C)C(=O)N3C[C@]4(C[C@H]3C(=O)C(=O)NCc3ccccc3)C(=O)Nc3ccccc34)cc12,7.0,1,ChEMBL
CHEMBL5963603,COc1cccc2[nH]c(C(=O)N[C@@H](CC(C)C)C(=O)N3C[C@]4(C[C@H]3C(=O)C(=O)NC3CCCCC3)C(=O)Nc3ccccc34)cc12,7.0,1,ChEMBL
CHEMBL5818286,CC(C)C[C@@H](C(=O)N1C[C@]2(C[C@H]1C#N)C(=O)Nc1ccccc12)N(C)C(=O)OCc1ccccc1,7.0,1,ChEMBL
CHEMBL6024091,CN(C(=O)OCc1ccccc1)[C@@H](CC(C)(C)C)C(=O)N1C[C@]2(C[C@H]1C#N)C(=O)Nc1ccccc12,7.0,1,ChEMBL
CHEMBL5760246,CN(C(O)OCc1ccccc1)[C@@H](Cc1ccccc1)C(=O)N1C[C@]2(C[C@H]1C#N)C(=O)Nc1ccccc12,7.0,1,ChEMBL
CHEMBL5883289,COc1cccc2[nH]c(C(=O)N(C)[C@@H](CC(C)C)C(=O)N3C[C@]4(C[C@H]3C#N)C(=O)Nc3ccccc34)cc12,7.0,1,ChEMBL
CHEMBL6056048,CC(C)C[C@@H](C(=O)N1C[C@]2(C[C@H]1C#N)C(=O)Nc1ccccc12)N(C)C(=O)c1cc2c(F)cccc2[nH]1,7.0,1,ChEMBL
CHEMBL5884797,CC(C)C[C@@H](C(=O)N1C[C@]2(C[C@H]1C#N)C(=O)Nc1ccccc12)N(C)C(=O)c1cc2c(C3CC3)cccc2[nH]1,7.0,1,ChEMBL
CHEMBL5829332,CC(C)C[C@@H](C(=O)N1C[C@]2(C[C@H]1C#N)C(=O)Nc1ccccc12)N(C)C(=O)c1cc2c(F)cc(F)cc2[nH]1,7.0,1,ChEMBL
CHEMBL6027325,Cc1c(C(=O)N(C)[C@@H](CC(C)C)C(=O)N2C[C@]3(C[C@H]2C#N)C(=O)Nc2ccccc23)[nH]c2cc(F)cc(F)c12,7.0,1,ChEMBL
CHEMBL5780559,CC(C)C[C@@H](C(=O)N1C[C@]2(C[C@H]1C#N)C(=O)Nc1ccccc12)N(C)C(=O)c1cc2c(OC(F)(F)F)cccc2[nH]1,7.0,1,ChEMBL
CHEMBL5877193,CC(C)C[C@@H](C(=O)N1C[C@]2(C[C@H]1C#N)C(=O)Nc1ccccc12)N(C)C(=O)c1cc2ccc(F)cc2[nH]1,7.0,1,ChEMBL
CHEMBL5995816,CC(C)C[C@@H](C(=O)N1C[C@]2(C[C@H]1C#N)C(=O)Nc1ccccc12)N(C)C(=O)c1cc2c(OC(F)F)cccc2[nH]1,7.0,1,ChEMBL
CHEMBL5314432,CC(C)C[C@@H](C(=O)N1C[C@]2(C[C@H]1C#N)C(=O)Nc1ccccc12)N(C)C(=O)c1cc2c(F)cc(F)c(F)c2[nH]1,7.0,1,ChEMBL
CHEMBL5978704,COc1cccc2c1cc(C(=O)N(C)[C@@H](CC(C)C)C(=O)N1C[C@]3(C[C@H]1C#N)C(=O)Nc1ccccc13)n2C,7.0,1,ChEMBL
CHEMBL5868723,CC(C)C[C@@H](C(=O)N1C[C@]2(C[C@H]1C#N)C(=O)Nc1ccccc12)N(C)C(=O)c1cc2cc(-c3ccccc3)ccc2[nH]1,7.0,1,ChEMBL
CHEMBL5747587,CC(C)C[C@@H](C(=O)N1C[C@]2(C[C@H]1C#N)C(=O)Nc1ccccc12)N(C)C(=O)c1cc2ccc(-c3ccccc3)cc2[nH]1,7.0,1,ChEMBL
CHEMBL5965406,CC(C)C[C@@H](C(=O)N1C[C@]2(C[C@H]1C#N)C(=O)Nc1ccccc12)N(C)C(=O)c1cc2cc(C(C)(C)C)ccc2[nH]1,7.0,1,ChEMBL
CHEMBL5855011,CC(C)C[C@@H](C(=O)N1C[C@]2(C[C@H]1C#N)C(=O)Nc1ccccc12)N(C)C(=O)c1cc2ccc(C(C)(C)C)cc2[nH]1,7.0,1,ChEMBL
CHEMBL5838121,COc1ccc(Cl)c(C(=O)N(C)[C@@H](CC(C)C)C(=O)N2C[C@]3(C[C@H]2C#N)C(=O)Nc2ccccc23)c1,7.0,1,ChEMBL
CHEMBL5750584,CC(C)C[C@@H](C(=O)N1C[C@]2(C[C@H]1C#N)C(=O)Nc1ccccc12)N(C)C(=O)c1ncccc1Cl,7.0,1,ChEMBL
CHEMBL5951678,CC(C)C[C@@H](C(=O)N1C[C@]2(C[C@H]1C#N)C(=O)Nc1ccccc12)N(C)C(=O)c1cncc(C#N)c1,7.0,1,ChEMBL
CHEMBL5968812,CC(C)C[C@@H](C(=O)N1C[C@]2(C[C@H]1C#N)C(=O)Nc1ccccc12)N(C)C(=O)c1ccc(F)cc1Cl,7.0,1,ChEMBL
CHEMBL5974196,CC(C)C[C@@H](C(=O)N1C[C@]2(C[C@H]1C#N)C(=O)Nc1ccccc12)N(C)C(=O)c1cc(F)ccc1Cl,7.0,1,ChEMBL
CHEMBL5831009,CC(C)C[C@@H](C(=O)N1C[C@]2(C[C@H]1C#N)C(=O)Nc1ccccc12)N(C)C(=O)c1ccc(F)c(Cl)c1,7.0,1,ChEMBL
CHEMBL5849032,CC(C)C[C@@H](C(=O)N1C[C@]2(C[C@H]1C#N)C(=O)Nc1ccccc12)N(C)C(=O)c1c(Cl)cccc1Cl,7.0,1,ChEMBL
CHEMBL5778182,CC(C)C[C@@H](C(=O)N1C[C@]2(C[C@H]1C#N)C(=O)Nc1ccccc12)N(C)C(=O)c1cc2c(Cl)cccc2[nH]1,7.0,1,ChEMBL
CHEMBL5815342,CC(C)C[C@@H](C(=O)N1C[C@]2(C[C@H]1C#N)C(=O)Nc1ccccc12)N(C)C(=O)c1cc2c(Br)ccc(Cl)c2[nH]1,7.0,1,ChEMBL
CHEMBL5901881,CC(C)C[C@@H](C(=O)N1C[C@]2(C[C@H]1C#N)C(=O)Nc1ccccc12)N(C)C(=O)c1cc2c(C#N)cccc2[nH]1,7.0,1,ChEMBL
CHEMBL5768326,CC(C)C[C@@H](C(=O)N1C[C@]2(C[C@H]1C#N)C(=O)Nc1ccccc12)N(C)C(=O)c1cc2cc(F)cc(F)c2[nH]1,7.0,1,ChEMBL
CHEMBL5841409,CC(C)C[C@@H](C(=O)N1C[C@]2(C[C@H]1C#N)C(=O)Nc1ccccc12)N(C)C(=O)c1cc2cc(F)c(F)cc2[nH]1,7.0,1,ChEMBL
CHEMBL5771622,CC(C)C[C@@H](C(=O)N1C[C@]2(C[C@H]1C#N)C(=O)Nc1ccccc12)N(C)C(=O)c1cc2cc(F)ccc2[nH]1,7.0,1,ChEMBL
CHEMBL5860605,CC(C)C[C@@H](C(=O)N1C[C@]2(C[C@H]1C#N)C(=O)Nc1ccccc12)N(C)C(=O)c1cc2c(F)ccc(F)c2[nH]1,7.0,1,ChEMBL
CHEMBL5900457,CC(C)C[C@@H](C(=O)N1C[C@]2(C[C@H]1C#N)C(=O)Nc1ccccc12)N(C)C(=O)c1cc2c(Cl)cc(F)cc2[nH]1,7.0,1,ChEMBL
CHEMBL5960582,CC(C)C[C@@H](C(=O)N1C[C@]2(C[C@H]1C#N)C(=O)Nc1ccccc12)N(C)C(=O)c1cc2c(F)c(Cl)ccc2[nH]1,7.0,1,ChEMBL
CHEMBL5969746,CC(C)C[C@@H](C(=O)N1C[C@]2(C[C@H]1C#N)C(=O)Nc1ccccc12)N(C)C(=O)c1cc2c(Cl)cc(Cl)cc2[nH]1,7.0,1,ChEMBL
CHEMBL6042099,CC(C)C[C@@H](C(=O)N1C[C@]2(C[C@H]1C#N)C(=O)Nc1ccccc12)N(C)C(=O)c1n[nH]c2ccccc12,7.0,1,ChEMBL
CHEMBL5838587,CC(C)C[C@@H](C(=O)N1C[C@]2(C[C@H]1C#N)C(=O)Nc1ccccc12)N(C)C(=O)c1cc2cc(Cl)cc(Cl)c2[nH]1,7.0,1,ChEMBL
CHEMBL5977150,CC(C)C[C@@H](C(=O)N1C[C@]2(C[C@H]1C#N)C(=O)Nc1ccccc12)N(C)C(=O)c1cc2ccccc2[nH]1,7.0,1,ChEMBL
CHEMBL5794767,CC(C)C[C@@H](C(=O)N1C[C@]2(C[C@H]1C#N)C(=O)Nc1ccccc12)N(C)C(=O)c1cc2c(Br)cccc2[nH]1,7.0,1,ChEMBL
CHEMBL5821316,CN(C(=O)c1cc2c(F)cccc2[nH]1)[C@@H](Cc1ccccc1)C(=O)N1C[C@]2(C[C@H]1C#N)C(=O)Nc1ccccc12,7.0,1,ChEMBL
CHEMBL5752237,CN(C(=O)c1cc2c(F)cc(F)cc2[nH]1)[C@@H](Cc1ccccc1)C(=O)N1C[C@]2(C[C@H]1C#N)C(=O)Nc1ccccc12,7.0,1,ChEMBL
CHEMBL6022428,CC(C)C[C@@H](C(=O)N1C[C@]2(C[C@H]1C#N)C(=O)Nc1ccccc12)N(C)C(=O)c1cc2c(OC3CC3)cccc2[nH]1,7.0,1,ChEMBL
CHEMBL6051372,CC(C)C[C@@H](C(=O)N1C[C@]2(C[C@H]1C#N)C(=O)Nc1ccccc12)N(C)C(=O)c1cc2c(F)c(F)c(F)cc2[nH]1,7.0,1,ChEMBL
CHEMBL5900554,CC(C)C[C@@H](C(=O)N1C[C@]2(C[C@H]1C#N)C(=O)Nc1ccccc12)N(C)C(=O)c1cc2cc(C(C)C)ccc2[nH]1,7.0,1,ChEMBL
CHEMBL6027752,COc1cccc2[nH]c(C(=O)N(C)[C@@H](CC(C)(C)C)C(=O)N3C[C@]4(C[C@H]3C#N)C(=O)Nc3ccccc34)cc12,7.0,1,ChEMBL
CHEMBL5876270,CN(C(=O)c1cc2c(F)c(F)ccc2[nH]1)[C@@H](CC(C)(C)C)C(=O)N1C[C@]2(C[C@H]1C#N)C(=O)Nc1ccccc12,7.0,1,ChEMBL
CHEMBL5918442,CN(C(=O)c1cc2c(F)cc(F)cc2[nH]1)[C@@H](CC(C)(C)C)C(=O)N1C[C@]2(C[C@H]1C#N)C(=O)Nc1ccccc12,7.0,1,ChEMBL
CHEMBL5792572,CN(C(=O)OCc1ccccc1)[C@@H](CC1CCC1)C(=O)N1C[C@]2(C[C@H]1C#N)C(=O)Nc1ccccc12,7.0,1,ChEMBL
CHEMBL5767362,CCN(C(=O)OCc1ccccc1)[C@@H](CC(C)C)C(=O)N1C[C@]2(C[C@H]1C#N)C(=O)Nc1ccccc12,7.0,1,ChEMBL
CHEMBL5852872,CN(C(=O)c1cc2c(F)cc(F)cc2[nH]1)[C@@H](CC1CCC1)C(=O)N1C[C@]2(C[C@H]1C#N)C(=O)Nc1ccccc12,7.0,1,ChEMBL
CHEMBL5851548,COc1cccc2[nH]c(C(=O)N(C)[C@@H](CC3CCC3)C(=O)N3C[C@]4(C[C@H]3C#N)C(=O)Nc3ccccc34)cc12,7.0,1,ChEMBL
CHEMBL5982458,CN(C(=O)c1cc2c(F)cccc2[nH]1)[C@@H](CC1CCC1)C(=O)N1C[C@]2(C[C@H]1C#N)C(=O)Nc1ccccc12,7.0,1,ChEMBL
CHEMBL5990117,CN(C(=O)c1cc2c(OC3CC3)cccc2[nH]1)[C@@H](CC1CCC1)C(=O)N1C[C@]2(C[C@H]1C#N)C(=O)Nc1ccccc12,7.0,1,ChEMBL
CHEMBL5743317,CCN(C(=O)c1cc2c(F)cccc2[nH]1)[C@@H](CC(C)C)C(=O)N1C[C@]2(C[C@H]1C#N)C(=O)Nc1ccccc12,7.0,1,ChEMBL
CHEMBL5777609,C=CCN(C(=O)OCc1ccccc1)[C@@H](CC(C)C)C(=O)N1C[C@]2(C[C@H]1C#N)C(=O)Nc1ccccc12,7.0,1,ChEMBL
CHEMBL5882479,CCCN(C(=O)OCc1ccccc1)[C@@H](CC(C)C)C(=O)N1C[C@]2(C[C@H]1C#N)C(=O)Nc1ccccc12,7.0,1,ChEMBL
CHEMBL5915508,CCCN(C(=O)c1cc2c(F)cccc2[nH]1)[C@@H](CC(C)C)C(=O)N1C[C@]2(C[C@H]1C#N)C(=O)Nc1ccccc12,7.0,1,ChEMBL
CHEMBL5986428,CCCN(C(=O)c1cc2c(F)cc(F)cc2[nH]1)[C@@H](CC(C)C)C(=O)N1C[C@]2(C[C@H]1C#N)C(=O)Nc1ccccc12,7.0,1,ChEMBL
CHEMBL5955308,CC(C)CC[C@@H](C(=O)N1C[C@]2(C[C@H]1C#N)C(=O)Nc1ccccc12)N(C)C(=O)OCc1ccccc1,7.0,1,ChEMBL
CHEMBL5935917,CN(C(=O)OCc1ccccc1)[C@@H](CC(C)(C)F)C(=O)N1C[C@]2(C[C@H]1C#N)C(=O)Nc1ccccc12,7.0,1,ChEMBL
CHEMBL5824397,CN(C(=O)OCc1ccccc1)[C@@H](CC1CC1)C(=O)N1C[C@]2(C[C@H]1C#N)C(=O)Nc1ccccc12,7.0,1,ChEMBL
CHEMBL6018536,CN(C(=O)OCc1ccccc1)[C@@H](CC1CCCCC1)C(=O)N1C[C@]2(C[C@H]1C#N)C(=O)Nc1ccccc12,7.0,1,ChEMBL
CHEMBL5844074,CC(C)CC[C@@H](C(=O)N1C[C@]2(C[C@H]1C#N)C(=O)Nc1ccccc12)N(C)C(=O)c1cc2c(F)cc(F)cc2[nH]1,7.0,1,ChEMBL
CHEMBL6048782,COc1cccc2[nH]c(C(=O)N(C)[C@@H](CCC(C)C)C(=O)N3C[C@]4(C[C@H]3C#N)C(=O)Nc3ccccc34)cc12,7.0,1,ChEMBL
CHEMBL5972573,COc1cccc2[nH]c(C(=O)N(C)[C@@H](CC3CCCC3)C(=O)N3C[C@]4(C[C@H]3C#N)C(=O)Nc3ccccc34)cc12,7.0,1,ChEMBL
CHEMBL5750808,CN(C(=O)c1cc2c(F)cc(F)cc2[nH]1)[C@@H](CC1CCCC1)C(=O)N1C[C@]2(C[C@H]1C#N)C(=O)Nc1ccccc12,7.0,1,ChEMBL
CHEMBL5892203,CN(C(=O)c1cc2c(OC(F)(F)F)cccc2[nH]1)[C@@H](CC1CCCC1)C(=O)N1C[C@]2(C[C@H]1C#N)C(=O)Nc1ccccc12,7.0,1,ChEMBL
CHEMBL5763144,CN(C(=O)c1cc2c(F)cc(F)c(F)c2[nH]1)[C@@H](CC1CCCC1)C(=O)N1C[C@]2(C[C@H]1C#N)C(=O)Nc1ccccc12,7.0,1,ChEMBL
CHEMBL5884559,CN(C(=O)c1cc2c(F)cccc2[nH]1)[C@@H](CC1CCCCC1)C(=O)N1C[C@]2(C[C@H]1C#N)C(=O)Nc1ccccc12,7.0,1,ChEMBL
CHEMBL5747114,CN(C(=O)c1cc2c(F)cc(F)cc2[nH]1)[C@@H](CC1CCCCC1)C(=O)N1C[C@]2(C[C@H]1C#N)C(=O)Nc1ccccc12,7.0,1,ChEMBL
CHEMBL5811677,CN(C(=O)c1cc2c(F)c(F)ccc2[nH]1)[C@@H](CC1CCCCC1)C(=O)N1C[C@]2(C[C@H]1C#N)C(=O)Nc1ccccc12,7.0,1,ChEMBL
CHEMBL5923080,COc1cccc2[nH]c(C(=O)N(C)[C@@H](CC3CCCCC3)C(=O)N3C[C@]4(C[C@H]3C#N)C(=O)Nc3ccccc34)cc12,7.0,1,ChEMBL
CHEMBL5858937,COc1cccc2[nH]c(C(=O)N(C)[C@@H](CC3CC3)C(=O)N3C[C@]4(C[C@H]3C#N)C(=O)Nc3ccccc34)cc12,7.0,1,ChEMBL
CHEMBL5821623,CN(C(=O)c1cc2c(F)cc(F)cc2[nH]1)[C@@H](CC1CC1)C(=O)N1C[C@]2(C[C@H]1C#N)C(=O)Nc1ccccc12,7.0,1,ChEMBL
CHEMBL5818559,CN(C(=O)c1cc2c(F)cccc2[nH]1)[C@@H](CC1CC1)C(=O)N1C[C@]2(C[C@H]1C#N)C(=O)Nc1ccccc12,7.0,1,ChEMBL
CHEMBL6008705,COc1cccc2[nH]c(C(=O)N[C@@H](CC(C)C)C(=O)N3C[C@]4(C[C@H]3C=O)C(=O)N(C)c3ccccc34)cc12,7.0,1,ChEMBL
CHEMBL6055211,COc1cccc2[nH]c(C(=O)N(C)[C@@H](CC(C)C)C(=O)N3C[C@]4(C[C@H]3C#N)C(=O)N(C)c3ccccc34)cc12,7.0,1,ChEMBL
CHEMBL6011212,CC(C)C[C@H](NC(=O)NCc1ccccc1)C(=O)N1C[C@]2(C[C@H]1C#N)C(=O)Nc1ccccc12,7.0,1,ChEMBL
CHEMBL5779451,CC(C)(F)C[C@H](NC(=O)c1cc2c(F)cc(F)cc2[nH]1)C(=O)N1C[C@]2(C[C@H]1C#N)C(=O)Nc1ccc(Cl)cc12,7.0,1,ChEMBL
CHEMBL5816118,CN(C(=O)c1cnn(-c2ccccc2C(F)(F)F)c1)[C@@H](CC1CC1)C(=O)N1C[C@]2(C[C@H]1C#N)C(=O)Nc1ccccc12,7.0,1,ChEMBL
CHEMBL5808803,CN(C(=O)c1cnn(C(C)(C)C)c1)[C@@H](CC1CC1)C(=O)N1C[C@]2(C[C@H]1C#N)C(=O)Nc1ccccc12,7.0,1,ChEMBL
CHEMBL5829690,O=C[C@H](C[C@@H]1CCNC1=O)NC(=O)[C@@H]1[C@H]2CCC[C@H]2CN1C(=O)c1cc2c(OC(F)F)cccc2[nH]1,7.0,1,ChEMBL
CHEMBL5860499,COc1cccc2[nH]c(C(=O)N3C[C@@H]4CCC[C@@H]4[C@H]3C(=O)N[C@H](C#N)C[C@@H]3CCCNC3=O)cc12,7.0,1,ChEMBL
CHEMBL5849258,O=C(NC1CCCCC1)C(=O)[C@H](C[C@@H]1CCNC1=O)NC(=O)[C@@H]1[C@H]2CCC[C@H]2CN1C(=O)c1cc2c(OC(F)F)cccc2[nH]1,7.0,1,ChEMBL
CHEMBL5797024,O=C(NCc1ccccc1)C(=O)[C@H](C[C@@H]1CCNC1=O)NC(=O)[C@@H]1[C@H]2CCC[C@H]2CN1C(=O)c1cc2c(OC(F)F)cccc2[nH]1,7.0,1,ChEMBL
CHEMBL5879573,CC(C)(C)[C@H](NC(=O)C1CCCC1)C(=O)N1C[C@H]2[C@@H]([C@H]1C(=O)N[C@H](C#N)C[C@@H]1CCNC1=O)C2(C)C,7.0,1,ChEMBL
CHEMBL5956578,N#C[C@@H]1C[C@@]2(CN1C(=O)C(CC1CCC1)NC(=O)OCc1ccccc1)C(=O)Nc1ccccc12,7.0,1,ChEMBL
CHEMBL5748094,CC(C)C[C@H](NC(=O)OC1(c2ccccc2)CC1)C(=O)N1C[C@]2(C[C@H]1C#N)C(=O)Nc1ccccc12,7.0,1,ChEMBL
CHEMBL6015854,COc1cccc2[nH]c(C(=O)N[C@H](CC3CCC3)C(=O)N3C[C@]4(C[C@H]3C#N)C(=O)Nc3ccccc34)cc12,7.0,1,ChEMBL
CHEMBL5958667,CC(C)(C)C[C@H](NC(=O)c1cc2c(F)cccc2[nH]1)C(=O)N1C[C@]2(C[C@H]1C#N)C(=O)Nc1ccccc12,7.0,1,ChEMBL
CHEMBL6055687,CC(C)C[C@H](NC(=O)c1cc2c(F)cccc2[nH]1)C(=O)N1C[C@]2(CC1C#N)C(=O)Nc1ccccc12,7.0,1,ChEMBL
CHEMBL5793337,CC(C)C[C@H](NC(=O)c1cc2c(F)cccc2[nH]1)C(=O)N1C[C@]2(CC1C#N)C(=O)Nc1c(F)cccc12,7.0,1,ChEMBL
CHEMBL5851593,C=[S](=O)([Na])C(O)C1C[C@@]2(CN1C(=O)[C@H](CC(C)C)NC(=O)c1cc3c(OC)cccc3[nH]1)C(=O)Nc1ccccc12,7.0,1,ChEMBL
CHEMBL5897133,C=[S](=O)([Na])C(O)C1C[C@@]2(CN1C(=O)[C@H](CC(C)C)N(C)C(=O)c1cc3c(F)cccc3[nH]1)C(=O)Nc1ccccc12,7.0,1,ChEMBL
CHEMBL5938670,COc1cccc2[nH]c(C(=O)N[C@@H](CC(C)C)C(=O)N3C[C@]4(CC3C(=O)C(=O)NCc3ccccc3)C(=O)Nc3ccccc34)cc12,7.0,1,ChEMBL
CHEMBL5755966,COc1cccc2[nH]c(C(=O)N[C@@H](CC(C)C)C(=O)N3C[C@]4(CC3C(=O)C(=O)NC3CCCCC3)C(=O)Nc3ccccc34)cc12,7.0,1,ChEMBL
CHEMBL5995672,CC(C)C[C@@H](C(=O)N1C[C@]2(CC1C#N)C(=O)Nc1ccccc12)N(C)C(=O)OCc1ccccc1,7.0,1,ChEMBL
CHEMBL5824309,CN(C(=O)OCc1ccccc1)[C@@H](CC(C)(C)C)C(=O)N1C[C@]2(CC1C#N)C(=O)Nc1ccccc12,7.0,1,ChEMBL
CHEMBL5776778,CN(C(=O)OCc1ccccc1)[C@@H](Cc1ccccc1)C(=O)N1C[C@]2(CC1C#N)C(=O)Nc1ccccc12,7.0,1,ChEMBL
CHEMBL5971867,COc1cccc2c1C=C(COC(=O)N(C)[C@@H](CC(C)C)C(=O)N1C[C@]3(CC1C#N)C(=O)Nc1ccccc13)C2,7.0,1,ChEMBL
CHEMBL5796402,CC(C)C[C@@H](C(=O)N1C[C@]2(CC1C#N)C(=O)Nc1ccccc12)N(C)C(=O)c1cc2c(F)cccc2[nH]1,7.0,1,ChEMBL
CHEMBL5961070,CC(C)C[C@@H](C(=O)N1C[C@]2(CC1C#N)C(=O)Nc1ccccc12)N(C)C(=O)c1cc2c(C3CC3)cccc2[nH]1,7.0,1,ChEMBL
CHEMBL6002193,CC(C)C[C@@H](C(=O)N1C[C@]2(CC1C#N)C(=O)Nc1ccccc12)N(C)C(=O)c1cc2c(F)cc(F)cc2[nH]1,7.0,1,ChEMBL
CHEMBL5844800,Cc1c(C(=O)N(C)[C@@H](CC(C)C)C(=O)N2C[C@]3(CC2C#N)C(=O)Nc2ccccc23)[nH]c2cc(F)cc(F)c12,7.0,1,ChEMBL
CHEMBL5794779,CC(C)C[C@@H](C(=O)N1C[C@]2(CC1C#N)C(=O)Nc1ccccc12)N(C)C(=O)c1cc2c(OC(F)(F)F)cccc2[nH]1,7.0,1,ChEMBL
CHEMBL6011427,CC(C)C[C@@H](C(=O)N1C[C@]2(CC1C#N)C(=O)Nc1ccccc12)N(C)C(=O)c1cc2ccc(F)cc2[nH]1,7.0,1,ChEMBL
CHEMBL5794534,CC(C)C[C@@H](C(=O)N1C[C@]2(CC1C#N)C(=O)Nc1ccccc12)N(C)C(=O)c1cc2c(OC(F)F)cccc2[nH]1,7.0,1,ChEMBL
CHEMBL5839885,CC(C)C[C@@H](C(=O)N1C[C@]2(CC1C#N)C(=O)Nc1ccccc12)N(C)C(=O)c1cc2c(F)cc(F)c(F)c2[nH]1,7.0,1,ChEMBL
CHEMBL5924935,COc1cccc2c1cc(C(=O)N(C)[C@@H](CC(C)C)C(=O)N1C[C@]3(CC1C#N)C(=O)Nc1ccccc13)n2C,7.0,1,ChEMBL
CHEMBL5874243,CC(C)C[C@@H](C(=O)N1C[C@]2(CC1C#N)C(=O)Nc1ccccc12)N(C)C(=O)c1cc2cc(-c3ccccc3)ccc2[nH]1,7.0,1,ChEMBL
CHEMBL6061464,CC(C)C[C@@H](C(=O)N1C[C@]2(CC1C#N)C(=O)Nc1ccccc12)N(C)C(=O)c1cc2ccc(-c3ccccc3)cc2[nH]1,7.0,1,ChEMBL
CHEMBL5844034,CC(C)C[C@@H](C(=O)N1C[C@]2(CC1C#N)C(=O)Nc1ccccc12)N(C)C(=O)c1cc2cc(C(C)(C)C)ccc2[nH]1,7.0,1,ChEMBL
CHEMBL5783940,CC(C)C[C@@H](C(=O)N1C[C@]2(CC1C#N)C(=O)Nc1ccccc12)N(C)C(=O)c1cc2ccc(C(C)(C)C)cc2[nH]1,7.0,1,ChEMBL
CHEMBL5793195,COc1ccc(Cl)c(C(=O)N(C)[C@@H](CC(C)C)C(=O)N2C[C@]3(CC2C#N)C(=O)Nc2ccccc23)c1,7.0,1,ChEMBL
CHEMBL5776828,CC(C)C[C@@H](C(=O)N1C[C@]2(CC1C#N)C(=O)Nc1ccccc12)N(C)C(=O)c1ncccc1Cl,7.0,1,ChEMBL
CHEMBL5944120,CC(C)C[C@@H](C(=O)N1C[C@]2(CC1C#N)C(=O)Nc1ccccc12)N(C)C(=O)c1cnccc1C#N,7.0,1,ChEMBL
CHEMBL5853587,CC(C)C[C@@H](C(=O)N1C[C@]2(CC1C#N)C(=O)Nc1ccccc12)N(C)C(=O)c1ccc(F)cc1Cl,7.0,1,ChEMBL
CHEMBL5867918,CC(C)C[C@@H](C(=O)N1C[C@]2(CC1C#N)C(=O)Nc1ccccc12)N(C)C(=O)c1cc(F)ccc1Cl,7.0,1,ChEMBL
CHEMBL5887703,CC(C)C[C@@H](C(=O)N1C[C@]2(CC1C#N)C(=O)Nc1ccccc12)N(C)C(=O)c1ccc(F)c(Cl)c1,7.0,1,ChEMBL
CHEMBL5888109,CC(C)C[C@@H](C(=O)N1C[C@]2(CC1C#N)C(=O)Nc1ccccc12)N(C)C(=O)c1c(Cl)cccc1Cl,7.0,1,ChEMBL
CHEMBL6060106,CC(C)C[C@@H](C(=O)N1C[C@]2(CC1C#N)C(=O)Nc1ccccc12)N(C)C(=O)c1cc2c(Cl)cccc2[nH]1,7.0,1,ChEMBL
CHEMBL6018690,CC(C)C[C@@H](C(=O)N1C[C@]2(CC1C#N)C(=O)Nc1ccccc12)N(C)C(=O)c1cc2c(Br)ccc(Cl)c2[nH]1,7.0,1,ChEMBL
CHEMBL5809767,CC(C)C[C@@H](C(=O)N1C[C@]2(CC1C#N)C(=O)Nc1ccccc12)N(C)C(=O)c1cc2c(C#N)cccc2[nH]1,7.0,1,ChEMBL
CHEMBL6018307,CC(C)C[C@@H](C(=O)N1C[C@]2(CC1C#N)C(=O)Nc1ccccc12)N(C)C(=O)c1cc2cc(F)cc(F)c2[nH]1,7.0,1,ChEMBL
CHEMBL5836296,CC(C)C[C@@H](C(=O)N1C[C@]2(CC1C#N)C(=O)Nc1ccccc12)N(C)C(=O)c1cc2cc(F)c(F)cc2[nH]1,7.0,1,ChEMBL
CHEMBL6060747,CC(C)C[C@@H](C(=O)N1C[C@]2(CC1C#N)C(=O)Nc1ccccc12)N(C)C(=O)c1cc2cc(F)ccc2[nH]1,7.0,1,ChEMBL
CHEMBL5740400,CC(C)C[C@@H](C(=O)N1C[C@]2(CC1C#N)C(=O)Nc1ccccc12)N(C)C(=O)c1cc2c(F)ccc(F)c2[nH]1,7.0,1,ChEMBL
CHEMBL5852447,CC(C)C[C@@H](C(=O)N1C[C@]2(CC1C#N)C(=O)Nc1ccccc12)N(C)C(=O)c1cc2c(Cl)cc(F)cc2[nH]1,7.0,1,ChEMBL
CHEMBL5900935,CC(C)C[C@@H](C(=O)N1C[C@]2(CC1C#N)C(=O)Nc1ccccc12)N(C)C(=O)c1cc2c(F)c(Cl)ccc2[nH]1,7.0,1,ChEMBL
CHEMBL6009668,CC(C)C[C@@H](C(=O)N1C[C@]2(CC1C#N)C(=O)Nc1ccccc12)N(C)C(=O)c1cc2c(Cl)cc(Cl)cc2[nH]1,7.0,1,ChEMBL
CHEMBL5821900,CC(C)C[C@@H](C(=O)N1C[C@]2(CC1C#N)C(=O)Nc1ccccc12)N(C)C(=O)c1n[nH]c2ccccc12,7.0,1,ChEMBL
CHEMBL5784105,CC(C)C[C@@H](C(=O)N1C[C@]2(CC1C#N)C(=O)Nc1ccccc12)N(C)C(=O)c1cc2cc(Cl)cc(Cl)c2[nH]1,7.0,1,ChEMBL
CHEMBL5969853,CC(C)C[C@@H](C(=O)N1C[C@]2(CC1C#N)C(=O)Nc1ccccc12)N(C)C(=O)c1cc2ccccc2[nH]1,7.0,1,ChEMBL
CHEMBL6045101,CC(C)C[C@@H](C(=O)N1C[C@]2(CC1C#N)C(=O)Nc1ccccc12)N(C)C(=O)c1cc2c(Br)cccc2[nH]1,7.0,1,ChEMBL
CHEMBL5799938,CN(C(=O)c1cc2c(F)cccc2[nH]1)[C@@H](Cc1ccccc1)C(=O)N1C[C@]2(CC1C#N)C(=O)Nc1ccccc12,7.0,1,ChEMBL
CHEMBL5781476,CN(C(=O)c1cc2c(F)cc(F)cc2[nH]1)[C@@H](Cc1ccccc1)C(=O)N1C[C@]2(CC1C#N)C(=O)Nc1ccccc12,7.0,1,ChEMBL
CHEMBL6052097,CC(C)C[C@@H](C(=O)N1C[C@]2(CC1C#N)C(=O)Nc1ccccc12)N(C)C(=O)c1cc2c(OC3CC3)cccc2[nH]1,7.0,1,ChEMBL
CHEMBL5842482,CC(C)C[C@@H](C(=O)N1C[C@]2(CC1C#N)C(=O)Nc1ccccc12)N(C)C(=O)c1cc2c(F)c(F)c(F)cc2[nH]1,7.0,1,ChEMBL
CHEMBL5999917,CC(C)C[C@@H](C(=O)N1C[C@]2(CC1C#N)C(=O)Nc1ccccc12)N(C)C(=O)c1cc2cc(C(C)C)ccc2[nH]1,7.0,1,ChEMBL
CHEMBL5973198,COc1cccc2[nH]c(C(=O)N(C)[C@@H](CC(C)(C)C)C(=O)N3C[C@]4(CC3C#N)C(=O)Nc3ccccc34)cc12,7.0,1,ChEMBL
CHEMBL6006410,CN(C(=O)c1cc2c(F)c(F)ccc2[nH]1)[C@@H](CC(C)(C)C)C(=O)N1C[C@]2(CC1C#N)C(=O)Nc1ccccc12,7.0,1,ChEMBL
CHEMBL5963406,CN(C(=O)c1cc2c(F)cccc2[nH]1)[C@@H](CC(C)(C)C)C(=O)N1C[C@]2(CC1C#N)C(=O)Nc1ccccc12,7.0,1,ChEMBL
CHEMBL5757740,CN(C(=O)c1cc2c(F)cc(F)cc2[nH]1)[C@@H](CC(C)(C)C)C(=O)N1C[C@]2(CC1C#N)C(=O)Nc1ccccc12,7.0,1,ChEMBL
CHEMBL5828735,CN(C(=O)OCc1ccccc1)[C@@H](CC1CCC1)C(=O)N1C[C@]2(CC1C#N)C(=O)Nc1ccccc12,7.0,1,ChEMBL
CHEMBL5776727,CCN(C(=O)OCc1ccccc1)[C@@H](CC(C)C)C(=O)N1C[C@]2(CC1C#N)C(=O)Nc1ccccc12,7.0,1,ChEMBL
CHEMBL5986981,CN(C(=O)c1cc2c(F)cc(F)cc2[nH]1)[C@@H](CC1CCC1)C(=O)N1C[C@]2(CC1C#N)C(=O)Nc1ccccc12,7.0,1,ChEMBL
CHEMBL6039914,COc1cccc2[nH]c(C(=O)N(C)[C@@H](CC3CCC3)C(=O)N3C[C@]4(CC3C#N)C(=O)Nc3ccccc34)cc12,7.0,1,ChEMBL
CHEMBL5947325,CN(C(=O)c1cc2c(F)cccc2[nH]1)[C@@H](CC1CCC1)C(=O)N1C[C@]2(CC1C#N)C(=O)Nc1ccccc12,7.0,1,ChEMBL
CHEMBL6029047,CN(C(=O)c1cc2c(OC3CC3)cccc2[nH]1)[C@@H](CC1CCC1)C(=O)N1C[C@]2(CC1C#N)C(=O)Nc1ccccc12,7.0,1,ChEMBL
CHEMBL5941769,CCN(C(=O)c1cc2c(F)cccc2[nH]1)[C@@H](CC(C)C)C(=O)N1C[C@]2(CC1C#N)C(=O)Nc1ccccc12,7.0,1,ChEMBL
CHEMBL5750023,C=CCN(C(=O)OCc1ccccc1)[C@@H](CC(C)C)C(=O)N1C[C@]2(CC1C#N)C(=O)Nc1ccccc12,7.0,1,ChEMBL
CHEMBL5826032,CCCN(C(=O)OCc1ccccc1)[C@@H](CC(C)C)C(=O)N1C[C@]2(CC1C#N)C(=O)Nc1ccccc12,7.0,1,ChEMBL
CHEMBL5752304,CCCN(C(=O)c1cc2c(F)cccc2[nH]1)[C@@H](CC(C)C)C(=O)N1C[C@]2(CC1C#N)C(=O)Nc1ccccc12,7.0,1,ChEMBL
CHEMBL5947740,CCCN(C(=O)c1cc2c(F)cc(F)cc2[nH]1)[C@@H](CC(C)C)C(=O)N1C[C@]2(CC1C#N)C(=O)Nc1ccccc12,7.0,1,ChEMBL
CHEMBL5846150,CC(C)CC[C@@H](C(=O)N1C[C@]2(CC1C#N)C(=O)Nc1ccccc12)N(C)C(=O)OCc1ccccc1,7.0,1,ChEMBL
CHEMBL5979756,CN(C(=O)OCc1ccccc1)[C@@H](CC(C)(C)F)C(=O)N1C[C@]2(CC1C#N)C(=O)Nc1ccccc12,7.0,1,ChEMBL
CHEMBL6059221,CN(C(=O)OCc1ccccc1)[C@@H](CC1CC1)C(=O)N1C[C@]2(CC1C#N)C(=O)Nc1ccccc12,7.0,1,ChEMBL
CHEMBL5991690,CC(C)CC[C@@H](C(=O)N1C[C@]2(CC1C#N)C(=O)Nc1ccccc12)N(C)C(=O)c1cc2c(F)cc(F)cc2[nH]1,7.0,1,ChEMBL
CHEMBL5795937,COc1cccc2[nH]c(C(=O)N(C)[C@@H](CCC(C)C)C(=O)N3C[C@]4(CC3C#N)C(=O)Nc3ccccc34)cc12,7.0,1,ChEMBL
CHEMBL5886140,COc1cccc2[nH]c(C(=O)N(C)[C@@H](CC3CCCC3)C(=O)N3C[C@]4(CC3C#N)C(=O)Nc3ccccc34)cc12,7.0,1,ChEMBL
CHEMBL5944776,CN(C(=O)c1cc2c(F)cc(F)cc2[nH]1)[C@@H](CC1CCCC1)C(=O)N1C[C@]2(CC1C#N)C(=O)Nc1ccccc12,7.0,1,ChEMBL
CHEMBL5999412,CN(C(=O)c1cc2c(C(=O)C(F)(F)F)cccc2[nH]1)[C@@H](CC1CCCC1)C(=O)N1C[C@]2(CC1C#N)C(=O)Nc1ccccc12,7.0,1,ChEMBL
CHEMBL5960766,CN(C(=O)c1cc2c(F)cc(F)c(F)c2[nH]1)[C@@H](CC1CCCC1)C(=O)N1C[C@]2(CC1C#N)C(=O)Nc1ccccc12,7.0,1,ChEMBL
CHEMBL5824613,CN(C(=O)c1cc2c(F)cccc2[nH]1)[C@@H](CC1CCCCC1)C(=O)N1C[C@]2(CC1C#N)C(=O)Nc1ccccc12,7.0,1,ChEMBL
CHEMBL5839577,CN(C(=O)c1cc2c(F)cc(F)cc2[nH]1)[C@@H](CC1CCCCC1)C(=O)N1C[C@]2(CC1C#N)C(=O)Nc1ccccc12,7.0,1,ChEMBL
CHEMBL6002297,CN(C(=O)c1cc2c(F)c(F)ccc2[nH]1)[C@@H](CC1CCCCC1)C(=O)N1C[C@]2(CC1C#N)C(=O)Nc1ccccc12,7.0,1,ChEMBL
CHEMBL5901846,COc1cccc2[nH]c(C(=O)N(C)[C@@H](CC3CCCCC3)C(=O)N3C[C@]4(CC3C#N)C(=O)Nc3ccccc34)cc12,7.0,1,ChEMBL
CHEMBL5830792,COc1cccc2[nH]c(C(=O)N(C)[C@@H](CC3CC3)C(=O)N3C[C@]4(CC3C#N)C(=O)Nc3ccccc34)cc12,7.0,1,ChEMBL
CHEMBL5822659,CN(C(=O)c1cc2c(F)cc(F)cc2[nH]1)[C@@H](CC1CC1)C(=O)N1C[C@]2(CC1C#N)C(=O)Nc1ccccc12,7.0,1,ChEMBL
CHEMBL5821914,CN(C(=O)c1cc2c(F)cccc2[nH]1)[C@@H](CC1CC1)C(=O)N1C[C@]2(CC1C#N)C(=O)Nc1ccccc12,7.0,1,ChEMBL
CHEMBL6065869,COc1cccc2[nH]c(C(=O)N(C)[C@@H](CC(C)C)C(=O)N3C[C@]4(CC3C=O)C(=O)N(C)c3ccccc34)cc12,7.0,1,ChEMBL
CHEMBL6031391,C#C[C@@H]1C[C@@]2(CN1C(=O)[C@H](CC(C)C)N(C)C(=O)c1cc3c(OC)cccc3[nH]1)C(=O)N(C)c1ccccc12,7.0,1,ChEMBL
CHEMBL5820046,CC(C)C[C@@H](C(=O)N1C[C@]2(CC1C#N)C(=O)Nc1ccccc12)N(C)C(=O)NCc1ccccc1,7.0,1,ChEMBL
CHEMBL6060286,CN(C(=O)c1cc2c(F)cc(F)cc2[nH]1)[C@@H](CC(C)(C)F)C(=O)N1C[C@]2(CC1C#N)C(=O)Nc1cccc(Cl)c12,7.0,1,ChEMBL
CHEMBL6160297,Cc1ccc(OCCN(C)C)cc1C(=O)N[C@H](C)c1cc(-c2cncs2)cc(-c2cncs2)c1,7.0,1,ChEMBL
CHEMBL6161668,Cc1ccc(OCCN(C)C)cc1C(=O)N[C@H](C)c1cc(-c2ccsc2)cc(-c2ccsc2)c1,7.0,1,ChEMBL
CHEMBL6147704,COCCn1cc(-c2cc(-c3cnn(CCO)c3)cc([C@@H](C)NC(=O)c3cc(OCCN(C)C)ccc3C)c2)cn1,7.0,1,ChEMBL
CHEMBL6133865,O=C1C[C@H]2CCCN2C(=O)c2cncc(c2)/C=C/CCCCCCOC(=O)[C@@H](Cc2ccc(Cl)cc2)N1,7.0,1,ChEMBL
CHEMBL6102691,CCOC(=O)/C=C/C(=O)NNC(=O)CCc1ccccc1C(=O)N[C@H](C)c1cc(-c2cnn(C)c2)cc(-c2ccn(CC)n2)c1,7.0,1,ChEMBL
CHEMBL6160946,CCn1ccc(-c2cc(-c3cnn(C)c3)cc([C@@H](C)NC(=O)c3ccccc3CCC(=O)NNC(=O)/C=C/C(=O)OC(C)(C)C)c2)n1,7.0,1,ChEMBL
CHEMBL6144633,CCn1ccc(-c2cc(-c3cnn(C)c3)cc([C@@H](C)NC(=O)c3ccccc3CCC(=O)NNC(=O)/C=C/C(=O)N3CCC3)c2)n1,7.0,1,ChEMBL
CHEMBL6161804,CCn1ccc(-c2cc(-c3cnn(C)c3)cc([C@@H](C)NC(=O)c3ccccc3CCC(=O)NNC(=O)/C=C/C(=O)N3CC(C)(C)C3)c2)n1,7.0,1,ChEMBL
CHEMBL6151578,CCn1ccc(-c2cc(-c3cnn(C)c3)cc([C@@H](C)NC(=O)c3ccccc3CCC(=O)NNC(=O)/C=C/C(=O)N3CC(F)(F)C3)c2)n1,7.0,1,ChEMBL
CHEMBL6132695,CCn1ccc(-c2cc(-c3cnn(C)c3)cc([C@@H](C)NC(=O)c3ccccc3CCC(=O)NNC(=O)/C=C/C(=O)N3CC(F)C3)c2)n1,7.0,1,ChEMBL
CHEMBL6120816,CCn1ccc(-c2cc(-c3cnn(C)c3)cc([C@@H](C)NC(=O)c3ccccc3CCC(=O)NNC(=O)/C=C/C(=O)N3CC(C(F)(F)F)C3)c2)n1,7.0,1,ChEMBL
CHEMBL6150542,CCn1ccc(-c2cc(-c3cnn(C)c3)cc([C@@H](C)NC(=O)c3ccccc3CCC(=O)NNC(=O)/C=C/C(=O)NC34CC(C3)C4)c2)n1,7.0,1,ChEMBL
CHEMBL5085894,CC(C)C[C@H](NC(=O)OCC1CCC(F)(F)CC1)C(=O)N[C@@H](C[C@@H]1CCNC1=O)C(O)S(=O)(=O)[O-].[Na+],7.0,1,ChEMBL
MAT-POS-f2460aef-1,CC(C)(C)c1ccc(N(C(=O)c2ccco2)[C@H](C(=O)NCCc2cccc(F)c2)c2cccnc2)cc1,7.0,1,Moonshot
EDJ-MED-e69ed63d-8,CCNC(=O)CN1CC(C(=O)Nc2cncc3cc(S(C)(=O)=O)ccc23)c2cc(Cl)ccc2C1=O,7.0,1,Moonshot
ALF-EVA-07677224-7,COC1(CS(=O)(=O)N2Cc3ccc(Cl)cc3C(C(=O)Nc3cncc4ccccc34)C2)CC1,7.0,2,Moonshot
CHEMBL477164,O=C[C@H](C[C@@H]1CCNC1=O)NC(=O)[C@H](Cc1ccccc1)NC(=O)/C=C/c1ccc(Cl)cc1F,6.99,1,ChEMBL
CHEMBL5566211,O=C[C@H](C[C@@H]1CCNC1=O)NC(=O)[C@H](Cc1ccc(F)cc1)NC(=O)c1cc2ccccc2[nH]1,6.99,1,ChEMBL
CHEMBL1892684,O=C(Oc1cncc(Cl)c1)c1sccc1Cl,6.99,1,ChEMBL
CHEMBL6168655,Cc1ccc(OCCN(C)C)cc1C(=O)N[C@H](C)c1cc(-c2ccccc2)cc(-c2ccccc2)c1,6.99,1,ChEMBL
MAT-POS-853c0ffa-15,CS(=O)(=O)c1ccc2c(N3CCC4(CN(S(=O)(=O)CC5(C#N)CC5)Cc5ccc(Cl)cc54)C3=O)cncc2c1,6.99,1,Moonshot
RAL-THA-a9c31980-1,CCNC(=O)CN1CC(C(=O)Nc2cncc3ccccc23)c2cc(Cl)ccc2C1=O,6.98,1,Moonshot
MAT-POS-5cd9ea36-20,CN(C1CC1)S(=O)(=O)N1Cc2ccc(Cl)cc2C(C(=O)Nc2cncc3ccccc23)C1,6.98,1,Moonshot
MAT-POS-5cd9ea36-22,COCCN(C)S(=O)(=O)N1Cc2ccc(Cl)cc2C(C(=O)Nc2cncc3ccccc23)C1,6.98,1,Moonshot
CHEMBL4852855,C[C@@H](OC(C)(C)C)[C@H](NC(=O)OCc1ccccc1)C(=O)N[C@@H](CC1CCCCC1)C(=O)N[C@H](C=O)C[C@@H]1CCNC1=O,6.98,1,ChEMBL
CHEMBL5275051,CC(C)C[C@H](NC(=O)[C@@H](NC(=O)OCc1ccccc1)C(C)OC(C)(C)C)C(=O)N[C@H](C=O)C[C@@H]1CCNC1=O,6.98,1,ChEMBL
CHEMBL5438575,CC(C)(C)NC(=O)C(=O)[C@H](C[C@@H]1CCNC1=O)NC(=O)[C@@H]1[C@H]2CCC[C@H]2CN1C(=O)[C@@H](NC(=O)C(F)(F)F)C1CCC1,6.98,1,ChEMBL
CHEMBL5556145,CN(C(=O)[C@H](Cc1ccccc1)NC(=O)OCc1ccccc1)N(C#N)Cc1ccc(Br)cc1F,6.98,1,ChEMBL
CHEMBL5549975,CNC(=O)c1cc(Br)cc([N+](=O)[O-])c1N[C@@H]1CCCC[C@@H]1NC(=O)c1cc(=O)[nH]c2cc(F)ccc12,6.98,1,ChEMBL
MAT-POS-50a80394-1,CC1CN(c2cncc3ccccc23)C(=O)C12CN(S(=O)(=O)CC1(C#N)CC1)Cc1ccc(Cl)cc12,6.97,1,Moonshot
EDJ-MED-8bb691af-8,CNC(=O)CN1CC2(CCN(c3cncc4ccccc34)C2=O)c2cc(Cl)ccc2C1=O,6.97,2,Moonshot
RAL-THA-a9c31980-9,O=C(CN1CC(C(=O)Nc2cncc3ccccc23)c2cc(Cl)ccc2C1=O)NCC1CCC1,6.97,1,Moonshot
EDJ-MED-76744c27-5,CC(C)CS(=O)(=O)N1Cc2ccc(Cl)cc2C(C(=O)Nc2cncc3ccccc23)C1,6.97,1,Moonshot
CHEMBL5406891,CC(C)Cc1nc2cc(O)c(O)c(O)c2c(=O)n1-c1ccccc1,6.97,1,ChEMBL
CHEMBL5598122,O=C(Oc1cncc(Cl)c1)c1ccc(Cl)cc1Cl,6.97,1,ChEMBL
CHEMBL5596825,CCOc1ccc(C(=O)Oc2cncc(Br)c2)c(F)c1,6.97,1,ChEMBL
MAT-POS-96f51285-3,COc1ccc2cncc(NC(=O)C3CCOc4cc(F)c(Cl)cc43)c2c1,6.97,1,Moonshot
CHEMBL5441425,CC(C)[C@@H](Nc1ncnc2[nH]c(-c3ccc4cncn4c3)cc12)c1ccc2c(c1)S(=O)(=O)CCC2,6.96,1,ChEMBL
CHEMBL5179454,O=c1c2ccccc2sn1Cc1ccco1,6.96,1,ChEMBL
CHEMBL3427141,O=C[C@H](C[C@@H]1CCNC1=O)NC(=O)[C@H](CC1CCCCC1)NC(=O)OCc1cccc(Cl)c1,6.96,1,ChEMBL
CHEMBL5441524,CCNC(=O)c1cc2c(N[C@H](c3ccc4c(n3)S(=O)(=O)CCO4)C(C)C)ncnc2[nH]1,6.96,1,ChEMBL
CHEMBL4863054,O=c1[nH]cc(-c2cc(-c3cc(Cl)cc(OCCC(F)(F)F)c3)c(=O)n(-c3cccnc3)c2)c(=O)[nH]1,6.96,1,ChEMBL
CHEMBL5560897,Cc1cccc(OCc2cc(Cl)cc(-c3cc(-c4c[nH]c(=O)[nH]c4=O)cn(-c4cccnc4)c3=O)c2)c1,6.96,1,ChEMBL
CHEMBL5563154,CC(C)C[C@H](NC(=O)OC[C@@H]1CCC(=O)N1Cc1cccc(F)c1)C(=O)N[C@H](C=O)C[C@@H]1CCNC1=O,6.96,1,ChEMBL
CHEMBL5567705,CC(C)C[C@H](NC(=O)OC[C@@H]1CCC(=O)N1Cc1cccc(Cl)c1)C(=O)N[C@H](C=O)C[C@@H]1CCNC1=O,6.96,1,ChEMBL
CHEMBL5571844,C[C@@H](OC(C)(C)C)[C@H](NC(=O)OCc1cn(CCOCCOCCOCCC(=O)N(C)CCN(C)c2cccc3c2C(=O)N(C2CCC(=O)NC2=O)C3=O)nn1)C(=O)N[C@@H](CC1CCCCC1)C(=O)N[C@H](C=O)C[C@@H]1CCNC1=O,6.96,1,ChEMBL
CHEMBL5594543,CCn1ccc(-c2cc(-c3cnn(C)c3)cc([C@@H](C)NC(=O)c3cc(OCCN(C)C)ccc3C)c2)n1,6.96,1,ChEMBL
CHEMBL5630515,CC(C)(C)[C@H](NC(=O)C(F)(F)F)C(=O)N1[C@@H]2CC[C@@H](C2)[C@H]1C(=O)N[C@@H](C[C@@H]1CCNC1=O)C(=O)c1nc2ccccc2s1,6.96,1,ChEMBL
CHEMBL5641848,[O-][S+](Cc1ncccn1)c1nnc(-c2ccc(Cl)cc2)o1,6.96,1,ChEMBL
CHEMBL5639088,CC(C)(C)c1ccc(-c2nnc([S+]([O-])Cc3cccnc3)o2)cc1,6.96,1,ChEMBL
CHEMBL6102705,O=C(/C=C/c1c(Cl)c(O)c(O)c(O)c1Cl)c1ccc(F)cc1,6.96,1,ChEMBL
CHEMBL6120916,Cc1ccc(N2CCN(CCC(=O)O)CC2)cc1C(=O)NC1(c2cccc3ccccc23)CC1,6.96,1,ChEMBL
CHEMBL6148428,Cc1ccc(NC(=O)CN(C)C)cc1C(=O)N[C@H](C)c1cc(-c2cccs2)cc(-c2cccs2)c1,6.96,1,ChEMBL
CHEMBL6120347,Cc1ccc(NCCN2CCCCC2)cc1C(=O)N[C@H](C)c1cc(-c2cccs2)cc(-c2cccs2)c1,6.96,1,ChEMBL
CHEMBL6152731,COCCn1cc(-c2cc(-c3cncs3)cc([C@@H](C)NC(=O)c3cc(OCCN(C)C)ccc3C)c2)cn1,6.96,1,ChEMBL
CHEMBL6103527,Cc1ccc(OCCN(C)C)cc1C(=O)N[C@H](C)c1cc(-c2cnn(CCN(C)C)c2)cc(-c2cccs2)c1,6.96,1,ChEMBL
CHEMBL6133903,Cc1ccc(OCCN(C)C)cc1C(=O)N[C@H](C)c1cc(-c2cnn(CCO)c2)cc(-c2cccs2)c1,6.96,1,ChEMBL
CHEMBL6160512,COCCn1cc(-c2cc(-c3cccs3)cc([C@@H](C)NC(=O)c3cc(OCCN(C)C)ccc3C)c2)cn1,6.96,1,ChEMBL
CHEMBL6152037,COCCn1cc(-c2cc(-c3cnn(C(F)F)c3)cc([C@@H](C)NC(=O)c3cc(OCCN(C)C)ccc3C)c2)cn1,6.96,1,ChEMBL
CHEMBL6159754,Cc1ccc(OCCN(C)C)cc1C(=O)N[C@H](C)c1cc(-c2cnn(C(C)C)c2)cc(-c2ccn(C)n2)c1,6.96,1,ChEMBL
CHEMBL6148482,CC(=O)n1cc(-c2cc(-c3cnn(C)c3)cc([C@@H](C)NC(=O)c3cc(OCCN(C)C)ccc3C)c2)cn1,6.96,1,ChEMBL
MAT-POS-78ab8081-3,CNC(=O)c1ccc2cncc(NC(=O)C3CN(S(=O)(=O)CC4(C)CS(=O)(=O)C4)Cc4ccc(Cl)cc43)c2c1,6.96,1,Moonshot
MAT-POS-5cd9ea36-2,O=C(Nc1cncc2ccccc12)C1CN(S(=O)(=O)NC2CC2)Cc2ccc(Cl)cc21,6.95,1,Moonshot
MAT-POS-8293a91a-5,CNC(=O)CN1Cc2ccc(Cl)cc2[C@@H](C(=O)Nc2cncc3ccccc23)C1,6.95,1,Moonshot
ALP-POS-02c6a514-44,Cc1ccncc1C(C(=O)NCCc1cccc(F)c1)N(C(=O)c1ccco1)c1ccc(C(C)(C)C)cc1,6.95,1,Moonshot
CHEMBL5079592,Cc1ccc(NC2CNC2)cc1C(=O)N[C@H](C)c1cccc(-c2ccc(CN[C@H]3CC[C@@H](O)C3)s2)c1,6.95,1,ChEMBL
EDJ-MED-43f8f7d6-4,O=C(CN1CC(C(=O)Nc2cncc3ccccc23)c2cc(Cl)ccc2C1=O)NC1CC1,6.95,1,Moonshot
CHEMBL5202735,CCOC(=O)CCCCN(C[C@H]1O[C@@H](n2cnc3c(N)ncnc32)[C@H](O)[C@@H]1O)S(=O)(=O)c1ccc(OC)c([N+](=O)[O-])c1,6.94,1,ChEMBL
CHEMBL5442158,CC(C)[C@@H](Nc1ncnc2[nH]c(-c3ccnc(OCCN(C)C)c3)cc12)c1ccc2c(c1)S(=O)(=O)CCC2,6.94,1,ChEMBL
CHEMBL5441776,CC(C)[C@@H](Nc1ncnc2[nH]c(C3=CCOC3)cc12)c1ccc2c(c1)S(=O)(=O)CCC2,6.94,1,ChEMBL
CHEMBL6134216,O=C(/C=C/c1c(Cl)c(O)c(O)c(O)c1Cl)c1c(Cl)c(O)c(O)c(O)c1Cl,6.94,1,ChEMBL
EDJ-MED-ede277f6-12,CC1(CS(=O)(=O)N2Cc3ccc(Cl)cc3C(C(=O)Nc3cncc4cc(S(C)(=O)=O)ccc34)C2)CS(=O)(=O)C1,6.94,1,Moonshot
EDJ-MED-8bb691af-4,CNC(=O)CN1Cc2ccc(Cl)cc2C2(CCN(c3cncc4ccccc34)C2=O)C1,6.94,1,Moonshot
MAT-POS-af1eef35-2,COC(=O)CN(C)S(=O)(=O)N1Cc2ccc(Cl)cc2C(C(=O)Nc2cncc3ccccc23)C1,6.94,3,Moonshot
EDJ-MED-378a25ea-2,CNC(=O)c1ccc2cncc(NC(=O)C3CN(S(=O)(=O)CC4(C#N)CC4)Cc4ccc(Cl)cc43)c2c1,6.94,2,Moonshot
EDJ-MED-1981ceba-5,CN1CCN(S(=O)(=O)N2Cc3ccc(Cl)cc3C(C(=O)Nc3cncc4ccccc34)C2)CC1,6.94,1,Moonshot
MAT-POS-5cd9ea36-6,N#CC1(CS(=O)(=O)N2Cc3ccc(Cl)cc3C(C(=O)Nc3cncc4ccccc34)C2)CCOCC1,6.94,1,Moonshot
CHEMBL358279,NC(=O)c1ccc2c(c1)C(=O)C(=O)N2Cc1ccc2ccccc2c1,6.93,1,ChEMBL
MAT-POS-5cd9ea36-18,CN(CC#N)S(=O)(=O)N1Cc2ccc(Cl)cc2C(C(=O)Nc2cncc3ccccc23)C1,6.93,1,Moonshot
CHEMBL5192654,O=C(Sc1nc2ccccc2s1)c1cc2ccccc2[nH]1,6.93,1,ChEMBL
CHEMBL5189273,O=C(Cn1sc2cccc(F)c2c1=O)Nc1ccccc1,6.93,1,ChEMBL
CHEMBL5424318,Cc1cc(-n2c(-c3ccccc3)nc3cc(O)c(O)c(O)c3c2=O)ccc1F,6.93,1,ChEMBL
CHEMBL5441991,CC(C)[C@@H](Nc1ncnc2[nH]c(C3=CCS(=O)(=O)C3)cc12)c1ccc2c(c1)S(=O)(=O)CCC2,6.93,1,ChEMBL
CHEMBL5562021,COc1cccc(CN(C#N)N(C)C(=O)[C@H](Cc2ccccc2)NC(=O)OCc2ccccc2)c1F,6.93,1,ChEMBL
CHEMBL5598082,O=C(Oc1cncc(Cl)c1)c1cccc(-c2ccccc2)c1,6.93,1,ChEMBL
MAT-POS-78ab8081-2,CN(C)CCOc1ccc2cncc(NC(=O)C3CN(S(=O)(=O)CC4(C#N)CC4)Cc4ccc(Cl)cc43)c2c1,6.93,1,Moonshot
MAT-POS-96f51285-1,COc1ccc2cncc(NC(=O)C3(OC)CCOc4ccc(Cl)cc43)c2c1,6.93,1,Moonshot
MAT-POS-4223bc15-25,NC(=O)CN1Cc2ccc(Cl)cc2C(C(=O)Nc2cncc3ccccc23)C1,6.92,1,Moonshot
ALP-POS-1460fd94-1,CNC(=O)CN1Cc2ccc(Cl)cc2C(C(=O)Nc2cncc3cc(COC)ccc23)C1,6.92,1,Moonshot
MAT-POS-e119ab4f-2,CNC(=O)CN1CC(C(=O)Nc2cncc3ccc(F)cc23)c2cc(Cl)ccc2C1=O,6.92,1,Moonshot
MAT-POS-5cd9ea36-3,O=C(Nc1cncc2ccccc12)C1CN(S(=O)(=O)NC2CCC2)Cc2ccc(Cl)cc21,6.92,1,Moonshot
MAT-POS-5cd9ea36-23,CN(CCO)S(=O)(=O)N1Cc2ccc(Cl)cc2C(C(=O)Nc2cncc3ccccc23)C1,6.92,1,Moonshot
MAT-POS-5cd9ea36-13,O=C(CN1Cc2ccc(Cl)cc2C(C(=O)Nc2cncc3ccccc23)C1)NC1CC1,6.92,1,Moonshot
CHEMBL5200532,CC(C)(C)NC(=O)N[C@H](C(=O)N1C[C@H]2[C@@H]([C@H]1C(=O)N[C@@H](C[C@@H]1CCNC1=O)C(=O)C(=O)NCc1ccccc1)C2(C)C)C(C)(C)C,6.92,1,ChEMBL
CHEMBL5176816,C[C@@H](OC(C)(C)C)[C@H](NC(=O)OCc1ccccc1)C(=O)N1C[C@H]2[C@@H]([C@H]1C(=O)N[C@H](C=O)C[C@@H]1CCNC1=O)C2(C)C,6.92,1,ChEMBL
CHEMBL5200414,COc1cc(NC(=O)Cn2sc3cc(F)ccc3c2=O)cc(OC)c1,6.92,1,ChEMBL
CHEMBL5421178,CC(C)C[C@H](NC(=O)OCC(C)(C)Oc1cccc(F)c1)C(=O)N[C@@H](C[C@@H]1CCNC1=O)C(O)S(=O)(=O)[O-].[Na+],6.92,1,ChEMBL
CHEMBL5437439,Cc1scnc1COc1cc(Cl)cc(-n2cc(-c3ccc(=O)[nH]c3)c(=O)n(-c3cccnc3)c2=O)c1,6.92,1,ChEMBL
CHEMBL5441411,CCNC(=O)c1cc2c(N[C@@H](c3ccc4c(c3)S(=O)(=O)NCC4)C(C)C)ncnc2[nH]1,6.92,1,ChEMBL
CHEMBL5441436,CNC(=O)c1c[nH]c2ncnc(N[C@H](c3ccc4c(c3)S(=O)(=O)CCC4)C(C)C)c12,6.92,1,ChEMBL
CHEMBL5441971,CCNC(=O)c1cc2c(N[C@H](c3ccc4c(n3)S(=O)(=O)CCC4)C(C)C)ncnc2[nH]1,6.92,1,ChEMBL
CHEMBL5559801,Cn1cc2cc(/N=c3\[nH]c(=O)n(Cc4nnn[nH]4)c(=O)n3Cc3cc(F)c(F)cc3F)c(Cl)cc2n1,6.92,1,ChEMBL
CHEMBL4854695,N#Cc1ccccc1-c1cc(-c2cc(Cl)cc(OCCC(F)(F)F)c2)c(=O)n(-c2cccnc2)c1,6.92,1,ChEMBL
CHEMBL4872194,CCCOc1cc(Cl)cc(-c2cc(-c3c[nH]c(=O)[nH]c3=O)cn(-c3cccnc3)c2=O)c1,6.92,1,ChEMBL
CHEMBL5562454,CN(C(=O)[C@H](Cc1ccccc1)NC(=O)OCc1ccccc1)N(C#N)Cc1cc(Cl)ccc1F,6.92,1,ChEMBL
CHEMBL467960,O=C(Oc1cncc(Cl)c1)c1ccc(F)cc1,6.92,1,ChEMBL
CHEMBL6144424,Cc1ccc(OCCN(C)C)cc1C(=O)N[C@H](C)c1cc(-c2ccn(C)n2)cc(-c2ccn(C3CC3)n2)c1,6.92,1,ChEMBL
CHEMBL6147768,Cc1ccc(OCCN(C)C)cc1C(=O)N[C@H](C)c1cc(-c2cnn(C)c2)cc(-c2ccc(CN3CCOCC3)o2)c1,6.92,1,ChEMBL
CHEMBL6148043,CCOC(=O)/C=C/C(=O)NNC(=O)CCc1ccccc1C(=O)N[C@H](C)c1cccc(-c2ccsc2)c1,6.92,1,ChEMBL
CHEMBL496316,O=C(Oc1cncc(Cl)c1)c1ccc2c(ccn2S(=O)(=O)c2cccc([N+](=O)[O-])c2)c1,6.92,1,ChEMBL
MAT-POS-a13804f0-3,O=C(Nc1cncc2ccccc12)[C@@H]1CCOc2cc(F)c(Cl)cc21,6.92,1,Moonshot
EDJ-MED-8bb691af-6,N#CC1(CS(=O)(=O)N2Cc3ccc(Cl)cc3C3(CCN(c4cncc5ccccc45)C3=O)C2)CC1,6.92,2,Moonshot
LUO-POS-868e8996-7,CNC(=O)CN1C[C@@]2(CC(=O)N(c3cncc4ccccc34)C2=O)c2cc(Cl)ccc2C1=O,6.91,1,Moonshot
CHEMBL5434000,CC(C)Cn1c(-c2ccccc2)nc2cc(O)c(O)c(O)c2c1=O,6.91,1,ChEMBL
CHEMBL5406114,O=c1c2c(O)c(O)c(O)cc2nc(-c2ccccc2)n1C1CCCC1,6.91,1,ChEMBL
CHEMBL5418476,C/N=c1\nc(-c2ccccc2)n(-c2ccc(F)cc2)s1,6.91,1,ChEMBL
CHEMBL5441402,CC(C)(C)[C@H](Nc1ncnc2[nH]c(-c3cnn(CC(N)=O)c3)cc12)c1ccc2c(c1)OCCO2,6.91,1,ChEMBL
CHEMBL5556922,CCn1nncc1Cn1c(=O)[nH]/c(=N\c2cc3cn(C)nc3cc2Cl)n(Cc2cc(F)c(F)cc2F)c1=O,6.91,1,ChEMBL
CHEMBL5563614,COC(=O)N[C@H](C(=O)N1CC2(CCCCC2)C[C@H]1C(=O)N[C@@H](CCC(F)F)C(=O)C(=O)NC1CC1)C(C)(C)C,6.91,1,ChEMBL
MAT-POS-5cd9ea36-14,CNC(=O)C(C)N1Cc2ccc(Cl)cc2C(C(=O)Nc2cncc3ccccc23)C1,6.91,1,Moonshot
MAT-POS-993cdc78-1,CO[C@]1(C(=O)Nc2cncc3ccccc23)CCOc2cc(F)c(Cl)cc21,6.9,1,Moonshot
MAT-POS-83f73d0a-2,CN(C)CCOc1ccc2cncc(NC(=O)C3CN(S(=O)(=O)CC4(C)CS(=O)(=O)C4)Cc4ccc(Cl)cc43)c2c1,6.9,2,Moonshot
CHEMBL5178568,O=C(Sc1nc2ccccc2s1)c1ccc(-c2ccccc2)s1,6.9,1,ChEMBL
CHEMBL5187784,COc1cccc2[nH]c(C(=O)N[C@@H](CC(C)C)C(=O)N[C@@H](C[C@@H]3CCCNC3=O)C(=O)COC(=O)c3ccccn3)cc12,6.9,1,ChEMBL
CHEMBL5560351,CN(C(=O)[C@H](Cc1ccccc1)NC(=O)OCc1ccccc1)N(C#N)Cc1ccc(Br)c(Cl)c1F,6.9,1,ChEMBL
CHEMBL5563502,CC(C)C[C@H](NC(=O)[C@H](Cc1ccc(F)cc1)NC(=O)OCc1ccccc1)C(=O)NC(C=O)Cc1ccco1,6.9,1,ChEMBL
CHEMBL5568556,CC(C)C[C@H](NC(=O)[C@H](Cc1ccc(F)cc1)NC(=O)OCc1ccccc1)C(=O)N[C@H](/C=C1\CCOC1=O)C[C@H]1CCCO1,6.9,1,ChEMBL
CHEMBL5596806,O=C(Oc1cncc(Cl)c1)c1cccc(Cl)c1Cl,6.9,1,ChEMBL
MAT-POS-5cd9ea36-19,CC(C)N(C)S(=O)(=O)N1Cc2ccc(Cl)cc2C(C(=O)Nc2cncc3ccccc23)C1,6.9,1,Moonshot
CHEMBL3427166,CC(C)C[C@H](NC(=O)OCc1ccccc1)C(=O)N[C@@H](C[C@@H]1CCNC1=O)C(O)S(=O)(=O)[O-].[Na+],6.9,1,ChEMBL
EDJ-MED-4fff0a85-4,O=C(Nc1cncc2ccccc12)C1CN(S(=O)(=O)CC2CS(=O)(=O)C2)Cc2ccc(Cl)cc21,6.89,1,Moonshot
MAT-POS-5cd9ea36-8,N#CCC1(CS(=O)(=O)N2Cc3ccc(Cl)cc3C(C(=O)Nc3cncc4ccccc34)C2)CC1,6.89,1,Moonshot
CHEMBL45152,O=c1c2ccccc2sn1-c1ccccc1,6.89,1,ChEMBL
CHEMBL3655715,O=C(O)c1ccc(-n2[se]c3ccccc3c2=O)cc1,6.89,1,ChEMBL
CHEMBL4079667,Nc1ccccc1-n1sc2ccccc2c1=O,6.89,1,ChEMBL
CHEMBL5426354,CC(C)C[C@H](NC(=O)OCC(C)(C)Sc1cccc(F)c1)C(=O)N[C@@H](C[C@@H]1CCNC1=O)C(O)S(=O)(=O)[O-].[Na+],6.89,1,ChEMBL
CHEMBL5423096,CCN(C[C@H]1O[C@@H](n2cnc3c(NC)ncnc32)[C@H](O)[C@@H]1O)S(=O)(=O)c1ccc(C)c(Cl)c1,6.89,1,ChEMBL
CHEMBL5532197,O=c1[nH]cc(-c2cc(-c3cc(Cl)cc(COc4ccccc4)c3)c(=O)n(-c3cccnc3)c2)c(=O)[nH]1,6.89,1,ChEMBL
CHEMBL5567520,CC(F)(F)CC[C@H](NC(=O)[C@@H]1[C@@H]2[C@H](CN1C(=O)[C@@H](NC(=O)NC1(CS(=O)(=O)C(C)(C)C)CCCCC1)C(C)(C)C)C2(C)C)C(=O)C(=O)NC1CC1,6.89,1,ChEMBL
CHEMBL5639784,[O-][S+](Cc1ccccn1)c1nnc(-c2ccc(Cl)cc2)o1,6.89,1,ChEMBL
CHEMBL6147703,Cc1ccc(N2CC3CN(C)CC3C2)cc1C(=O)NC1(c2cccc3ccccc23)CC1,6.89,1,ChEMBL
CHEMBL6164703,Cc1ccc(OCC[N+](C)(C)C)cc1C(=O)N[C@H](C)c1cc(-c2cccs2)cc(-c2cccs2)c1,6.89,1,ChEMBL
CHEMBL6142320,Cc1ccc(OCCN(C)C)cc1C(=O)N[C@H](C)c1cc(-c2ccc3cnn(C)c3c2)cc(-c2cnn(C)c2)c1,6.89,1,ChEMBL
RAL-THA-a9c31980-2,O=C(CN1CC(C(=O)Nc2cncc3ccccc23)c2cc(Cl)ccc2C1=O)NC1CCC1,6.89,1,Moonshot
MAT-POS-5cd9ea36-7,N#CC1(CS(=O)(=O)N2Cc3ccc(Cl)cc3C(C(=O)Nc3cncc4ccccc34)C2)CCS(=O)(=O)CC1,6.89,1,Moonshot
RAL-THA-a9c31980-5,CCCNC(=O)CN1CC(C(=O)Nc2cncc3ccccc23)c2cc(Cl)ccc2C1=O,6.89,1,Moonshot
MAT-POS-96f51285-6,COc1ccc2cncc(NC(=O)C3CCNc4cc(Cl)c(Cl)cc43)c2c1,6.88,1,Moonshot
CHEMBL5422331,O=c1c2c(O)c(O)c(O)cc2nc(Cc2ccccc2)n1-c1ccccc1,6.88,1,ChEMBL
CHEMBL5597390,O=C(Oc1cncc(Cl)c1)c1cc(Cl)cc(Cl)c1,6.88,1,ChEMBL
CHEMBL6120677,O=C(/C=C/c1c(Cl)c(O)c(O)c(O)c1Cl)c1ccc(F)cc1F,6.88,1,ChEMBL
ALP-POS-6479a3a9-1,N#CC1(CS(=O)(=O)NCc2ccc(Cl)cc2CC(=O)Nc2cncc3ccccc23)CC1,6.88,2,Moonshot
CHEMBL5400701,N#C[C@H](C[C@@H]1CCNC1=O)NC(=O)[C@@H]1[C@H]2CCC[C@H]2CN1C(=O)[C@@H](NC(=O)c1cnoc1)C1CCCCC1,6.87,1,ChEMBL
CHEMBL162755,C/N=c1\nc(-c2ccc(Cl)cc2)n(-c2ccccc2)s1,6.87,1,ChEMBL
CHEMBL5441422,CC(C)[C@@H](Nc1ncnc2[nH]c(-c3cnn(CC(N)=O)c3)cc12)c1ccc2c(n1)OCCO2,6.87,1,ChEMBL
MAT-POS-4223bc15-14,O=C(Nc1cncc2ccccc12)C1CN(S(=O)(=O)CC2CNC2)Cc2ccc(Cl)cc21,6.87,1,Moonshot
EDJ-MED-76744c27-1,CC(C)(C#N)CS(=O)(=O)N1Cc2ccc(Cl)cc2C(C(=O)Nc2cncc3ccccc23)C1,6.87,2,Moonshot
MAT-POS-b4d6b7fc-9,N#CC1(CS(=O)(=O)N2Cc3ccc(Cl)cc3C(C(=O)Nc3cncc4ccc(F)cc34)C2)CC1,6.86,2,Moonshot
MAT-POS-61f37a1a-2,O=C(Nc1cncc2ccccc12)C1CN(S(=O)(=O)[C@@H]2CCC[C@H]2O)Cc2ccc(Cl)cc21,6.86,1,Moonshot
EDJ-MED-1981ceba-1,O=C(Nc1cncc2ccccc12)C1CN(S(=O)(=O)N2CCOCC2)Cc2ccc(Cl)cc21,6.86,1,Moonshot
CHEMBL5561739,CN(C(=O)[C@H](Cc1ccccc1)NC(=O)OCc1ccccc1)N(C#N)Cc1ccccc1F,6.86,1,ChEMBL
CHEMBL5597838,O=C(Oc1cncc(Cl)c1)c1ccc(-c2cccnc2)cc1,6.86,1,ChEMBL
MAT-POS-4223bc15-2,CN(C)S(=O)(=O)N1Cc2ccc(Cl)cc2C(C(=O)Nc2cncc3ccccc23)C1,6.85,1,Moonshot
CHEMBL1096979,NC(CO)C(=O)NNCc1ccc(O)c(O)c1O,6.85,1,ChEMBL
CHEMBL1255778,Cl.NC(CO)C(=O)NNCc1ccc(O)c(O)c1O,6.85,1,ChEMBL
CHEMBL5203047,CCNC(=O)Cn1c(=O)nc(Nc2cc3cn(C)nc3cc2Cl)n(Cc2cc(F)c(F)c(F)c2)c1=O,6.85,1,ChEMBL
CHEMBL5176486,O=C(Cn1sc2cc(F)ccc2c1=O)Nc1cccc(Cl)c1,6.85,1,ChEMBL
CHEMBL5219370,CC(C)C[C@H](NC(=O)OCC1CC2CCC1C2)C(=O)N[C@H](C=O)C[C@H]1CCNC1=O,6.85,1,ChEMBL
CHEMBL5408912,CC(C)C[C@H](NC(=O)OCC(C)(C)Sc1cccc(F)c1)C(=O)N[C@H](C=O)C[C@@H]1CCNC1=O,6.85,1,ChEMBL
CHEMBL5565509,CN(C(=O)[C@H](Cc1ccccc1)NC(=O)OCc1ccccc1)N(C#N)Cc1cccc(F)c1,6.85,1,ChEMBL
CHEMBL5632068,O=C(CNC(=O)c1ccccc1)N[C@H](Cc1ccccc1)C(=O)C(=O)NCc1ccccn1,6.85,1,ChEMBL
CHEMBL5639297,CS(=O)(=O)c1nnc(-c2ccc(Cl)cc2)o1,6.85,1,ChEMBL
CHEMBL5641914,N#Cc1ccc(-c2nnc([S+]([O-])Cc3cccnc3)o2)cc1,6.85,1,ChEMBL
CHEMBL6150829,OC1CCN(C(=S)SSc2ccc(C(F)(F)F)cc2)CC1,6.85,1,ChEMBL
CHEMBL6147967,Cc1ccc(N2CCN(C(=N)N)CC2)cc1C(=O)NC1(c2cccc3ccccc23)CC1,6.85,1,ChEMBL
CHEMBL6150908,Cc1ccc(NC(=O)CN)cc1C(=O)N[C@H](C)c1cc(-c2cccs2)cc(-c2cccs2)c1,6.85,1,ChEMBL
CHEMBL6145140,Cc1ccc(-c2cc(-c3ccc(C)s3)cc([C@@H](C)NC(=O)c3cc(OCCN(C)C)ccc3C)c2)s1,6.85,1,ChEMBL
CHEMBL6152423,Cc1ccc(OCCN(C)C)cc1C(=O)N[C@H](C)c1cc(-c2cnn(CCO)c2)cc(-c2cnn(CCN(C)C)c2)c1,6.85,1,ChEMBL
CHEMBL6103530,Cc1ccc(OCCN(C)C)cc1C(=O)N[C@H](C)c1cc(-c2cnn(CCO)c2)cc(-c2ccnn2C)c1,6.85,1,ChEMBL
CHEMBL6159867,Cc1ccc(OCCN(C)C)cc1C(=O)N[C@H](C)c1cc(-c2ccn(C)n2)cc(-c2ccn(C)n2)c1,6.85,1,ChEMBL
CHEMBL6133162,CCC(C(=O)Nc1cc(NC2CNC2)ccc1C)n1cccc2nc(SCc3ccc(F)cc3)nc1-2,6.85,1,ChEMBL
CHEMBL6141633,CCC(C(=O)Nc1cc(NC2CCNC2)ccc1C)n1cccc2nc(SCc3ccc(F)cc3)nc1-2,6.85,1,ChEMBL
CHEMBL6149270,CC(C)C[C@H](NC(=O)OC[C@@H]1C[C@H]1c1cccc(F)c1)C(=O)N[C@H](C=O)CC1CCNC1=O,6.85,1,ChEMBL
CHEMBL6169849,CC(C)C[C@H](NC(=O)OC[C@@H]1C[C@H]1c1cccc(F)c1)C(=O)N[C@@H](CC1CCNC1=O)C(O)S(=O)(=O)[O-].[Na+],6.85,1,ChEMBL
CHEMBL6172770,COc1ccccc1[C@@H]1C[C@H]1COC(=O)N[C@@H](CC(C)C)C(=O)N[C@H](C=O)CC1CCNC1=O,6.85,1,ChEMBL
CHEMBL6175271,COc1ccccc1[C@@H]1C[C@H]1COC(=O)N[C@@H](CC(C)C)C(=O)N[C@@H](CC1CCNC1=O)C(O)S(=O)(=O)[O-].[Na+],6.85,1,ChEMBL
CHEMBL6172310,CCOC(=O)/C=C/C(=O)NNC(=O)CCc1ccccc1C(=O)N[C@H](C)c1cccc(-c2cccs2)c1,6.85,1,ChEMBL
MAT-POS-24589f88-3,CS(=O)(=O)N1Cc2ccc(Cl)cc2[C@H](C(=O)Nc2cncc3ccccc23)C1,6.85,1,Moonshot
EDG-MED-b1ef7fe3-1,CNC(=O)CN1CC2(CCN(c3cncc4ccc(Cl)cc34)C2=O)c2cc(Cl)ccc2C1=O,6.84,1,Moonshot
ALP-POS-ecbed2ba-1,CC1(CS(=O)(=O)N2Cc3ccc(Cl)cc3C3(CCN(c4cncc5ccccc45)C3=O)C2)CS(=O)(=O)C1,6.84,1,Moonshot
CHEMBL5204130,O=C(Sc1nncs1)c1cc2ccccc2[nH]1,6.84,1,ChEMBL
CHEMBL5192273,CC(C)C[C@H](NC(=O)[C@@H](NC(=O)c1ccc(Cl)cc1)C(C)C)C(=O)N[C@H](C=O)C[C@@H]1CCCNC1=O,6.84,1,ChEMBL
CHEMBL5174397,COc1ccc(S(=O)(=O)NC[C@H]2O[C@@H](n3cnc4c(N)ncnc43)[C@H](O)[C@@H]2O)cc1[N+](=O)[O-],6.84,1,ChEMBL
CHEMBL5435359,c1ccc(-c2n/c(=N\C3CC3)sn2-c2ccccc2)cc1,6.84,1,ChEMBL
CHEMBL5562204,CN(C(=O)[C@H](Cc1ccccc1)NC(=O)OCc1ccccc1)N(C#N)Cc1ccc(Br)cc1Cl,6.84,1,ChEMBL
CHEMBL586628,CSc1nc2cc3c(cc2n1C(=O)c1ccc(C)cc1)OCCO3,6.84,1,ChEMBL
CHEMBL6134276,O=C(/C=C/c1c(Cl)c(O)c(O)c(O)c1Cl)c1ccccc1,6.84,1,ChEMBL
EDG-MED-10fcb19e-1,COC1(C(=O)Nc2cncc3ccc(NS(C)(=O)=O)cc23)CCOc2ccc(Cl)cc21,6.84,1,Moonshot
CHEMBL5204064,COc1nnc(SC(=O)c2cc3ccccc3[nH]2)s1,6.83,1,ChEMBL
CHEMBL5560220,CN(C(=O)[C@H](Cc1ccccc1)NC(=O)OCc1ccccc1)N(C#N)Cc1ccccc1Cl,6.83,1,ChEMBL
CHEMBL5575512,CC(C)(CCC(=O)NCCCC(=O)Nc1cccc2c1C(=O)N(C1CCC(=O)NC1=O)C2=O)NC(=O)N[C@H](C(=O)N1C[C@H]2[C@@H]([C@H]1C(=O)N[C@H](C=O)C[C@@H]1CCNC1=O)C2(C)C)C(C)(C)C,6.83,1,ChEMBL
MAT-POS-5cd9ea36-17,CCNS(=O)(=O)N1Cc2ccc(Cl)cc2C(C(=O)Nc2cncc3ccccc23)C1,6.83,1,Moonshot
MAT-POS-4223bc15-1,CNS(=O)(=O)N1Cc2ccc(Cl)cc2C(C(=O)Nc2cncc3ccccc23)C1,6.83,1,Moonshot
LUO-POS-74179f4f-1,CNC(=O)CN1C[C@H](C(=O)Nc2cncc3cc(Cl)ccc23)c2cc(Cl)ccc2C1=O,6.83,1,Moonshot
CHEMBL5611903,Cc1ccc(C(=O)n2c(C)nc3ccccc32)cc1F,6.83,1,ChEMBL
ALP-POS-07e1ed01-2,CN1CC(C#N)(CS(=O)(=O)N2Cc3ccc(Cl)cc3C(C(=O)Nc3cncc4ccccc34)C2)C1,6.82,1,Moonshot
CHEMBL1422849,CCN1CCN(C(c2ccc(C(F)(F)F)cc2)c2ccc3cccnc3c2O)CC1,6.82,1,ChEMBL
CHEMBL5190267,C[C@@H](OC(C)(C)C)[C@H](NC(=O)OCc1ccccc1)C(=O)N[C@@H](CC(C)(C)C)C(=O)N[C@H](C=O)C[C@@H]1CCNC1=O,6.82,1,ChEMBL
CHEMBL5204666,CC(C)(C)CC(=O)N[C@H](C(=O)N1C[C@H]2[C@@H]([C@H]1C(=O)N[C@@H](C[C@@H]1CCNC1=O)C(=O)C(N)=O)C2(C)C)C(C)(C)C,6.82,1,ChEMBL
CHEMBL5206326,CC(C)C[C@H](NC(=O)[C@@H](NC(=O)c1ccncc1)C(C)C)C(=O)N[C@H](C=O)C[C@@H]1CCCNC1=O,6.82,1,ChEMBL
CHEMBL5178149,O=C(Cn1sc2cc(F)ccc2c1=O)Nc1ccc(Cl)cc1,6.82,1,ChEMBL
CHEMBL5201817,COc1cccc(NC(=O)Cn2sc3cc(F)ccc3c2=O)c1,6.82,1,ChEMBL
CHEMBL5186395,COc1ccc2sn(CC(=O)Nc3ccccc3)c(=O)c2c1,6.82,1,ChEMBL
CHEMBL5220123,CC(C)C[C@H](NC(=O)OCC12CC3CC(CC(C3)C1)C2)C(=O)N[C@@H](C[C@H]1CCNC1=O)C(O)S(=O)(=O)[O-].[Na+],6.82,1,ChEMBL
CHEMBL5267356,CCOC(=O)/C=C/[C@H](C[C@@H]1CCNC1=O)NC(=O)[C@H](CC(C)C)NC(=O)[C@@H](NC(=O)OCc1ccccc1)[C@@H](C)OC(C)(C)C,6.82,1,ChEMBL
CHEMBL5278207,O=C[C@H](C[C@@H]1CCNC1=O)NC(=O)[C@@H]1[C@H]2CCC[C@H]2CN1C(=O)c1cc2ccccc2[nH]1,6.82,1,ChEMBL
CHEMBL5283181,O=c1c2ccccc2[se]n1-c1cccc([N+](=O)[O-])c1,6.82,1,ChEMBL
CHEMBL5405557,CC(C)C[C@H](NC(=O)OCC(C)(C)Sc1cccc(Cl)c1)C(=O)N[C@H](C=O)C[C@@H]1CCNC1=O,6.82,1,ChEMBL
CHEMBL5441418,CC(C)[C@@H](Nc1ncnc2[nH]cc(C(=O)NC3CC3)c12)c1ccc2c(c1)S(=O)(=O)CCC2,6.82,1,ChEMBL
CHEMBL5568422,O=C(c1cc(=O)[nH]c2ccccc12)N1CCN(c2ccc(Cl)c(Cl)c2)CC1CN1CCOCC1,6.82,1,ChEMBL
CHEMBL5563562,O=C(NCCC(F)(F)F)[C@@H]1CN(c2ccc(Cl)c(Cl)c2)CCN1C(=O)c1cc(=O)[nH]c2ccccc12,6.82,1,ChEMBL
CHEMBL511584,O=C(Oc1cncc(Cl)c1)c1ccc(-c2ccccc2)cc1,6.82,1,ChEMBL
CHEMBL5614360,CSc1nc2ccccc2n1C(=O)c1ccc(C)c(Cl)c1,6.82,1,ChEMBL
CHEMBL6091834,CC(C)C[C@@H]1NC(=O)[C@H](Cc2ccccc2)NC(=O)[C@@H]2CCCN2C(=O)[C@H]([C@@H](C)O)NC(=O)[C@H]([C@@H](C)O)NC(=O)[C@H]([C@@H](C)O)NC(=O)[C@H](Cc2c[nH]cn2)NC(=O)[C@H](Cc2ccccc2)NC(=O)[C@H]([C@@H](C)O)NC(=O)[C@H](C(C)C)NC(=O)[C@@H](Cc2ccc(O)cc2)NC(=O)CC[C@@H](C(=O)NCC(N)=O)NC(=O)[C@@H]2CCCN2C(=O)[C@@H]2CCCN2C1=O,6.82,1,ChEMBL
CHEMBL6168763,Cc1ccc(OCCN(C)C)cc1C(=O)N[C@H](C)c1cc(-c2cnn(C)c2)cc(-c2cccs2)c1,6.82,1,ChEMBL
CHEMBL6148301,COC(=O)/C=C\C(=O)NNC(=O)CCc1ccccc1C(=O)N[C@H](C)c1cccc2ccccc12,6.82,1,ChEMBL
EDJ-MED-4fff0a85-1,O=C(Nc1cncc2ccccc12)C1CN(S(=O)(=O)CC2CCOCC2)Cc2ccc(Cl)cc21,6.82,1,Moonshot
MAT-POS-4223bc15-8,O=C(Nc1cncc2ccccc12)C1CN(S(=O)(=O)C2CCOC2)Cc2ccc(Cl)cc21,6.82,1,Moonshot
MAT-POS-c88128cb-4,CC(C)CN1CC(C)(C(=O)Nc2cncc3ccccc23)c2cc(Cl)ccc2S1(=O)=O,6.82,1,Moonshot
EDJ-MED-b6c6ee2b-2,CNC(=O)CN1Cc2ccc(Cl)cc2C2(CCN(c3cncc4ccc(OC)cc34)C2=O)C1,6.81,1,Moonshot
MAT-POS-e119ab4f-1,CNC(=O)CN1CC(C(=O)Nc2cncc3cc(F)ccc23)c2cc(Cl)ccc2C1=O,6.81,2,Moonshot
ALP-UNI-3735e77e-4,O=C(Nc1cncc2ccccc12)C1CCNc2cc(Cl)c(Cl)cc21,6.81,1,Moonshot
CHEMBL5568095,CCCS(=O)(=O)N[C@H](C(=O)N[C@@H](Cc1ccccc1)C(=O)N(C)N(C#N)Cc1ccc(Cl)cc1)C(C)(C)C,6.81,1,ChEMBL
MAT-POS-853c0ffa-22,CC1(CS(=O)(=O)N2Cc3ccc(Cl)cc3C3(CCN(c4cncc5cc(S(C)(=O)=O)ccc45)C3=O)C2)CC1,6.81,1,Moonshot
EDJ-MED-5cd3920d-5,O=C1N(c2cncc3ccccc23)CCC12CN(S(=O)(=O)CC1(C(F)F)CC1)Cc1ccc(Cl)cc12,6.81,1,Moonshot
MAT-POS-4223bc15-40,Cn1nccc1C(=O)N1Cc2ccc(Cl)cc2C(C(=O)Nc2cncc3ccccc23)C1,6.81,1,Moonshot
EDJ-MED-5cd3920d-6,O=C1N(c2cncc3ccccc23)CCC12CN(S(=O)(=O)CC1(C(F)(F)F)CC1)Cc1ccc(Cl)cc12,6.81,1,Moonshot
EDJ-MED-e4b030d8-11,C[C@H]1COc2ccc(Cl)cc2[C@@H]1C(=O)Nc1cncc2ccccc12,6.8,1,Moonshot
EDJ-MED-1981ceba-2,O=C(Nc1cncc2ccccc12)C1CN(S(=O)(=O)N2CCC2)Cc2ccc(Cl)cc21,6.8,1,Moonshot
CHEMBL508112,c1ccc2sc(SSc3nc4ccccc4s3)nc2c1,6.8,1,ChEMBL
CHEMBL5177381,CC(C)[C@H](NC(=O)OCc1cccc(Cl)c1)C(=O)N[C@@H](CC1CCCCC1)C(=O)N[C@H](C=O)C[C@@H]1CCNC1=O,6.8,1,ChEMBL
CHEMBL5199191,Cc1nnc(SC(=O)c2cccc3cc[nH]c23)s1,6.8,1,ChEMBL
CHEMBL5270421,COc1ccc2cc([C@@H](C)C(=O)Oc3cncc(Cl)c3)ccc2c1,6.8,1,ChEMBL
CHEMBL5434703,CC1(C)[C@@H]2[C@@H](C(=O)N[C@H](C#N)C[C@@H]3CCNC3=O)N(C(=O)COc3ccc(OC(F)(F)F)cc3)C[C@@H]21,6.8,1,ChEMBL
CHEMBL5435034,CC1(C)[C@@H]2[C@@H](C(=O)N[C@H](C#N)C[C@@H]3CCNC3=O)N(C(=O)COc3ccc(C(F)(F)F)cc3)C[C@@H]21,6.8,1,ChEMBL
CHEMBL5423024,CC(C)C[C@H](NC(=O)C(=O)Nc1ccccc1F)C(=O)N[C@@H](C[C@@H]1CCNC1=O)C(=O)CO,6.8,1,ChEMBL
CHEMBL5441869,CNC(=O)c1cc2c(N[C@@H](c3ccc4c(c3)NC(=O)CO4)C(C)C)ncnc2[nH]1,6.8,1,ChEMBL
CHEMBL5549788,CCn1nnnc1Cn1c(=O)[nH]/c(=N\c2cc3cn(C)nc3cc2Cl)n(Cc2cc(F)c(F)cc2F)c1=O,6.8,1,ChEMBL
CHEMBL5556493,CC(C)C[C@H](NC(=O)[C@H](Cc1ccc(F)cc1)NC(=O)OCc1ccccc1)C(=O)NC(/C=C1\CCOC1=O)CC1CCCO1,6.8,1,ChEMBL
CHEMBL5542649,CC(C)C[C@H](NC(=O)OCC1CC(=O)N(CC2CC3CCC2C3)C1)C(=O)N[C@H](C=O)C[C@@H]1CCNC1=O,6.8,1,ChEMBL
CHEMBL5564675,CC(C)C[C@H](NC(=O)OC[C@@H]1CCC(=O)N1Cc1cccc(F)c1)C(=O)N[C@@H](C[C@@H]1CCNC1=O)C(O)S(=O)(=O)[O-].[Na+],6.8,1,ChEMBL
CHEMBL5639614,O=S(=O)(CC1CC1)c1nnc(-c2ccc(Cl)cc2)o1,6.8,1,ChEMBL
CHEMBL6145077,Cc1ccc(OCCN(C)C)cc1C(=O)N[C@H](C)c1cc(-c2ccc(O)cc2)cc(-c2ccc(O)cc2)c1,6.8,1,ChEMBL
CHEMBL6145052,Cc1ccc(OCCN(C)C)cc1C(=O)N[C@H](C)c1cc(-c2cnn(CCO)c2)cc(-c2cnn(CCO)c2)c1,6.8,1,ChEMBL
CHEMBL6133520,CCn1ccc(-c2cc(-c3cnn(CCOC)c3)cc([C@@H](C)NC(=O)c3cc(OCCN(C)C)ccc3C)c2)n1,6.8,1,ChEMBL
CHEMBL6142360,Cc1ccc(OCCN(C)C)cc1C(=O)N[C@H](C)c1cc(-c2cnn(C(C)C)c2)cc(-c2cnn(C(F)F)c2)c1,6.8,1,ChEMBL
CHEMBL6152806,CCC(C(=O)Nc1cc(NC2CCOC2)ccc1C)n1cc(Cl)cc2nc(SCc3ccc(F)cc3)nc1-2,6.8,1,ChEMBL
MAT-POS-1bed62cf-1,N#CC1(CS(=O)(=O)N2Cc3ccc(Cl)cc3C3(CC(=O)N(c4cncc5ccccc45)C3=O)C2)CC1,6.8,1,Moonshot
MAT-POS-5cd9ea36-11,O=C(Nc1cncc2ccccc12)C1CN(S(=O)(=O)CC2CC2(F)F)Cc2ccc(Cl)cc21,6.8,1,Moonshot
EDJ-MED-c3ea9889-3,CNC(=O)CN1CC(C)(C(=O)Nc2cncc3cc(S(C)(=O)=O)ccc23)c2cc(Cl)ccc2S1(=O)=O,6.8,1,Moonshot
EDJ-MED-e69ed63d-7,CCNC(=O)CN1CC(C(=O)Nc2cncc3cc(F)ccc23)c2cc(Cl)ccc2C1=O,6.79,1,Moonshot
MAT-POS-853c0ffa-9,CN(C)CCOc1ccc2cncc(N3CCC4(CN(S(=O)(=O)CC5(C#N)CC5)Cc5ccc(Cl)cc54)C3=O)c2c1,6.79,2,Moonshot
CHEMBL469163,COc1ccc(C(=O)Oc2cncc(Cl)c2)cc1,6.79,1,ChEMBL
CHEMBL6151111,Cc1ccc(NC(=O)C2CCNCC2)cc1C(=O)N[C@H](C)c1cc(-c2cccs2)cc(-c2cccs2)c1,6.79,1,ChEMBL
MAT-POS-be048f2c-7,O=C(c1ccnn1C1CC1)N1Cc2ccc(Cl)cc2C2(CCN(c3cncc4ccccc34)C2=O)C1,6.79,1,Moonshot
EDJ-MED-611d11e7-4,CO[C@@]1(C(=O)Nc2cncc3ccc(F)cc23)CCOc2ccc(Cl)cc21,6.79,2,Moonshot
CHEMBL5441417,CC(C)[C@H](Nc1ncnc2[nH]ccc12)c1ccc2c(c1)S(=O)(=O)CCC2,6.79,1,ChEMBL
CHEMBL5186708,O=C(Sc1nc2ccccc2s1)c1ccc(-c2ccccc2)o1,6.78,1,ChEMBL
CHEMBL1709906,O=C(Cn1sc2ccccc2c1=O)Nc1ccccc1,6.78,1,ChEMBL
CHEMBL5402227,N#C[C@H](C[C@@H]1CCNC1=O)NC(=O)[C@@H]1[C@H]2CCC[C@H]2CN1C(=O)[C@@H](NC(=O)C(F)(F)F)c1ccc(F)cc1,6.78,1,ChEMBL
CHEMBL351694,C/N=c1\nc(-c2ccc(OC)cc2)n(-c2ccccc2)s1,6.78,1,ChEMBL
CHEMBL5532059,Cc1cc(C(=O)N[C@@H](Cc2cccc3ccccc23)C(=O)N[C@@H](CC(C)C)C(=O)N[C@H](C=O)C[C@@H]2CCCNC2=O)no1,6.78,1,ChEMBL
CHEMBL5632056,N#Cc1cc(C(=O)NCC(=O)N[C@H](Cc2ccccc2)C(=O)C(=O)NCc2ccccn2)ccc1F,6.78,1,ChEMBL
MAT-POS-ec6d90b7-5,O=C(Nc1cncc2ccc(F)cc12)[C@H]1CCNc2cc(Cl)c(Cl)cc21,6.78,1,Moonshot
EDJ-MED-e69ed63d-14,CCCNC(=O)CN1CC(C(=O)Nc2cncc3cc(S(C)(=O)=O)ccc23)c2cc(Cl)ccc2C1=O,6.78,1,Moonshot
MAT-POS-4223bc15-39,Cc1nocc1C(=O)N1Cc2ccc(Cl)cc2C(C(=O)Nc2cncc3ccccc23)C1,6.78,1,Moonshot
EDJ-MED-76744c27-3,O=C(Nc1cncc2ccccc12)C1CN(S(=O)(=O)CC2CC2)Cc2ccc(Cl)cc21,6.77,1,Moonshot
MAT-POS-dc2604c4-3,N#CC1(CS(=O)(=O)N2Cc3ccc(Cl)cc3C(C(=O)Nc3cncc4ccccc34)C2)CNC1,6.77,2,Moonshot
CHEMBL5179021,Cc1ccc(NC2CNC2)cc1C(=O)N[C@H](C)c1cccc(-c2ccc(CNC3CCC(O)C3)s2)c1,6.77,1,ChEMBL
CHEMBL5199343,O=c1c2ccccc2[se]n1-c1ncccc1O,6.77,1,ChEMBL
CHEMBL5218876,CC(C)C[C@H](NC(=O)OCC1CC2CCCC(C2)C1)C(=O)N[C@@H](C[C@H]1CCNC1=O)C(O)S(=O)(=O)[O-].[Na+],6.77,1,ChEMBL
CHEMBL5393926,CC(C)C[C@H](NC(=O)OCC(C)(C)Sc1ccc(F)cc1)C(=O)N[C@H](C=O)C[C@@H]1CCNC1=O,6.77,1,ChEMBL
CHEMBL5405150,CC(C)C[C@H](NC(=O)OCC(C)(C)Sc1cccc(Cl)c1)C(=O)N[C@@H](C[C@@H]1CCNC1=O)C(O)S(=O)(=O)[O-].[Na+],6.77,1,ChEMBL
CHEMBL5402510,[2H]C([2H])(OC(=O)N[C@@H](CC(C)C)C(=O)N[C@H](C=O)C[C@@H]1CCNC1=O)C(C)(C)Oc1ccc(Cl)cc1,6.77,1,ChEMBL
CHEMBL5404972,[2H]C([2H])(OC(=O)N[C@@H](CC(C)C)C(=O)N[C@@H](C[C@@H]1CCNC1=O)C(O)S(=O)(=O)[O-])C(C)(C)Oc1ccc(Cl)cc1.[Na+],6.77,1,ChEMBL
CHEMBL5414006,COc1ccncc1C(=O)N1CCN(c2ccc(Cl)c(Cl)c2)[C@H](C(=O)NCc2cccs2)C1.Cl,6.77,1,ChEMBL
CHEMBL5566907,COCCCc1cc(Cl)cc(-c2cc(-c3ccccc3C#N)cn(-c3cccnc3)c2=O)c1,6.77,1,ChEMBL
CHEMBL5562345,CC(C)C[C@H](NC(=O)OCC1CC(=O)N(CC2CC3CCC2C3)C1)C(=O)N[C@@H](C[C@@H]1CCNC1=O)C(O)S(=O)(=O)[O-].[Na+],6.77,1,ChEMBL
CHEMBL5593485,CCCCC1CCC(COC(=O)N[C@@H](CC(C)C)C(=O)N[C@H](C=O)C[C@@H]2CCNC2=O)CC1,6.77,1,ChEMBL
CHEMBL5639611,O=S(=O)(Cc1ccncc1)c1nnc(-c2ccc(Cl)cc2)o1,6.77,1,ChEMBL
CHEMBL5646556,[O-][S+](Cc1cscn1)c1nnc(-c2ccc(Cl)cc2)o1,6.77,1,ChEMBL
CHEMBL5639557,[O-][S+](Cc1cccnc1)c1nnc(-c2ccc(F)cc2)o1,6.77,1,ChEMBL
CHEMBL6171571,Cc1ccc(N)cc1C(=O)N[C@H](C)c1cc(-c2cccs2)cc(-c2cccs2)c1,6.77,1,ChEMBL
CHEMBL6133396,Cc1ccc(NC2CNC2)cc1C(=O)N[C@H](C)c1cc(-c2cccs2)cc(-c2cccs2)c1,6.77,1,ChEMBL
CHEMBL6132843,Cc1ccc(OCCN(C)C)cc1C(=O)N[C@H](C)c1cc(-c2cnn(C(F)F)c2)cc(-c2cnn(C(F)F)c2)c1,6.77,1,ChEMBL
CHEMBL6173910,CC(C)C[C@H](NC(=O)OC[C@@H]1C[C@H]1c1ccccc1)C(=O)N[C@H](C=O)C[C@H]1CCNC1=O,6.77,1,ChEMBL
CHEMBL6177419,CC(C)C[C@H](NC(=O)OC[C@@H]1C[C@H]1c1cccc(Cl)c1)C(=O)N[C@H](C=O)C[C@H]1CCNC1=O,6.77,1,ChEMBL
CHEMBL6149710,COc1ccc([C@@H]2C[C@H]2COC(=O)N[C@@H](CC(C)C)C(=O)N[C@@H](C[C@H]2CCNC2=O)[C@@H](O)S(=O)(=O)[O-])cc1.[Na+],6.77,1,ChEMBL
CHEMBL6177150,CCC[C@@H]1C[C@H]1COC(=O)N[C@@H](CC(C)C)C(=O)N[C@@H](C[C@H]1CCNC1=O)[C@@H](O)S(=O)(=O)[O-].[Na+],6.77,1,ChEMBL
CHEMBL6160198,CC(C)C[C@H](NC(=O)OC[C@@H]1C[C@H]1C1CCC(F)(F)CC1)C(=O)N[C@@H](C[C@H]1CCNC1=O)[C@H](O)S(=O)(=O)[O-].[Na+],6.77,1,ChEMBL
ALP-POS-e266d783-1,CNC(=O)CN1CC(C)(C(=O)Nc2cncc3ccccc23)c2cc(Cl)ccc2C1=O,6.77,3,Moonshot
MAT-POS-c88128cb-14,CC1(C(=O)Nc2cncc3cc(S(C)(=O)=O)ccc23)CNS(=O)(=O)c2ccc(Cl)cc21,6.76,1,Moonshot
CHEMBL5197113,CC(C)C[C@H](NC(=O)[C@@H](NC(=O)/C=C/c1ccccc1F)C(C)C)C(=O)N[C@H](C=O)C[C@@H]1CCCNC1=O,6.76,1,ChEMBL
CHEMBL5199219,CC(C)C[C@H](NC(=O)[C@@H](NC(=O)c1ccoc1)C(C)C)C(=O)N[C@H](C=O)C[C@@H]1CCCNC1=O,6.76,1,ChEMBL
CHEMBL5185152,CC(C)C[C@H](NC(=O)[C@@H](NC(=O)c1ccc[nH]1)C(C)C)C(=O)N[C@H](C=O)C[C@@H]1CCCNC1=O,6.76,1,ChEMBL
CHEMBL5435314,CC(c1ccccc1)c1nc2cc(O)c(O)c(O)c2c(=O)[nH]1,6.76,1,ChEMBL
BEN-DND-c852c98b-4,O=C(Nc1cncc2ccc(O)cc12)C1CCOc2ccc(Cl)cc21,6.76,1,Moonshot
MAT-POS-5cd9ea36-9,O=C(Nc1cncc2ccccc12)C1CN(S(=O)(=O)CC2(F)CC2)Cc2ccc(Cl)cc21,6.75,1,Moonshot
EDJ-MED-e69ed63d-16,CS(=O)(=O)c1ccc2c(NC(=O)C3CN(CC(=O)NCC4CC4)C(=O)c4ccc(Cl)cc43)cncc2c1,6.75,1,Moonshot
ALP-POS-b3e0acc5-1,CS(=O)(=O)CCN1CC(C(=O)Nc2cncc3ccccc23)c2cc(Cl)ccc2C1=O,6.75,1,Moonshot
CHEMBL5207860,O=C(/C=C/c1ccccc1)N[C@H](CC1CCCCC1)C(=O)N[C@H](C[C@@H]1CCNC1=O)C(=O)C(=O)NCc1ccccc1,6.75,1,ChEMBL
CHEMBL5206180,CC(C)(C)CC(=O)N[C@H](C(=O)N1C[C@H]2[C@@H]([C@H]1C(=O)N[C@H](C=O)C[C@@H]1CCNC1=O)C2(C)C)C(C)(C)C,6.75,1,ChEMBL
CHEMBL4441971,O=C(/C=C/c1ccccc1)N[C@@H](CC1CCCCC1)C(=O)N[C@@H](C[C@@H]1CCNC1=O)C(=O)C(=O)NCc1ccccc1,6.75,1,ChEMBL
CHEMBL5170578,COc1ccccc1NC(=O)Cn1sc2cc(F)ccc2c1=O,6.75,1,ChEMBL
CHEMBL5206532,O=C(NCc1cccs1)[C@@H]1CN(C(=O)CCl)CCN1c1ccc(Cl)c(Cl)c1,6.75,1,ChEMBL
CHEMBL5220835,CC(C)C[C@H](NC(=O)OCC1CC2CCCC(C2)C1)C(=O)N[C@H](C=O)C[C@H]1CCNC1=O,6.75,1,ChEMBL
CHEMBL5218716,CC(C)C[C@H](NC(=O)OCC12CC3CC(CC(C3)C1)C2)C(=O)N[C@H](C=O)C[C@H]1CCNC1=O,6.75,1,ChEMBL
CHEMBL4850660,CC(C)C[C@H](NC(=O)OCc1ccccc1)C(=O)N[C@@H](C[C@@H]1CCNC1=O)C(O)S(=O)(=O)[O-].C[N+](C)(C)CCO,6.75,1,ChEMBL
CHEMBL5430984,[2H]C([2H])(OC(=O)N[C@H](CC(C)C)C(=O)N[C@H](C[C@@H]1CCNC1=O)C(O)S(=O)(=O)[O-])c1ccccc1.[Na+],6.75,1,ChEMBL
CHEMBL5428967,COC(=O)c1ccc2c(c1)NC1=C(C(=O)CCC1)C(c1ccc(C(F)(F)F)cc1)N2C(=O)CCl,6.75,1,ChEMBL
CHEMBL5441410,CC(C)[C@H](Nc1ncnc2[nH]c(-c3cnn(C)c3C#N)cc12)c1ccc2c(c1)NC(=O)CO2,6.75,1,ChEMBL
CHEMBL5569851,CC1(C)[C@@H]2[C@@H](C(=O)N[C@H](C#N)C[C@@H]3CCNC3=O)N(C(=O)C3(c4cccc(Cl)c4)CC3)C[C@@H]21,6.75,1,ChEMBL
CHEMBL5641676,O=S(=O)(c1nnc(-c2ccc(Cl)cc2)o1)C1CCOC1,6.75,1,ChEMBL
CHEMBL6148391,Cc1ccc(N)cc1C(=O)NC1(c2cccc3ccccc23)CC1,6.75,1,ChEMBL
CHEMBL6102280,Cc1ccc(NC2CCN(C)CC2)cc1C(=O)N[C@H](C)c1cc(-c2cccs2)cc(-c2cccs2)c1,6.75,1,ChEMBL
CHEMBL6146576,COCCn1cc(-c2cc(-c3cnn(CCOC)c3)cc([C@@H](C)NC(=O)c3cc(OCCN(C)C)ccc3C)c2)cn1,6.75,1,ChEMBL
CHEMBL5194538,O=c1c2ccccc2[se]n1-c1ccccc1Br,6.75,1,ChEMBL
MAT-POS-853c0ffa-10,COC1(CS(=O)(=O)N2Cc3ccc(Cl)cc3C3(CCN(c4cncc5ccc(OCCN(C)C)cc45)C3=O)C2)CC1,6.74,1,Moonshot
ALP-POS-ecbed2ba-9,N#CC1CN(S(=O)(=O)N2Cc3ccc(Cl)cc3C3(CCN(c4cncc5ccccc45)C3=O)C2)C1,6.74,1,Moonshot
CHEMBL5441406,CC(C)[C@@H](Nc1ncnc2[nH]ccc12)c1ccc2c(c1)S(=O)(=O)CCO2,6.74,1,ChEMBL
CHEMBL6141747,C[C@@H](C(=O)N[C@H](C(=O)N1C[C@H](OC(F)F)C[C@H]1C(=O)N[C@H](C#N)C[C@@H]1CCNC1=O)C(C)(C)C)N(C)C(=O)CCCCCNc1cccc2c1C(=O)N(C1CCC(=O)NC1=O)C2=O,6.74,1,ChEMBL
MAT-POS-865c3497-1,O=C1NC[C@H](C(=O)Nc2cncc3ccccc23)c2cc(Cl)ccc21,6.73,1,Moonshot
RAL-THA-05e671eb-10,O=C(Nc1cncc2ccccc12)C1CCOc2cc(F)c(Cl)cc21,6.73,3,Moonshot
EDG-MED-0e5afe9d-3,COC1(C(=O)Nc2cncc3ccccc23)CCOc2ccc(Cl)cc21,6.73,1,Moonshot
CHEMBL1917204,Cc1ccc(-n2sc(=O)n(Cc3ccc(F)cc3)c2=O)cc1,6.73,1,ChEMBL
CHEMBL5427053,CCN(C[C@H]1O[C@@H](n2cnc3c(NC)ncnc32)[C@H](O)[C@@H]1O)S(=O)(=O)c1ccc(C)c([N+](=O)[O-])c1,6.73,1,ChEMBL
CHEMBL5549835,CN(C(=O)[C@H](Cc1ccccc1)NC(=O)OCc1ccccc1)N(C#N)Cc1ccccc1Br,6.73,1,ChEMBL
CHEMBL5631551,O=C(CNC(=O)C1CCC(F)(F)CC1)N[C@H](Cc1ccc(Cl)cc1)C(=O)C(=O)NCc1ccccn1,6.73,1,ChEMBL
CHEMBL5202141,Cc1c(Cl)cccc1-n1[se]c2ccccc2c1=O,6.72,1,ChEMBL
CHEMBL105712,O=C(CCl)c1ccccc1,6.72,1,ChEMBL
CHEMBL5181137,O=C(Sc1nc2ccccc2s1)c1cc2ccccc2s1,6.72,1,ChEMBL
CHEMBL5198897,O=C(Cn1sc2cc(F)ccc2c1=O)Nc1cc(Cl)cc(Cl)c1,6.72,1,ChEMBL
CHEMBL5188739,O=C(Cn1sc2cc(F)ccc2c1=O)Nc1ccccc1Cl,6.72,1,ChEMBL
CHEMBL99313,O=c1c2ccccc2sn1Cc1ccccc1,6.72,1,ChEMBL
CHEMBL5426613,CC(C)C[C@H](NC(=O)OCC(C)(C)S(=O)(=O)c1ccccc1)C(=O)N[C@H](C=O)C[C@@H]1CCNC1=O,6.72,1,ChEMBL
CHEMBL5414071,CC(C)C[C@H](NC(=O)OCC(C)(C)Oc1cccc(Cl)c1)C(=O)N[C@H](C=O)C[C@@H]1CCNC1=O,6.72,1,ChEMBL
CHEMBL5438208,COc1ccc(NC(=O)[C@@H]2CN(C(=O)c3cnccc3OC)CCN2c2ccc(Cl)c(Cl)c2)cc1.Cl,6.72,1,ChEMBL
CHEMBL5442049,CC(C)[C@@H](Nc1ncnc2[nH]c(C(=O)NC3CN(C)C3)cc12)c1ccc2c(c1)S(=O)(=O)CCC2,6.72,1,ChEMBL
CHEMBL5542974,CC(C)COc1cc(Cl)cc(-c2cc(-c3c[nH]c(=O)[nH]c3=O)cn(-c3cccnc3)c2=O)c1,6.72,1,ChEMBL
CHEMBL5556610,CN(C(=O)[C@H](Cc1ccccc1)NC(=O)OCc1ccccc1)N(C#N)Cc1ccc(Br)c(Cl)c1,6.72,1,ChEMBL
CHEMBL5561765,CC(C)C[C@H](NC(=O)OCC1CC(=O)N(CC2CC3C=CC2C3)C1)C(=O)N[C@H](C=O)C[C@@H]1CCNC1=O,6.72,1,ChEMBL
CHEMBL5566167,CC(C)C[C@H](NC(=O)OCC1CC(=O)N(CC2CC3C=CC2C3)C1)C(=O)N[C@@H](C[C@@H]1CCNC1=O)C(O)S(=O)(=O)[O-].[Na+],6.72,1,ChEMBL
CHEMBL5639360,Cc1ccc(-c2nnc([S+]([O-])Cc3cccnc3)o2)cc1,6.72,1,ChEMBL
CHEMBL6101819,O=C(/C=C/c1c(Cl)c(O)c(O)c(O)c1Cl)c1ccc(O)cc1,6.72,1,ChEMBL
CHEMBL6146870,OC1CCN(C(=S)SSc2ccc(F)cc2)CC1,6.72,1,ChEMBL
CHEMBL6161303,CCOC(=O)/C=C/C(=O)NNC(=O)CCc1ccccc1C(=O)N[C@H](C)c1cccc2ccccc12,6.72,1,ChEMBL
EDJ-MED-7889e8da-5,CNC(=O)CN1Cc2ccc(Cl)cc2C(C(=O)Nc2cncc3cc(S(C)(=O)=O)ccc23)C1,6.71,1,Moonshot
MAT-POS-e119ab4f-5,CNC(=O)CN1CC(C)(C(=O)Nc2cncc3ccccc23)c2cc(Cl)ccc2S1(=O)=O,6.71,1,Moonshot
MAT-POS-5cd9ea36-4,CC(C)NS(=O)(=O)N1Cc2ccc(Cl)cc2C(C(=O)Nc2cncc3ccccc23)C1,6.71,1,Moonshot
EDJ-MED-d9f3798e-1,CS(=O)(=O)Nc1ccc2cncc(NC(=O)C3CNC(=O)c4ccc(Cl)cc43)c2c1,6.71,1,Moonshot
CHEMBL4869416,COc1cc(C(NC2=NC(=O)C(CC(=O)Nc3ccc(C(=O)O)cc3)S2)c2c(O)[nH]c(=O)[nH]c2=O)ccc1O,6.71,1,ChEMBL
CHEMBL5176330,Cc1ccc(/C=C/C(=O)N[C@H](C(=O)N[C@@H](CC(C)C)C(=O)N[C@H](C=O)C[C@@H]2CCCNC2=O)C(C)C)cc1,6.71,1,ChEMBL
CHEMBL5189683,CC(C)C[C@H](NC(=O)[C@@H](NC(=O)c1ccc(F)cc1)C(C)C)C(=O)N[C@H](C=O)C[C@@H]1CCCNC1=O,6.71,1,ChEMBL
CHEMBL5281031,COc1ccc(/C=C/C(=O)N2C[C@@H]3CCC[C@@H]3[C@H]2C(=O)N[C@H](C=O)C[C@@H]2CCNC2=O)c(OC)c1,6.71,1,ChEMBL
CHEMBL5560680,CNC(=O)c1cc(Br)cc([N+](=O)[O-])c1NC1CCN(C(=O)c2cc(=O)[nH]c3ccccc23)C1,6.71,1,ChEMBL
CHEMBL1886408,CCOC(=O)Cc1ccc(-c2ccccc2)cc1,6.7,1,ChEMBL
CHEMBL5177233,Cc1ccc(Cl)cc1-n1[se]c2ccccc2c1=O,6.7,1,ChEMBL
CHEMBL5182229,CC(C)C[C@H](NC(=O)[C@@H](NC(=O)CCc1ccccc1)C(C)C)C(=O)N[C@H](C=O)C[C@@H]1CCCNC1=O,6.7,1,ChEMBL
CHEMBL5277063,CCCCC1CCC(OC(=O)N[C@@H](CC(C)C)C(=O)N[C@@H](C[C@@H]2CCNC2=O)C(O)S(=O)(=O)O)CC1,6.7,1,ChEMBL
CHEMBL510559,O=C(Oc1cncc(Cl)c1)c1ccc2[nH]ccc2c1,6.7,1,ChEMBL
CHEMBL5433349,[2H]C([2H])(OC(=O)N[C@@H](CC(C)C)C(=O)N[C@H](C=O)C[C@@H]1CCNC1=O)C(C)(C)Sc1ccccc1,6.7,1,ChEMBL
CHEMBL5439320,CC(C)C[C@H](NC(=O)OCC(C)(C)S(=O)(=O)c1ccccc1)C(=O)N[C@@H](C[C@@H]1CCNC1=O)C(O)S(=O)(=O)[O-].[Na+],6.7,1,ChEMBL
CHEMBL5420595,CC(C)C[C@H](NC(=O)OCC(C)(C)Oc1cccc(F)c1)C(=O)N[C@H](C=O)C[C@@H]1CCNC1=O,6.7,1,ChEMBL
CHEMBL1200712,Cc1cc(-c2ccc(/N=N/c3ccc4c(S(=O)(=O)[O-])cc(S(=O)(=O)[O-])c(N)c4c3O)c(C)c2)ccc1/N=N/c1ccc2c(S(=O)(=O)[O-])cc(S(=O)(=O)[O-])c(N)c2c1O.[Na+].[Na+].[Na+].[Na+],6.7,1,ChEMBL
CHEMBL4856219,CC(C)C[C@H](NC(=O)OCc1ccccc1)C(=O)N[C@@H](C[C@@H]1CCNC1=O)C(O)S(=O)(=O)[O-].[K+],6.7,1,ChEMBL
CHEMBL5428745,COc1ccc(NC(=O)[C@@H]2CN(C(=O)c3cccnc3)CCN2c2ccc(Cl)c(Cl)c2)cc1,6.7,1,ChEMBL
CHEMBL5557725,CC(c1nc(-c2cc(NCc3ccc(C(=O)O)cc3)cc(C(F)(F)F)c2)no1)c1cccc2ccccc12,6.7,1,ChEMBL
CHEMBL5558443,Cc1ccc(-c2noc(C(C)c3cccc4ccccc34)n2)cc1NCc1ccc(C(=O)O)cc1,6.7,1,ChEMBL
CHEMBL5557823,CC(c1nc(-c2ccc(NCc3ccc(C(=O)O)s3)cc2)no1)c1cccc2ccccc12,6.7,1,ChEMBL
CHEMBL5532227,CN(C(=O)[C@H](Cc1ccccc1)NC(=O)OCc1ccccc1)N(C#N)Cc1ccc(Br)cc1,6.7,1,ChEMBL
CHEMBL5557033,CC(C)C[C@H](NC(=O)[C@H](Cc1ccc(F)cc1)NC(=O)OCc1ccccc1)C(=O)NC(CC1CCCO1)C(=O)C(=O)NC(C)C,6.7,1,ChEMBL
CHEMBL5564526,O=C(NCCC(F)(F)F)C1CN(c2ccc(Cl)c(Cl)c2)CCN1C(=O)c1cc(=O)[nH]c2ccccc12,6.7,1,ChEMBL
CHEMBL5562450,O=C(NCCCC(F)(F)F)C1CN(c2ccc(Cl)c(Cl)c2)CCN1C(=O)c1cc(=O)[nH]c2ccccc12,6.7,1,ChEMBL
CHEMBL5612589,CSc1nc2ccc(F)cc2n1C(=O)c1ccc(C)cc1,6.7,1,ChEMBL
CHEMBL5647199,[O-][S+](Cc1cccnc1)c1nnc(-c2ccc(OC(F)F)cc2)o1,6.7,1,ChEMBL
CHEMBL6149659,CC(C)C[C@@H]1NC(=O)[C@H](Cc2ccccc2)NC(=O)[C@@H]2CCCN2C(=O)[C@H]([C@@H](C)O)NC(=O)[C@H](C)NC(=O)[C@H]([C@@H](C)O)NC(=O)[C@H](Cc2c[nH]cn2)NC(=O)[C@H](Cc2ccccc2)NC(=O)[C@H]([C@@H](C)O)NC(=O)[C@H](C(C)C)NC(=O)[C@@H](Cc2ccc(O)cc2)NC(=O)CSC[C@@H](C(=O)NCC(N)=O)NC(=O)[C@@H]2CCCN2C(=O)[C@@H]2CCCN2C1=O,6.7,1,ChEMBL
CHEMBL6103023,CCn1ccc(-c2cc(-c3ccn(CC)n3)cc([C@@H](C)NC(=O)c3cc(OCCN(C)C)ccc3C)c2)n1,6.7,1,ChEMBL
CHEMBL6163476,Cc1ccc(OCCN(C)C)cc1C(=O)N[C@H](C)c1cc(-c2ccco2)cc(-c2ccco2)c1,6.7,1,ChEMBL
CHEMBL6151415,CCn1ccc(-c2cc(-c3cnn(C(C)C)c3)cc([C@@H](C)NC(=O)c3cc(OCCN(C)C)ccc3C)c2)n1,6.7,1,ChEMBL
CHEMBL6152571,COCCn1cc(-c2cc(-c3cnn(CC(F)F)c3)cc([C@@H](C)NC(=O)c3cc(OCCN(C)C)ccc3C)c2)cn1,6.7,1,ChEMBL
CHEMBL6166615,CCC(C(=O)Nc1cc(NC2CNC2)ccc1C)n1cc(F)cc2nc(SCc3ccc(F)cc3)nc1-2,6.7,1,ChEMBL
CHEMBL6146855,CCn1ccc(-c2cc(-c3cnn(C)c3)cc([C@@H](C)NC(=O)c3ccccc3CCC(=O)NNC(=O)/C=C/C(=O)NC3CC3)c2)n1,6.7,1,ChEMBL
CHEMBL6148753,CCn1ccc(-c2cc(-c3cnn(C)c3)cc([C@@H](C)NC(=O)c3ccccc3CCC(=O)NNC(=O)/C=C/C(=O)NC3CC(F)(F)C3)c2)n1,6.7,1,ChEMBL
EDJ-MED-76744c27-7,COC(C)(C)CS(=O)(=O)N1Cc2ccc(Cl)cc2C(C(=O)Nc2cncc3ccccc23)C1,6.7,1,Moonshot
CHEMBL468553,O=C(Oc1cncc(Cl)c1)c1cccs1,6.7,1,ChEMBL
LUO-POS-e1dab717-12,O=C(CN1CC2(CCN(c3cncc4ccccc34)C2=O)c2cc(Cl)ccc2S1(=O)=O)NCC1CC1,6.69,1,Moonshot
MAT-POS-932d1078-3,CO[C@@]1(C(=O)Nc2cncc3ccccc23)CCOc2c(F)cc(F)cc21,6.69,1,Moonshot
MAT-POS-4223bc15-33,N#CCC(=O)N1Cc2ccc(Cl)cc2C(C(=O)Nc2cncc3ccccc23)C1,6.69,1,Moonshot
CHEMBL5400303,O=c1c2c(O)c(O)c(O)cc2nc(-c2ccccc2)n1-c1ccccc1F,6.69,1,ChEMBL
CHEMBL5441510,CC(=O)Nc1ccc(-c2cc3c(N[C@@H](c4ccc5c(c4)S(=O)(=O)CCC5)C(C)C)ncnc3[nH]2)cc1F,6.69,1,ChEMBL
CHEMBL5557933,CN(C(=O)[C@H](Cc1ccccc1)NC(=O)OCc1ccccc1)N(C#N)Cc1ccc(Br)c(F)c1,6.69,1,ChEMBL
CHEMBL5562352,CN(C(=O)[C@H](Cc1ccccc1)NC(=O)OCc1ccccc1)N(C#N)Cc1ccco1,6.69,1,ChEMBL
CHEMBL6149282,CC(C)C(=O)N[C@H](C(=O)N1C[C@H]2[C@@H]([C@H]1C(=O)N[C@H](C#N)C[C@@H]1CCNC1=O)C2(C)C)c1cc(Cl)c(OCCN(C)C)c(Cl)c1,6.69,1,ChEMBL
EDJ-MED-d9f3798e-3,CS(=O)(=O)Nc1ccc2cncc(NC(=O)C3CCS(=O)(=O)c4ccc(Cl)cc43)c2c1,6.69,1,Moonshot
MIK-UNK-78dbf1b8-1,O=C(Nc1cncc2c1CCCC2)[C@@H]1CNS(=O)(=O)c2ccc(Cl)cc21,6.69,1,Moonshot
ALP-POS-869ac754-1,O=C(Nc1cncc2ccccc12)C1CCOc2cc(Cl)c(Cl)cc21,6.69,3,Moonshot
MAT-POS-dd3ad2b5-4,CS(=O)(=O)N1Cc2ccc(Cl)cc2C(C(=O)Nc2cncc3ccccc23)C1,6.68,1,Moonshot
MIC-UNK-91acba05-1,O=C1NCC(C(=O)Nc2cncc3ccccc23)c2cc(Cl)ccc21,6.68,3,Moonshot
CHEMBL1449651,N.S=C(S)N1CCCC1,6.68,1,ChEMBL
CHEMBL5085054,Cc1ccc(NC2CNC2)cc1C(=O)N[C@H](C)c1cccc(-c2ccc(CN[C@@H]3CC[C@H](O)C3)s2)c1,6.68,1,ChEMBL
CHEMBL5205787,CC(C)C[C@H](NC(=O)[C@@H](NC(=O)c1ccc([N+](=O)[O-])cc1)C(C)C)C(=O)N[C@H](C=O)C[C@@H]1CCCNC1=O,6.68,1,ChEMBL
CHEMBL5191265,O=C(Cn1sc2cc(F)ccc2c1=O)Nc1ccc(C(F)(F)F)cc1,6.68,1,ChEMBL
CHEMBL5433524,CC(C)C[C@H](NC(=O)OCC(C)(C)Sc1ccccc1)C(=O)N[C@@H](C[C@@H]1CCNC1=O)C(=O)C(=O)NC1CC1,6.68,1,ChEMBL
CHEMBL5422084,CC(C)C[C@H](NC(=O)OCC(C)(C)Oc1cccc(Cl)c1)C(=O)N[C@@H](C[C@@H]1CCNC1=O)C(O)S(=O)(=O)[O-].[Na+],6.68,1,ChEMBL
CHEMBL5411855,CCC(c1ccccc1)c1nc2cc(O)c(O)c(O)c2c(=O)[nH]1,6.68,1,ChEMBL
CHEMBL5425241,O=c1c2c(O)c(O)c(O)cc2nc(-c2ccccc2)n1-c1ccc(Br)cc1F,6.68,1,ChEMBL
CHEMBL5430366,Cl.O=C(NCc1cccs1)[C@@H]1CN(C(=O)c2cncc3cc[nH]c23)CCN1c1ccc(Cl)c(Cl)c1,6.68,1,ChEMBL
CHEMBL5425265,COc1ccncc1C(=O)N1CCN(c2ccc(Cl)c(Cl)c2)[C@H](C(=O)NCc2cccs2)C1,6.68,1,ChEMBL
CHEMBL5441835,CC(C)[C@@H](Nc1ncnc2[nH]c(C(=O)NC3CCN(C)CC3)cc12)c1ccc2c(c1)S(=O)(=O)CCC2,6.68,1,ChEMBL
CHEMBL5568219,CN(C(=O)[C@H](Cc1ccccc1)NC(=O)OCc1ccccc1)N(C#N)Cc1ccc([N+](=O)[O-])cc1,6.68,1,ChEMBL
CHEMBL5574830,CC1(C)[C@@H]2[C@@H](C(=O)N[C@H](C=O)C[C@@H]3CCNC3=O)N(C(=O)C3CCCC3)C[C@@H]21,6.68,1,ChEMBL
CHEMBL5633318,O=C(NCc1ccccn1)C(=O)[C@@H](Cc1ccccc1)NC(=O)c1ccccc1,6.68,1,ChEMBL
CHEMBL6160057,COC(=O)/C=C/C(=O)NNC(=O)CCc1ccccc1C(=O)N[C@H](C)c1cccc(-c2cn[nH]c2)c1,6.68,1,ChEMBL
MAT-POS-b3e365b9-1,O=C(Nc1cncc2ccccc12)[C@@H]1CCOc2ccc(Cl)cc21,6.68,1,Moonshot
MAT-POS-38eb6498-3,CNC(=O)CN1Cc2ccc(Cl)cc2C2(CCN(c3cncc4ccc(OCCN(C)C)cc34)C2=O)C1,6.68,2,Moonshot
EDJ-MED-968bafd9-1,COC1(CS(=O)(=O)N2CC(C(=O)Nc3cncc4ccccc34)c3cc(Cl)ccc3C2=O)CC1,6.68,1,Moonshot
ALP-POS-ecbed2ba-2,N#CC1(CS(=O)(=O)N2Cc3ccc(Cl)cc3C3(CCN(c4cncc5ccccc45)C3=O)C2)CCS(=O)(=O)CC1,6.68,1,Moonshot
ALP-POS-3b848b35-2,O=C(Cc1cc(Cl)cc(OC2CC(=O)N2)c1)Nc1cncc2ccccc12,6.67,3,Moonshot
MAT-POS-4223bc15-4,COCCS(=O)(=O)N1Cc2ccc(Cl)cc2C(C(=O)Nc2cncc3ccccc23)C1,6.67,1,Moonshot
MAT-POS-78e1d523-1,O=C(Nc1cncc2ccccc12)C1CCSc2ccc(Cl)cc21,6.67,1,Moonshot
MAT-POS-4223bc15-6,CCS(=O)(=O)N1Cc2ccc(Cl)cc2C(C(=O)Nc2cncc3ccccc23)C1,6.67,1,Moonshot
CHEMBL5423618,O=c1c2c(O)c(O)c(O)cc2nc(-c2ccccc2)n1-c1cccnc1,6.67,1,ChEMBL
CHEMBL5441652,CC(C)[C@@H](Nc1ncnc2[nH]c(-c3cnn(C)c3C#N)cc12)c1ccc2c(c1)NC(=O)CO2,6.67,1,ChEMBL
CHEMBL5632725,O=C(CNC(=O)c1cc2ccccc2o1)N[C@H](Cc1ccccc1)C(=O)C(=O)NCc1ccccn1,6.67,1,ChEMBL
CHEMBL6151354,O=C(/C=C/c1c(Cl)c(O)c(O)c(O)c1Cl)c1cccs1,6.67,1,ChEMBL
EDJ-MED-e69ed63d-4,CS(=O)(=O)c1ccc2c(NC(=O)C3CN(CC(=O)NC4CC4)C(=O)c4ccc(Cl)cc43)cncc2c1,6.67,1,Moonshot
MIK-ENA-5d9157e9-5,C[C@]1(C(=O)Nc2cncc3c2CCCC3)CNS(=O)(=O)c2ccc(Cl)cc21,6.67,1,Moonshot
EDJ-MED-b6c6ee2b-3,COc1ccc2cncc(N3CCC4(CN(S(=O)(=O)CC5(C#N)CC5)Cc5ccc(Cl)cc54)C3=O)c2c1,6.67,1,Moonshot
EDJ-MED-e69ed63d-15,O=C(CN1CC(C(=O)Nc2cncc3cc(F)ccc23)c2cc(Cl)ccc2C1=O)NCC1CC1,6.67,1,Moonshot
CHEMBL5401883,C#C[C@H](C[C@@H]1CCNC1=O)NC(=O)[C@@H]1[C@@H]2[C@H](CN1C(=O)[C@@H](NC(=O)C(F)(F)F)C(C)(C)C)C2(C)C,6.67,1,ChEMBL
MAT-POS-4223bc15-30,O=C(Nc1cncc2ccccc12)C1CN(S(=O)(=O)c2ncc[nH]2)Cc2ccc(Cl)cc21,6.66,1,Moonshot
CHEMBL477197,Oc1cc2c(cc1O)[C@@H]1c3ccc(O)c(O)c3OC[C@]1(O)C2,6.66,1,ChEMBL
CHEMBL5192541,CC(C)C[C@H](NC(=O)[C@@H](NC(=O)c1ccc2cc[nH]c2c1)C(C)C)C(=O)N[C@H](C=O)C[C@@H]1CCCNC1=O,6.66,1,ChEMBL
CHEMBL5183334,CC(C)(C)OC(=O)Cn1sc2cc(F)ccc2c1=O,6.66,1,ChEMBL
CHEMBL5396481,CC(C)C[C@H](NC(=O)OCC(C)(C)Oc1ccc(F)cc1)C(=O)N[C@H](C=O)C[C@@H]1CCNC1=O,6.66,1,ChEMBL
CHEMBL5437475,COc1ccc(NC(=O)[C@@H]2CN(C(=O)c3cnccc3OC)CCN2c2ccc(Cl)c(Cl)c2)cc1,6.66,1,ChEMBL
CHEMBL5441943,CNC(=O)Cn1cc(-c2cc3c(N[C@H](c4ccc5c(c4)OCCO5)C(C)C)ncnc3[nH]2)cn1,6.66,1,ChEMBL
CHEMBL45151,O=c1c2ccccc2sn1-c1ccccn1,6.66,1,ChEMBL
CHEMBL5561491,CC(C)C[C@H](NC(=O)OCC1CCN(CC2CCCCC2)C1=O)C(=O)N[C@@H](C[C@@H]1CCNC1=O)C(O)S(=O)(=O)[O-].[Na+],6.66,1,ChEMBL
CHEMBL252661,O=C(Oc1cncc(Cl)c1)c1ccc(Cl)cc1,6.66,1,ChEMBL
CHEMBL5632992,O=C(Cc1ccccc1)N[C@H](Cc1ccccc1)C(=O)C(=O)NCc1ccccn1,6.66,1,ChEMBL
CHEMBL6134130,CC(C)C[C@@H]1NC(=O)[C@H](Cc2ccccc2)NC(=O)[C@@H]2CCCN2C(=O)[C@H](C)NC(=O)[C@H]([C@@H](C)O)NC(=O)[C@H]([C@@H](C)O)NC(=O)[C@H](Cc2c[nH]cn2)NC(=O)[C@H](Cc2ccccc2)NC(=O)[C@H]([C@@H](C)O)NC(=O)[C@H](C(C)C)NC(=O)[C@@H](Cc2ccc(O)cc2)NC(=O)CSC[C@@H](C(=O)NCC(N)=O)NC(=O)[C@@H]2CCCN2C(=O)[C@@H]2CCCN2C1=O,6.66,1,ChEMBL
CHEMBL6148867,CCn1ccc(-c2cc(-c3ccn(CC(F)F)n3)cc([C@@H](C)NC(=O)c3cc(OCCN(C)C)ccc3C)c2)n1,6.66,1,ChEMBL
CHEMBL6146458,CC(C)C[C@H](NC(=O)OC[C@@H]1C[C@H]1C1CCCCC1)C(=O)N[C@@H](C[C@H]1CCNC1=O)[C@H](O)S(=O)(=O)[O-].[Na+],6.66,1,ChEMBL
LON-WEI-4d77710c-76,c1ccc(-c2cc(Sc3nnc(-c4cccs4)o3)n3ncnc3n2)cc1,6.66,2,Moonshot
EDJ-MED-be9e6f63-2,N#CC1(CS(=O)(=O)N2Cc3ccc(Cl)cc3C(C(=O)Nc3cncc4cc(F)ccc34)C2)CC1,6.65,2,Moonshot
MAT-POS-1bed62cf-3,CNC(=O)CN1Cc2ccc(Cl)cc2C2(CC(=O)N(c3cncc4ccccc34)C2=O)C1,6.65,1,Moonshot
RAL-THA-6e4c80cf-1,COC(=O)N1Cc2ccc(Cl)cc2C(C(=O)Nc2cncc3ccccc23)C1,6.65,2,Moonshot
ALP-POS-ecbed2ba-10,COC1CN(S(=O)(=O)N2Cc3ccc(Cl)cc3C3(CCN(c4cncc5ccccc45)C3=O)C2)C1,6.65,1,Moonshot
MAT-POS-4223bc15-41,Cn1cncc1C(=O)N1Cc2ccc(Cl)cc2C(C(=O)Nc2cncc3ccccc23)C1,6.65,1,Moonshot
CHEMBL5182008,O=C(Cn1sc2cccc(C(F)(F)F)c2c1=O)Nc1ccccc1,6.65,1,ChEMBL
CHEMBL5559003,CN1C(=O)[C@H](Cc2ccccc2)NC(=O)COCCOc2ccc(F)cc2CN1C#N,6.65,1,ChEMBL
EDJ-MED-37aac4bd-4,COC1(C(=O)Nc2cncc3ccccc23)CCOc2c(F)cc(F)cc21,6.65,1,Moonshot
EDJ-MED-41558c53-6,Cc1nc(CN2CC(C(=O)Nc3cncc4cc(S(C)(=O)=O)ccc34)c3cc(Cl)ccc3C2=O)c[nH]1,6.65,1,Moonshot
MAT-POS-f9802937-7,COc1ccc2cncc(NC(=O)C3CCOc4ccc(Cl)cc43)c2c1,6.64,1,Moonshot
MAT-POS-14f31916-1,Cc1cc2c(NC(=O)C3CCOc4ccc(Cl)cc43)cncc2s1,6.64,2,Moonshot
CHEMBL5182468,COC(=O)/C=C/C(=O)NNC(=O)CCc1ccc(NC(C)=O)cc1C(=O)N[C@H](C)c1cccc2ccccc12,6.64,1,ChEMBL
CHEMBL5206009,COc1ccc(-n2[se]c3ccccc3c2=O)c(OC)c1,6.64,1,ChEMBL
CHEMBL5189974,CC(C)C[C@H](NC(=O)[C@@H](NC(=O)/C=C/c1ccc(C(C)C)cc1)C(C)C)C(=O)N[C@H](C=O)C[C@@H]1CCCNC1=O,6.64,1,ChEMBL
CHEMBL5173090,O=C(Cn1sc2cc(F)ccc2c1=O)NCc1ccccc1,6.64,1,ChEMBL
CHEMBL5288267,CCCC1CCC(OC(=O)N[C@@H](CC(C)C)C(=O)N[C@@H](C[C@@H]2CCNC2=O)C(O)S(=O)(=O)O)CC1,6.64,1,ChEMBL
CHEMBL1435753,CCCNC(=O)c1ccc(-n2sc3ccccc3c2=O)cc1,6.64,1,ChEMBL
CHEMBL5395936,CC(C)(C)[C@H](NC(=O)C(F)(F)F)C(=O)N1C[C@H]2[C@@H]([C@H]1C(=O)N[C@H](C#CC(F)(F)F)C[C@@H]1CCNC1=O)C2(C)C,6.64,1,ChEMBL
CHEMBL5399690,CC(C)C[C@H](NC(=O)OCC(C)(C)Oc1ccc(F)cc1)C(=O)N[C@@H](C[C@@H]1CCNC1=O)C(O)S(=O)(=O)[O-].[Na+],6.64,1,ChEMBL
CHEMBL5423593,C/N=c1\nc(-c2ccc(F)cc2)n(-c2ccccc2)s1,6.64,1,ChEMBL
CHEMBL5564187,CC(C)C[C@H](NC(=O)OCC1CCN(CC2CCCCC2)C1=O)C(=O)N[C@H](C=O)C[C@@H]1CCNC1=O,6.64,1,ChEMBL
CHEMBL6114864,CN(C)CCOc1c(Cl)cc([C@H](NC(=O)CF)C(=O)N2C[C@H]3[C@@H]([C@H]2C(=O)N[C@H](C#N)C[C@@H]2CCNC2=O)C3(C)C)cc1Cl,6.64,1,ChEMBL
CHEMBL6143713,COc1ccc(SSC(=S)N2CCC(O)CC2)cc1,6.64,1,ChEMBL
CHEMBL6160905,CCn1ccc(-c2cc(-c3cnn(CC(F)F)c3)cc([C@@H](C)NC(=O)c3cc(OCCN(C)C)ccc3C)c2)n1,6.64,1,ChEMBL
CHEMBL6162346,COC(=O)/C=C/C(=O)NNC(=O)CNC(=O)CNC(=O)C1CCN(C(C)c2cccc3ccccc23)CC1,6.64,1,ChEMBL
CHEMBL6148271,CCC(C(=O)Nc1cc(NC2CCNC2)ccc1C)n1cc(F)cc2nc(SCc3ccc(F)cc3)nc1-2,6.64,1,ChEMBL
EDJ-MED-92e193ae-1,O=C(Nc1cncc2ccccc12)[C@@H]1CCNc2ccc(Cl)cc21,6.64,1,Moonshot
ALP-POS-d054b76b-5,N#CC1CN(S(=O)(=O)NCc2ccc(Cl)cc2CC(=O)Nc2cncc3ccccc23)C1,6.64,1,Moonshot
EDJ-MED-e4b030d8-2,C[C@@H]1C[C@@H](C(=O)Nc2cncc3ccccc23)c2cc(Cl)ccc2O1,6.64,2,Moonshot
MAT-POS-4223bc15-5,O=C(Nc1cncc2ccccc12)C1CN(S(=O)(=O)CCO)Cc2ccc(Cl)cc21,6.63,1,Moonshot
MAT-POS-22373164-1,CN(c1ccc2c(NC(=O)C3CN(S(=O)(=O)CC4(C#N)CC4)Cc4ccc(Cl)cc43)cncc2c1)S(C)(=O)=O,6.63,1,Moonshot
MAT-POS-0c8fa4a7-1,O=C(Nc1cncc2ccccc12)C1=CCCc2ccc(Cl)cc21,6.63,1,Moonshot
CHEMBL5192027,Cc1nnc(SC(=O)c2ccc(-c3ccccc3)[nH]2)s1,6.63,1,ChEMBL
CHEMBL5175884,CC(C)C[C@H](NC(=O)[C@@H](NC(=O)c1ccco1)C(C)C)C(=O)N[C@H](C=O)C[C@@H]1CCCNC1=O,6.63,1,ChEMBL
CHEMBL5171211,COc1cccc2[nH]c(C(=O)N3C[C@@H]4CCC[C@@H]4[C@H]3C(=O)N[C@@H](C[C@@H]3CCNC3=O)C(=O)CCl)cc12,6.63,1,ChEMBL
CHEMBL5184431,COc1cccc2[nH]c(C(=O)N3C[C@@H]4CCC[C@@H]4[C@H]3C(=O)N[C@H](C#N)C[C@@H]3CCNC3=O)cc12,6.63,1,ChEMBL
CHEMBL5184551,COc1cccc2[nH]c(C(=O)N3C[C@@H]4CCC[C@@H]4[C@H]3C(=O)N[C@@H](C[C@@H]3CCNC3=O)C(=O)CO)cc12,6.63,1,ChEMBL
CHEMBL5409716,CN(C)S(=O)(=O)Nc1ccc(-n2[se]c3ccccc3c2=O)cc1,6.63,1,ChEMBL
CHEMBL5439575,O=c1c2c(O)c(O)c(O)cc2nc(-c2ccccc2)n1-c1cccc(F)c1,6.63,1,ChEMBL
CHEMBL5562910,CCn1cc2cc(Nc3nc(=O)n(-c4cncc(Cl)c4)c(=O)n3Cc3cc(C#N)ccc3C)ccc2n1,6.63,1,ChEMBL
CHEMBL5596693,O=C(Oc1cncc(Br)c1)c1ccc(OCc2ccccc2)cc1F,6.63,1,ChEMBL
CHEMBL5845821,COc1cccc2[nH]c(C(=O)N[C@H](CC(C)(C)C)C(=O)N3C[C@]4(C[C@H]3C#N)C(=O)Nc3ccccc34)cc12,6.63,1,ChEMBL
CHEMBL5816337,COc1cccc2[nH]c(C(=O)N[C@@H](CC3CCC3)C(=O)N3C[C@]4(C[C@H]3C#N)C(=O)Nc3ccccc34)cc12,6.63,1,ChEMBL
MIK-UNK-1619f2e2-1,CNC(=O)CN1Cc2ccc(Cl)cc2[C@@]2(CCN(c3cncc4c3CCCC4)C2=O)C1,6.63,1,Moonshot
RAL-THA-6e4c80cf-2,CCOC(=O)N1Cc2ccc(Cl)cc2C(C(=O)Nc2cncc3ccccc23)C1,6.63,2,Moonshot
CHEMBL3922662,O=c1c2ccccc2[se]n1-c1ccccc1O,6.62,1,ChEMBL
ALP-UNI-8d415491-2,O=C(Nc1cncc2c1CCCC2)C1CCNc2cc(Cl)c(Cl)cc21,6.62,1,Moonshot
CHEMBL1161936,O=C(O)c1ccc(SSc2ccc(C(=O)O)cn2)nc1,6.62,1,ChEMBL
CHEMBL1474701,O=C1C=CC(=O)C2=C1C1c3ccccc3C2c2ccccc21,6.62,1,ChEMBL
CHEMBL5171724,CC(C)C[C@H](NC(=O)OC1CC2(CCN(S(C)(=O)=O)CC2)C1)C(=O)N[C@H](C=O)C[C@H]1CCNC1=O,6.62,1,ChEMBL
CHEMBL5205014,CC(C)C[C@H](NC(=O)OC1CC2(CCN(S(C)(=O)=O)CC2)C1)C(=O)N[C@@H](C[C@H]1CCNC1=O)C(=O)C(O)S(=O)(=O)[O-].[Na+],6.62,1,ChEMBL
CHEMBL4779667,O=c1c2ccccc2[se]n1CCN1CCOCC1,6.62,1,ChEMBL
CHEMBL5414988,CC(C)C[C@H](NC(=O)OCC(C)(C)Oc1ccccc1)C(=O)N[C@@H](C[C@@H]1CCNC1=O)C(O)S(=O)(=O)[O-].[Na+],6.62,1,ChEMBL
CHEMBL5400991,CC(C)Cc1nc2cc(O)c(O)c(O)c2c(=O)n1-c1ccccc1F,6.62,1,ChEMBL
CHEMBL5441459,CC(C)[C@@H](Nc1ncnc2[nH]c(-c3cccc(-n4cnnn4)c3)cc12)c1ccc2c(c1)S(=O)(=O)CCC2,6.62,1,ChEMBL
CHEMBL5441570,CC(C)[C@@H](Nc1ncnc2[nH]c(-c3ccc(S(N)(=O)=O)c4nsnc34)cc12)c1ccc2c(c1)S(=O)(=O)CCC2,6.62,1,ChEMBL
CHEMBL5441987,CC(C)[C@@H](Nc1ncnc2[nH]c(-c3cnc4c(c3)nnn4C)cc12)c1ccc2c(c1)S(=O)(=O)CCC2,6.62,1,ChEMBL
CHEMBL5646823,CCS(=O)(=O)c1nnc(-c2ccc(Cl)cc2)o1,6.62,1,ChEMBL
CHEMBL6152732,O=C(/C=C/c1c(Cl)c(O)c(O)c(O)c1Cl)c1ccccc1F,6.62,1,ChEMBL
CHEMBL6120684,CCn1ccc(-c2cc(-c3cnn(COC)c3)cc([C@@H](C)NC(=O)c3cc(OCCN(C)C)ccc3C)c2)n1,6.62,1,ChEMBL
CHEMBL6144097,CCC(C(=O)Nc1cc(NC2COC2)ccc1C)n1cc(Br)cc2nc(SCc3ccc(F)cc3)nc1-2,6.62,1,ChEMBL
CHEMBL5082129,C=CS(=O)(=O)N(c1ccc(C(C)(C)C)cc1)C(C(=O)NCCc1cccc(OC)c1)c1cccnc1,6.62,1,ChEMBL
CHEMBL6166424,CCCCOC(=O)/C=C/C(=O)NNC(=O)CCc1ccccc1C(=O)N[C@H](C)c1cccc2ccccc12,6.62,1,ChEMBL
CHEMBL6167270,C[C@@H](NC(=O)c1ccccc1CCC(=O)NNC(=O)/C=C/C(=O)OC(C)(C)C)c1cccc2ccccc12,6.62,1,ChEMBL
CHEMBL6173434,CC(C)OC(=O)/C=C/C(=O)NNC(=O)CCc1ccccc1C(=O)N[C@H](C)c1cccc2ccccc12,6.62,1,ChEMBL
ALP-POS-fe871b40-2,N#Cc1cc(Cl)cc2c1NCCC2C(=O)Nc1cncc2ccccc12,6.62,1,Moonshot
CHEMBL5441603,CNCc1cc(-c2cc3c(N[C@@H](c4ccc5c(c4)NC(=O)CO5)C(C)C)ncnc3[nH]2)co1,6.62,1,ChEMBL
ALP-POS-ecbed2ba-15,N#CC1(CS(=O)(=O)N2Cc3ccc(Cl)cc3C3(CCN(c4cncc5ccccc45)C3=O)C2)CCCC1,6.61,1,Moonshot
CHEMBL5194209,CCc1ccc(S(=O)(=O)NC[C@H]2O[C@@H](n3cnc4c(N)ncnc43)[C@H](O)[C@@H]2O)cc1[N+](=O)[O-],6.61,1,ChEMBL
CHEMBL5597703,COc1ccc(C(=O)Oc2cncc(Cl)c2)cc1Cl,6.61,1,ChEMBL
CHEMBL6143814,CC(=O)Oc1c(Cl)c(/C=C/C(=O)c2ccc(F)cc2)c(Cl)c(OC(C)=O)c1OC(C)=O,6.61,1,ChEMBL
CHEMBL6169342,CC(C)(C)[C@H](NC(=O)C(F)(F)F)C(=O)N1C[C@H]2[C@@H]([C@H]1C(=O)N1C[C@]3(CC1C#N)C(=O)Nc1ccccc13)C2(C)C,6.61,1,ChEMBL
EDG-MED-5d232de5-5,CN1CC[C@H](C(=O)Nc2cncc3ccccc23)c2cc(Cl)ccc21,6.61,1,Moonshot
MAT-POS-4223bc15-7,O=C(Nc1cncc2ccccc12)C1CN(S(=O)(=O)C2COC2)Cc2ccc(Cl)cc21,6.61,1,Moonshot
MAT-POS-a5ef2d74-2,COC1(C(=O)Nc2cncc3ccc(F)cc23)CCOc2ccc(Cl)cc21,6.61,1,Moonshot
VLA-UCB-50c39ae8-2,O=C1C[C@]2(CCOc3ccc(Cl)cc32)C(=O)N1c1cncc2ccccc12,6.61,1,Moonshot
EDJ-MED-3bfd841e-1,CNC(=O)CN1CC(C)(C(=O)Nc2cncc3cc(F)ccc23)c2cc(Cl)ccc2S1(=O)=O,6.61,1,Moonshot
EDJ-MED-d165ed91-4,CC(C)(C)NC(=O)CN1CC(C(=O)Nc2cncc3cc(S(C)(=O)=O)ccc23)c2cc(Cl)ccc2C1=O,6.61,3,Moonshot
CHEMBL161867,C/N=c1\nc(-c2ccccc2)n(-c2ccccc2)s1,6.61,1,ChEMBL
CHEMBL5441823,CC(C)[C@@H](Nc1ncnc2[nH]c(-c3cnn(CC(N)=O)c3)cc12)c1ccc2c(c1)NC(=O)CO2,6.61,1,ChEMBL
STE-KUL-d79e3d6a-1,C#CCCCC(=O)N[C@H](C(=O)N[C@H](CC(C)C)C(=O)NN(CCC(N)=O)C(=O)C1OC1C(=O)OCC)C(C)(C)C,6.6,1,Moonshot
ALP-UNI-8d415491-6,O=C(Nc1cncc2ccc(F)cc12)C1CCNc2cc(Cl)c(Cl)cc21,6.6,1,Moonshot
MAT-POS-dd3ad2b5-3,NC(=O)N1Cc2ccc(Cl)cc2C(C(=O)Nc2cncc3ccccc23)C1,6.6,1,Moonshot
CHEMBL5208693,Cc1ccc(NC2CNC2)cc1C(=O)N[C@H](C)c1cccc(-c2ccc(CN[C@H]3CC[C@H](O)C3)s2)c1,6.6,1,ChEMBL
CHEMBL5207392,Cc1nnc(SC(=O)c2ccc(C#Cc3ccccc3)o2)s1,6.6,1,ChEMBL
CHEMBL5207843,COc1ccc(/C=C/C(=O)N[C@H](C(=O)N[C@@H](CC(C)C)C(=O)N[C@H](C=O)C[C@@H]2CCCNC2=O)C(C)C)cc1,6.6,1,ChEMBL
CHEMBL5204604,O=C(Cn1sc2cc(F)ccc2c1=O)Nc1cccc(C(F)(F)F)c1,6.6,1,ChEMBL
CHEMBL5198660,CC(=O)NCn1sc2cc(F)ccc2c1=O,6.6,1,ChEMBL
CHEMBL5220196,CC(C)C[C@H](NC(=O)OCCC12CC3CC(CC(C3)C1)C2)C(=O)N[C@@H](C[C@H]1CCNC1=O)C(O)S(=O)(=O)[O-].[Na+],6.6,1,ChEMBL
CHEMBL5430129,C/N=c1\nc(-c2ccc(OC)c(OC)c2)n(-c2ccc(F)cc2)s1,6.6,1,ChEMBL
CHEMBL5439743,O=C(NCc1cccs1)[C@@H]1CN(C(=O)c2cncc3cc[nH]c23)CCN1c1ccc(Cl)c(Cl)c1,6.6,1,ChEMBL
CHEMBL5532013,COC(=O)CCn1sc2ccccc2c1=O,6.6,1,ChEMBL
CHEMBL5563455,CCCCOc1cc(Cl)cc(-c2cc(-c3c[nH]c(=O)[nH]c3=O)cn(-c3cccnc3)c2=O)c1,6.6,1,ChEMBL
CHEMBL5564389,CC(C)C[C@H](NC(=O)OC[C@@H]1CCC(=O)N1CC1CCCCC1)C(=O)N[C@H](C=O)C[C@@H]1CCNC1=O,6.6,1,ChEMBL
CHEMBL5532354,CC(C)C[C@H](NC(=O)OC[C@@H]1CCC(=O)N1Cc1ccco1)C(=O)N[C@@H](C[C@@H]1CCNC1=O)C(O)S(=O)(=O)[O-].[Na+],6.6,1,ChEMBL
CHEMBL5571924,CC1(C)[C@@H]2[C@@H](C(=O)N[C@H](C=O)C[C@@H]3CCNC3=O)N(C(=O)[C@H](CC3CCCCC3)NC(=O)OCc3ccccc3)C[C@@H]21,6.6,1,ChEMBL
CHEMBL5596092,COc1cc(F)ccc1C(=O)Oc1cncc(Cl)c1,6.6,1,ChEMBL
CHEMBL5641921,COCCS(=O)(=O)c1nnc(-c2ccc(Cl)cc2)o1,6.6,1,ChEMBL
CHEMBL6102335,CC(C)C[C@@H]1NC(=O)[C@H](CC(N)=O)NC(=O)[C@H](Cc2ccc(O)cc2)NC(=O)CSC[C@@H](C(=O)NCC(N)=O)NC(=O)[C@H](Cc2ccccc2)NC(=O)[C@H](CCCNC(=N)N)NC(=O)[C@H](CCC(N)=O)NC(=O)[C@H](CC(N)=O)NC(=O)[C@H](Cc2c[nH]c3ccccc23)NC(=O)[C@H](CC(=O)O)NC(=O)[C@H]([C@@H](C)O)NC(=O)[C@H](CCCNC(=N)N)NC(=O)[C@H](CCC(N)=O)NC(=O)[C@H](Cc2ccccc2)NC1=O,6.6,1,ChEMBL
CHEMBL6146049,CC[C@H](C)[C@@H]1NC(=O)[C@@H](Cc2ccc(O)cc2)NC(=O)CSC[C@@H](C(=O)NCC(N)=O)NC(=O)[C@@H]2CCCN2C(=O)[C@H](CC(C)C)NC(=O)[C@H](CC(C)C)NC(=O)[C@H]([C@@H](C)O)NC(=O)[C@H](CC(N)=O)NC(=O)CNC(=O)[C@H](CO)NC(=O)[C@H](C)NC(=O)[C@H](Cc2ccccc2)NC(=O)[C@H](CCCNC(=N)N)NC1=O,6.6,1,ChEMBL
CHEMBL6159892,CC(C)C[C@@H]1NC(=O)[C@H](Cc2ccccc2)NC(=O)[C@@H]2CCCN2C(=O)[C@H]([C@@H](C)O)NC(=O)[C@H]([C@@H](C)O)NC(=O)[C@H]([C@@H](C)O)NC(=O)[C@H](Cc2c[nH]cn2)NC(=O)[C@H](Cc2cccc(F)c2)NC(=O)[C@H]([C@@H](C)O)NC(=O)[C@H](C(C)C)NC(=O)[C@@H](Cc2ccc(O)cc2)NC(=O)CSC[C@@H](C(=O)NCC(N)=O)NC(=O)[C@@H]2CCCN2C(=O)[C@@H]2CCCN2C1=O,6.6,1,ChEMBL
CHEMBL6148562,CN(C)CCOc1c(Cl)cc(C(NC(=O)C(C)(C)F)C(=O)N2C[C@H]3[C@@H]([C@H]2C(=O)N[C@H](C#N)C[C@@H]2CCNC2=O)C3(C)C)cc1Cl,6.6,1,ChEMBL
CHEMBL6147176,CCOC(=O)CCCNCc1ccc(-c2cccc([C@@H](C)NC(=O)c3cc(NC4CNC4)ccc3C)c2)s1,6.6,1,ChEMBL
CHEMBL6161179,C[C@@H](NC(=O)c1ccccc1CCC(=O)NNC(=O)/C=C/C(=O)OCCC(F)(F)F)c1cccc2ccccc12,6.6,1,ChEMBL
CHEMBL6172555,COC(=O)/C=C/C(=O)NNC(=O)CCc1ccccc1C(=O)N[C@H](C)c1cccc(-c2cc3ccccc3o2)c1,6.6,1,ChEMBL
EDJ-MED-e69ed63d-10,CS(=O)(=O)c1ccc2c(NC(=O)C3CN(CC(=O)NC4CCC4)C(=O)c4ccc(Cl)cc43)cncc2c1,6.6,1,Moonshot
MAT-POS-ec6d90b7-7,O=C(Nc1cncc2ccc(F)cc12)[C@H]1CCOc2cc(F)c(Cl)cc21,6.6,1,Moonshot
CHEMBL5194755,O=C(Sc1nc2ccccc2s1)c1ccc(-c2ccc(Br)cc2)o1,6.59,1,ChEMBL
CHEMBL3983492,COc1ccccc1-n1[se]c2ccccc2c1=O,6.59,1,ChEMBL
CHEMBL5198279,CC(C)C[C@H](NC(=O)[C@@H](NC(=O)/C=C/c1cccc(F)c1)C(C)C)C(=O)N[C@H](C=O)C[C@@H]1CCCNC1=O,6.59,1,ChEMBL
CHEMBL5191197,CC(C)C[C@H](NC(=O)[C@@H](NC(=O)c1ccccc1)C(C)C)C(=O)N[C@H](C=O)C[C@@H]1CCCNC1=O,6.59,1,ChEMBL
CHEMBL5274000,CC(C)CCn1sc2ccc(Br)cc2c1=O,6.59,1,ChEMBL
CHEMBL5441526,CNC(=O)Cn1cc(-c2cc3c(N[C@@H](c4ccc5c(c4)OCCO5)C(C)C)ncnc3[nH]2)cn1,6.59,1,ChEMBL
CHEMBL5441791,CC(=O)N1CCN(Cc2cccc(-c3cc4c(N[C@@H](c5ccc6c(c5)S(=O)(=O)CCC6)C(C)C)ncnc4[nH]3)c2)CC1,6.59,1,ChEMBL
ALP-POS-6f6ae286-5,CNC(=O)CN1Cc2ccc(Cl)cc2C(C(=O)Nc2cncc3cc(F)ccc23)C1,6.59,2,Moonshot
MAT-POS-64942dd0-3,CS(=O)(=O)N1Cc2cc(F)c(Cl)cc2C(C(=O)Nc2cncc3ccccc23)C1,6.59,1,Moonshot
EDJ-MED-705e09b8-1,CNC(=O)CN1Cc2ccc(Cl)cc2C2(CCN(c3cncc4c3CCCC4)C2=O)C1,6.59,1,Moonshot
ALP-POS-477dc5b7-2,O=C(Nc1cncc2ccccc12)C1CCNc2ccc(Cl)cc21,6.59,2,Moonshot
MAT-POS-b4d6b7fc-8,N#CC1(CS(=O)(=O)N2Cc3ccc(Cl)cc3C(C(=O)Nc3cncc4cccc(Cl)c34)C2)CC1,6.59,2,Moonshot
CHEMBL5612735,CSc1nc2ccc(F)cc2n1C(=O)c1ccc(C)c(F)c1,6.58,1,ChEMBL
MAT-POS-1bed62cf-2,CNC(=O)CN1CC2(CC(=O)N(c3cncc4ccccc34)C2=O)c2cc(Cl)ccc2C1=O,6.58,1,Moonshot
EDJ-MED-c314995a-1,O=C(Nc1cncc2ccccc12)N(CCC1CCCCC1)c1cccc(Cl)c1,6.58,2,Moonshot
ALP-POS-1cbc2fae-1,CC1(C(=O)Nc2cncc3ccccc23)CNS(=O)(=O)c2ccc(Cl)cc21,6.58,1,Moonshot
ALP-POS-ecbed2ba-8,N#CC1(CS(=O)(=O)N2Cc3ccc(Cl)cc3C3(CCN(c4cncc5ccccc45)C3=O)C2)CCC1,6.58,1,Moonshot
CHEMBL5208006,Cc1cnc(Cn2c(=O)nc(Nc3cc4cn(C)nc4cc3Cl)n(Cc3cc(F)c(F)cc3F)c2=O)nc1,6.58,1,ChEMBL
CHEMBL3912164,COc1ccccc1NC(=O)c1ccccc1[Se][Se]c1ccccc1C(=O)Nc1ccccc1OC,6.58,1,ChEMBL
CHEMBL599894,O=C1c2ccccc2-c2nc3nnnn3nc21,6.58,1,ChEMBL
CHEMBL5172622,CC(C)C[C@H](NC(=O)OC1CC2(C1)CN(C(=O)Cc1ccccc1)C2)C(=O)N[C@H](C=O)C[C@H]1CCNC1=O,6.58,1,ChEMBL
CHEMBL5209543,CC(C)C[C@H](NC(=O)OC1CC2(C1)CN(C(=O)Cc1ccccc1)C2)C(=O)N[C@@H](C[C@H]1CCNC1=O)C(=O)C(O)S(=O)(=O)[O-].[Na+],6.58,1,ChEMBL
CHEMBL5220472,CC(C)C[C@H](NC(=O)OCC1CC2C=CCC(C2)C1)C(=O)N[C@@H](C[C@H]1CCNC1=O)C(O)S(=O)(=O)[O-].[Na+],6.58,1,ChEMBL
CHEMBL5218940,CC(C)C[C@H](NC(=O)OCC1CC2C=CC1C2)C(=O)N[C@H](C=O)C[C@H]1CCNC1=O,6.58,1,ChEMBL
CHEMBL5290702,Cn1nc(-c2ccc(C(F)(F)F)cc2)nc2c(=O)n(C)c(=O)cc1-2,6.58,1,ChEMBL
CHEMBL5287202,COc1cc(O)c2c(c1)O[C@H](c1cc(O)c(O)c(O)c1)[C@@H](O)C2=O,6.58,1,ChEMBL
CHEMBL265502,Cc1ccc(C(=O)Nc2ccc(S(=O)(=O)O)c3cc(S(=O)(=O)O)cc(S(=O)(=O)O)c23)cc1NC(=O)c1cccc(NC(=O)Nc2cccc(C(=O)Nc3cc(C(=O)Nc4ccc(S(=O)(=O)O)c5cc(S(=O)(=O)O)cc(S(=O)(=O)O)c45)ccc3C)c2)c1,6.58,1,ChEMBL
CHEMBL5568134,CN(C(=O)[C@H](Cc1ccccc1)NC(=O)OCc1ccccc1)N(C#N)Cc1ccc(Cl)cc1,6.58,1,ChEMBL
CHEMBL5591637,Cc1ccc(OCCN)cc1C(=O)N[C@H](C)c1cccc(-c2ccc(CNC3CCCC3)s2)c1,6.58,1,ChEMBL
CHEMBL466336,COc1ccccc1C(=O)Oc1cncc(Cl)c1,6.58,1,ChEMBL
CHEMBL6134507,O=C(/C=C/c1cc(O)c(O)c(O)c1)c1ccc(F)cc1,6.58,1,ChEMBL
CHEMBL6133062,CCn1ccc(-c2cc(-c3cnn(C4COC4)c3)cc([C@@H](C)NC(=O)c3cc(OCCN(C)C)ccc3C)c2)n1,6.58,1,ChEMBL
ALP-POS-ecbed2ba-14,N#CCNC(=O)CN1Cc2ccc(Cl)cc2C2(CCN(c3cncc4ccccc34)C2=O)C1,6.58,1,Moonshot
EDJ-MED-976a33d5-2,CNC(=O)C1(N2CC3(CCN(c4cncc5cc(S(C)(=O)=O)ccc45)C3=O)c3cc(Cl)ccc3C2=O)CC1,6.58,2,Moonshot
ALP-POS-ecbed2ba-3,CC1(CS(=O)(=O)N2Cc3ccc(Cl)cc3C3(CCN(c4cncc5ccccc45)C3=O)C2)CC1,6.58,1,Moonshot
ALP-UNI-3735e77e-2,O=C(Nc1cncc2ccccc12)C1CCOc2c(Cl)cc(Cl)cc21,6.58,2,Moonshot
MAT-POS-b4d6b7fc-5,CNC(=O)CN1Cc2ccc(Cl)cc2C2(CCN(c3cncc4ccc(F)cc34)C2=O)C1,6.57,1,Moonshot
MAT-POS-e36d57d9-1,CS(=O)(=O)Nc1ccc2cncc(NC(=O)C3CN(S(=O)(=O)CC4(C#N)CC4)Cc4ccc(Cl)cc43)c2c1,6.57,3,Moonshot
EDJ-MED-eb111c00-2,COCCN1CC(C(=O)Nc2cncc3ccccc23)c2cc(Cl)ccc2C1=O,6.57,1,Moonshot
MAT-POS-be048f2c-6,CC(C)n1nccc1C(=O)N1Cc2ccc(Cl)cc2C2(CCN(c3cncc4ccccc34)C2=O)C1,6.57,1,Moonshot
MAT-POS-4223bc15-31,Cn1ncc(S(=O)(=O)N2Cc3ccc(Cl)cc3C(C(=O)Nc3cncc4ccccc34)C2)n1,6.57,1,Moonshot
CHEMBL5203574,CC(C)C[C@H](NC(=O)[C@@H](NC(=O)c1ccc2ccccc2c1)C(C)C)C(=O)N[C@H](C=O)C[C@@H]1CCCNC1=O,6.57,1,ChEMBL
CHEMBL5219362,CCCCCC12CCC(COC(=O)N[C@@H](CC(C)C)C(=O)N[C@H](C=O)C[C@H]3CCNC3=O)(CC1)CC2,6.57,1,ChEMBL
CHEMBL5220471,[2H]C([2H])(OC(=O)N[C@@H](CC(C)C)C(=O)N[C@@H](C[C@H]1CCNC1=O)C(O)S(=O)(=O)[O-])C12CC3CC(CC(C3)C1)C2.[Na+],6.57,1,ChEMBL
CHEMBL5220452,CC(C)C[C@H](NC(=O)OCCC12CC3CC(CC(C3)C1)C2)C(=O)N[C@H](C=O)C[C@H]1CCNC1=O,6.57,1,ChEMBL
CHEMBL5436494,CC(C)C[C@H](NC(=O)OCC(C)(C)Sc1ccc(F)cc1)C(=O)N[C@@H](C[C@@H]1CCNC1=O)C(O)S(=O)(=O)[O-].[Na+],6.57,1,ChEMBL
CHEMBL5398922,O=c1c2ccccc2[se]n1C1CCN(S(=O)(=O)c2cccnc2)CC1,6.57,1,ChEMBL
CHEMBL5418627,O=c1c2c(O)c(O)c(O)cc2nc(-c2ccccc2)n1-c1ccc(O)cc1,6.57,1,ChEMBL
CHEMBL5418992,O=C(NCc1cccs1)[C@@H]1CN(C(=O)c2cc(=O)[nH]c3ccccc23)CCN1c1ccc(Cl)c(Cl)c1,6.57,1,ChEMBL
CHEMBL5566549,CC(C)C[C@H](NC(=O)OC[C@@H]1CCC(=O)N1Cc1ccc2c(c1)OC(F)(F)O2)C(=O)N[C@H](C=O)C[C@@H]1CCNC1=O,6.57,1,ChEMBL
CHEMBL5563735,COC(=O)N[C@H](C(=O)N1CC2(CCC(F)(F)CC2)C[C@H]1C(=O)N[C@@H](CCC(C)(F)F)C(=O)C(=O)NC1CC1)C(C)(C)C,6.57,1,ChEMBL
CHEMBL5571290,CC1(C)[C@@H]2[C@@H](C(=O)N[C@H](C=O)C[C@@H]3CCNC3=O)N(C(=O)[C@H](Cc3ccccc3)NC(=O)OCc3ccccc3)C[C@@H]21,6.57,1,ChEMBL
CHEMBL5612639,CSc1nc2cc3c(cc2n1C(=O)c1ccc(C)c(F)c1)OCCO3,6.57,1,ChEMBL
CHEMBL5613162,CSc1nc2cc(F)ccc2n1C(=O)c1ccc(C)cc1,6.57,1,ChEMBL
CHEMBL6145630,CCn1ccc(-c2cc(-c3cnn(CC(F)(F)F)c3)cc([C@@H](C)NC(=O)c3cc(OCCN(C)C)ccc3C)c2)n1,6.57,1,ChEMBL
CHEMBL6167959,Cc1ccc(NC2CNC2)cc1C(=O)N[C@H](C)c1cccc(-c2ccc(CN3CC[C@@H](C(=O)O)C3)s2)c1,6.57,1,ChEMBL
CHEMBL1397952,CCOc1cc(C(Nc2cc(C)ccn2)c2ccc3cccnc3c2O)ccc1OC,6.57,1,ChEMBL
MAT-POS-69786b79-3,CC1(NC(=O)CN2Cc3ccc(Cl)cc3C3(CCN(c4cncc5ccccc45)C3=O)C2)CC1,6.57,1,Moonshot
MAT-POS-dd3ad2b5-5,CNC(=O)N1Cc2ccc(Cl)cc2C(C(=O)Nc2cncc3ccccc23)C1,6.56,1,Moonshot
MAT-POS-4223bc15-15,O=C(Nc1cncc2ccccc12)C1CN(S(=O)(=O)C2CNC2)Cc2ccc(Cl)cc21,6.56,1,Moonshot
ALP-POS-4483ae88-2,CNC(=O)CN1CC2(CCN(c3cncc4ccccc34)C2=O)c2cc(Cl)ccc2S1(=O)=O,6.56,1,Moonshot
LUO-POS-e1dab717-11,CCNC(=O)CN1CC2(CCN(c3cncc4ccccc34)C2=O)c2cc(Cl)ccc2S1(=O)=O,6.56,1,Moonshot
MAT-POS-4223bc15-18,CN(C)C(=O)N1Cc2ccc(Cl)cc2C(C(=O)Nc2cncc3ccccc23)C1,6.56,1,Moonshot
CHEMBL5207566,CCCC[C@H](NC(=O)/C=C/c1ccccc1)C(=O)N[C@H](C=O)C[C@@H]1CCCNC1=O,6.56,1,ChEMBL
CHEMBL5425758,O=c1c2c(O)c(O)c(O)cc2nc(-c2ccccc2)n1C1CCCCC1,6.56,1,ChEMBL
CHEMBL5428251,CCN(C[C@H]1O[C@@H](n2cnc3c(NC)ncnc32)[C@H](O)[C@@H]1O)S(=O)(=O)c1ccc(OC)c([N+](=O)[O-])c1,6.56,1,ChEMBL
CHEMBL6092064,O=C(/C=C/c1c(Cl)c(O)c(O)c(O)c1Cl)c1ccc([N+](=O)[O-])cc1,6.56,1,ChEMBL
ALP-POS-fe871b40-16,O=C1CC(C(=O)Nc2cncc3ccccc23)c2cc(Cl)c(Cl)cc2N1,6.56,2,Moonshot
MAT-POS-23a8a11a-1,O=C(Cc1ccc(Cl)c(Cl)c1)Nc1cncc2ccccc12,6.55,1,Moonshot
ALP-POS-b0bc6a46-5,O=C(NCCc1cccc(F)c1)C(c1cccnc1)N(C(=O)c1ccco1)c1ccc(C2CCCC2)cc1,6.55,2,Moonshot
LON-WEI-4d77710c-8,CCOC(=O)c1c(C)n(S(C)(=O)=O)c2ccc(N(C(=O)c3ccco3)S(C)(=O)=O)cc12,6.55,2,Moonshot
CHEMBL5202104,Cc1nnc(SC(=O)c2cc3ccccc3[nH]2)n1C(=O)c1cc2ccccc2[nH]1,6.55,1,ChEMBL
CHEMBL5183017,CC(C)C[C@H](NC(=O)[C@@H](NC(=O)/C=C/c1ccccc1)C(C)C)C(=O)N[C@H](C=O)C[C@@H]1CCCNC1=O,6.55,1,ChEMBL
CHEMBL5207542,C[C@H](NC(=O)C(c1cnccn1)N(C(=O)c1ccco1)c1ccc(-c2ccccc2)cc1)c1ccccc1,6.55,1,ChEMBL
CHEMBL5220572,[2H]C([2H])(OC(=O)N[C@@H](CC(C)C)C(=O)N[C@H](C=O)C[C@H]1CCNC1=O)C1CC2C=CCC(C2)C1,6.55,1,ChEMBL
CHEMBL5219523,CC(C)C[C@H](NC(=O)OCC1CC2C=CC1C2)C(=O)N[C@@H](C[C@H]1CCNC1=O)C(O)S(=O)(=O)[O-].[Na+],6.55,1,ChEMBL
CHEMBL1448,O=C(Nc1ccc([N+](=O)[O-])cc1Cl)c1cc(Cl)ccc1O,6.55,1,ChEMBL
CHEMBL5421859,[2H]C([2H])(OC(=O)N[C@@H](CC(C)C)C(=O)N[C@@H](C[C@@H]1CCNC1=O)C(O)S(=O)(=O)[O-])C(C)(C)Oc1cccc(Cl)c1.[Na+],6.55,1,ChEMBL
CHEMBL5399660,CC(C)Cc1nc2cc(O)c(O)c(O)c2c(=O)n1-c1ccc(Br)cc1F,6.55,1,ChEMBL
CHEMBL5434245,O=c1[nH]cccc1-c1cn(-c2cc(Cl)cc(Cl)c2)c(=O)n(-c2cccnc2)c1=O,6.55,1,ChEMBL
CHEMBL5441539,CC(C)(C)[C@@H](Nc1ncnc2[nH]c(-c3cnn(CC(N)=O)c3)cc12)c1ccc2c(c1)OCCO2,6.55,1,ChEMBL
CHEMBL5560724,CC(C)(C)NC(=O)[C@@H](c1cnccn1)N(C(=O)c1ccco1)c1ccc(-c2ccccc2)cc1,6.55,1,ChEMBL
CHEMBL5561698,N#Cc1ccccc1-c1cc(-c2cc(Cl)cc(OCc3ccccc3)c2)c(=O)n(-c2cccnc2)c1,6.55,1,ChEMBL
CHEMBL5560988,CC(C)C[C@H](NC(=O)OC[C@@H]1CCC(=O)N1CC1CCCCC1)C(=O)N[C@@H](C[C@@H]1CCNC1=O)C(O)S(=O)(=O)[O-].[Na+],6.55,1,ChEMBL
CHEMBL5565159,O=C(NCC1CCCC1)C1CN(c2ccc(Cl)c(Cl)c2)CCN1C(=O)c1cc(=O)[nH]c2ccccc12,6.55,1,ChEMBL
CHEMBL5573076,CC1(C)[C@@H]2[C@@H](C(=O)N[C@H](C=O)C[C@@H]3CCNC3=O)N(C(=O)C(c3ccc(Cl)cc3)c3ccc(Cl)cc3)C[C@@H]21,6.55,1,ChEMBL
CHEMBL5594537,CC1(C)[C@@H]2[C@@H](C(=O)N[C@H](C=O)C[C@@H]3CCNC3=O)N(C(=O)C(Oc3ccc(Cl)cc3)Oc3ccc(Cl)cc3)C[C@@H]21,6.55,1,ChEMBL
CHEMBL6193155,O=C(N/N=C/c1cc([N+](=O)[O-])ccc1Cl)c1ccc(CSc2cccc3cccnc23)cc1,6.55,1,ChEMBL
EDJ-MED-be9e6f63-4,N#CC1(CS(=O)(=O)N2Cc3ccc(Cl)cc3C(C(=O)Nc3cncc4cc(Cl)ccc34)C2)CC1,6.55,2,Moonshot
EDJ-MED-e4b030d8-13,C[C@@]1(C(=O)Nc2cncc3ccccc23)CCOc2ccc(Cl)cc21,6.55,2,Moonshot
PET-UNK-1901c25b-1,CN(C)c1ccc(N(Cc2ccsc2)C(=O)Cc2cncc3ccccc23)cc1,6.55,1,Moonshot
MAT-POS-6c284e65-1,CN(C)c1ccc(N(Cc2cccc(Cl)c2)C(=O)Cc2cncc3ccccc23)nc1,6.54,1,Moonshot
EDJ-MED-e69ed63d-18,CS(=O)(=O)c1ccc2c(NC(=O)C3CN(CC(=O)NCC(F)(F)F)C(=O)c4ccc(Cl)cc43)cncc2c1,6.54,1,Moonshot
MIC-UNK-91acba05-3,O=C(Nc1cncc2ccccc12)C1CCS(=O)(=O)c2ccc(Cl)cc21,6.54,2,Moonshot
MAT-POS-3ccb8ef6-1,O=C(Nc1cncc2ccccc12)[C@@H]1CNCc2ccc(Cl)cc21,6.54,1,Moonshot
MAT-POS-2e8b2191-10,CNC(=O)CN1Cc2ccc(Cl)cc2C(C(=O)Nc2cncc3ccc(NS(C)(=O)=O)cc23)C1,6.54,1,Moonshot
CHEMBL1374426,CCC(=O)OCN1C(=O)C=CC1=O,6.54,1,ChEMBL
CHEMBL213543,CCOC(=O)/C=C/[C@H](C[C@@H]1CCNC1=O)NC(=O)[C@H](CC(C)C)NC(=O)[C@@H](NC(=O)OCc1ccccc1)C(C)C,6.54,1,ChEMBL
CHEMBL5169680,Cc1cc(C)nc(SC(=O)c2ccc(C#Cc3ccccc3)o2)n1,6.54,1,ChEMBL
CHEMBL5173399,CC(C)C[C@H](NC(=O)[C@@H](NC(=O)C1CCOCC1)C(C)C)C(=O)N[C@H](C=O)C[C@@H]1CCCNC1=O,6.54,1,ChEMBL
CHEMBL5182841,O=C(Cn1sc2ccc(F)cc2c1=O)Nc1ccccc1,6.54,1,ChEMBL
CHEMBL5188666,COc1ccc2c(=O)n(CC(=O)Nc3ccccc3)sc2c1,6.54,1,ChEMBL
CHEMBL5189699,CC(C)C[C@H](NC(=O)OC1CC2(CCN(C(=O)OC(C)(C)C)CC2)C1)C(=O)N[C@@H](C[C@H]1CCNC1=O)C(=O)C(O)S(=O)(=O)[O-].[Na+],6.54,1,ChEMBL
CHEMBL5197848,CC(C)C[C@H](NC(=O)OC1CC2(CCN(C(=O)Cc3ccccc3)CC2)C1)C(=O)N[C@@H](C[C@H]1CCNC1=O)C(=O)C(O)S(=O)(=O)[O-].[Na+],6.54,1,ChEMBL
CHEMBL5219917,[2H]C([2H])(OC(=O)N[C@@H](CC(C)C)C(=O)N[C@H](C=O)C[C@H]1CCNC1=O)C1CC2CCCC(C2)C1,6.54,1,ChEMBL
CHEMBL5219492,[2H]C([2H])(OC(=O)N[C@@H](CC(C)C)C(=O)N[C@@H](C[C@H]1CCNC1=O)C(O)S(=O)(=O)[O-])C1CC2CCCC(C2)C1.[Na+],6.54,1,ChEMBL
CHEMBL5220574,[2H]C([2H])(OC(=O)N[C@@H](CC(C)C)C(=O)N[C@H](C=O)C[C@H]1CCNC1=O)C12CC3CC(CC(C3)C1)C2,6.54,1,ChEMBL
CHEMBL5438553,CC(C)C[C@H](NC(=O)OCC(C)(O)c1cccc(Cl)c1)C(=O)N[C@H](C=O)C[C@@H]1CCNC1=O,6.54,1,ChEMBL
CHEMBL5411764,O=c1c2ccccc2[se]n1Cc1ccncc1,6.54,1,ChEMBL
CHEMBL5429980,O=c1c2c(O)c(O)c(O)cc2nc(-c2ccccc2)n1C1CC1,6.54,1,ChEMBL
CHEMBL5411183,CC(c1ccccc1)c1nc2cc(O)c(O)c(O)c2c(=O)n1-c1ccccc1F,6.54,1,ChEMBL
CHEMBL6162776,COC(=O)/C=C/C(=O)NNC(=O)CCc1ccccc1C(=O)N[C@H](C)c1cccc(C2=CCOCC2)c1,6.54,1,ChEMBL
MAT-POS-f2460aef-3,CC(C)(C)c1ccc(N(C(=O)c2c[nH]cn2)C(C(=O)NCCc2cccc(F)c2)c2cccnc2)cc1,6.54,1,Moonshot
PET-UNK-2c6614b6-5,O=C(Nc1cncc2cc(F)ccc12)[C@@H]1CCS(=O)(=O)c2ccc(Cl)cc21,6.53,1,Moonshot
CHEMBL5199094,O=C[C@H](C[C@@H]1CCCNC1=O)NC(=O)[C@H](CC1CC1)NC(=O)/C=C/c1ccccc1,6.53,1,ChEMBL
CHEMBL5179730,CC(C)C[C@H](NC(=O)[C@@H](NC(=O)/C=C/c1ccc(-c2ccccc2)cc1)C(C)C)C(=O)N[C@H](C=O)C[C@@H]1CCCNC1=O,6.53,1,ChEMBL
CHEMBL5169416,CC(C)C[C@H](NC(=O)[C@@H](NC(=O)c1cc2ccccc2[nH]1)C(C)C)C(=O)N[C@H](C=O)C[C@@H]1CCCNC1=O,6.53,1,ChEMBL
CHEMBL5290455,O=C[C@H](C[C@@H]1CCNC1=O)NC(=O)[C@@H]1[C@H]2CCC[C@H]2CN1C(=O)c1cc2ccccn2n1,6.53,1,ChEMBL
CHEMBL5441399,CCNC(=O)c1cc2c(N[C@@H](c3ccc4c(c3)OCCO4)C(C)C)ncnc2[nH]1,6.53,1,ChEMBL
CHEMBL5441423,CC(C)[C@@H](Nc1ncnc2[nH]c(-c3cnn(CCC(N)=O)c3)cc12)c1ccc2c(c1)OCCO2,6.53,1,ChEMBL
CHEMBL5441856,CC(C)[C@@H](Nc1ncnc2[nH]c(-c3cc4c(cc3F)NC(=O)CC4)cc12)c1ccc2c(c1)S(=O)(=O)CCC2,6.53,1,ChEMBL
CHEMBL5560161,CN(C(=O)[C@H](Cc1ccccc1)NC(=O)OCc1ccccc1)N(C#N)Cc1ccc(F)cc1,6.53,1,ChEMBL
CHEMBL5564676,COC(=O)N[C@H](C(=O)N1CC2(CCOCC2)C[C@H]1C(=O)N[C@@H](CCC(C)(F)F)C(=O)C(=O)NC1CC1)C(C)(C)C,6.53,1,ChEMBL
CHEMBL6161502,N#C[C@@H]1C[C@@]2(CN1C(=O)[C@H](CSCc1ccccc1)NC(=O)[C@@H](NC(=O)C(F)(F)F)C1CC1)C(=O)Nc1ccccc12,6.53,1,ChEMBL
MAT-POS-be048f2c-5,CCn1nccc1C(=O)N1Cc2ccc(Cl)cc2C2(CCN(c3cncc4ccccc34)C2=O)C1,6.53,1,Moonshot
CHEMBL5631306,CC(C)(C)CC(=O)N1CCC(CCCNC(=O)n2cc(F)c(=O)[nH]c2=O)CC1,6.53,1,ChEMBL
CHEMBL508280,O=[N+]([O-])c1cnc(Sc2nnc(O)n2-c2ccc3c(c2)OCCO3)s1,6.52,1,ChEMBL
CHEMBL5177648,COc1ccc(NC(=O)Cn2sc3cc(F)ccc3c2=O)cc1,6.52,1,ChEMBL
CHEMBL5220285,[2H]C([2H])(OC(=O)N[C@@H](CC(C)C)C(=O)N[C@@H](C[C@H]1CCNC1=O)C(O)S(=O)(=O)[O-])C1CC2C=CCC(C2)C1.[Na+],6.52,1,ChEMBL
CHEMBL5218677,CCCCCC12CCC(COC(=O)N[C@@H](CC(C)C)C(=O)N[C@@H](C[C@H]3CCNC3=O)C(O)S(=O)(=O)[O-])(CC1)CC2.[Na+],6.52,1,ChEMBL
CHEMBL5288812,COc1cc(O)c2c(=O)c(O)c(-c3cc(O)c(O)c(O)c3)oc2c1,6.52,1,ChEMBL
CHEMBL212218,Cc1cc(S(=O)(=O)c2c([N+](=O)[O-])cc(C(F)(F)F)cc2[N+](=O)[O-])c(Cl)cc1Cl,6.52,1,ChEMBL
CHEMBL5402239,CC(C)C[C@H](NC(=O)OCC(C)(C)Sc1nc2ccccc2[nH]1)C(=O)N[C@H](C=O)C[C@@H]1CCNC1=O,6.52,1,ChEMBL
CHEMBL5436896,[2H]C([2H])(OC(=O)N[C@@H](CC(C)C)C(=O)N[C@H](C=O)C[C@@H]1CCNC1=O)C(C)(C)Oc1cccc(Cl)c1,6.52,1,ChEMBL
CHEMBL5442036,CC(C)[C@@H](Nc1ncnc2[nH]c(-c3cnn(CC(N)=O)c3)cc12)c1ccc2c(n1)NC(=O)CO2,6.52,1,ChEMBL
CHEMBL5562235,O=C(NCC1CCC1)C1CN(c2ccc(Cl)c(Cl)c2)CCN1C(=O)c1cc(=O)[nH]c2ccccc12,6.52,1,ChEMBL
CHEMBL6152614,CC(C)C[C@@H]1NC(=O)[C@H](CC(N)=O)NC(=O)[C@H](Cc2ccc(O)cc2)NC(=O)CSC[C@@H](C(=O)NCC(N)=O)NC(=O)[C@H](Cc2ccccc2)NC(=O)[C@H](CO)NC(=O)[C@H](CO)NC(=O)[C@H](CO)NC(=O)[C@H](Cc2c[nH]c3ccccc23)NC(=O)[C@H](CC(=O)O)NC(=O)[C@H](C)NC(=O)[C@H](CCCNC(=N)N)NC(=O)[C@H](CCC(N)=O)NC(=O)[C@H](Cc2ccccc2)NC1=O,6.52,1,ChEMBL
CHEMBL6143389,CC(C)C[C@@H]1NC(=O)[C@H](Cc2ccccc2)NC(=O)[C@@H]2CCCN2C(=O)[C@H]([C@@H](C)O)NC(=O)[C@H]([C@@H](C)O)NC(=O)[C@H]([C@@H](C)O)NC(=O)[C@H](Cc2c[nH]cn2)NC(=O)[C@H](Cc2ccccc2)NC(=O)[C@H]([C@@H](C)O)NC(=O)[C@H](C(C)C)NC(=O)[C@@H](Cc2ccc(O)cc2)NC(=O)CSC[C@@H](C(=O)NCC(N)=O)NC(=O)[C@@H]2CCCN2C(=O)[C@@H]2CCCN2C1=O,6.52,1,ChEMBL
CHEMBL6142432,Cc1ccc(NC(=O)[C@H]2CCCCN2)cc1C(=O)N[C@H](C)c1cccc2ccccc12,6.52,1,ChEMBL
CHEMBL6161956,CCC(C(=O)Nc1cc(NC2COC2)ccc1C)n1cccc2nc(SCc3ccc(F)cc3)nc1-2,6.52,1,ChEMBL
CHEMBL6162689,CCn1ccc(-c2cc(-c3cnn(C)c3)cc([C@@H](C)NC(=O)c3ccccc3CCC(=O)NNC(=O)CCl)c2)n1,6.52,1,ChEMBL
CHEMBL6133996,C=CS(=O)(=O)NNC(=O)CCc1ccccc1C(=O)N[C@H](C)c1cc(-c2cnn(C)c2)cc(-c2ccn(CC)n2)c1,6.52,1,ChEMBL
CHEMBL5441441,CC(C)[C@@H](Nc1ncnc2[nH]c(-c3cnn(CC(N)=O)c3)cc12)c1ccc2c(c1)OCCO2,6.51,1,ChEMBL
CHEMBL5441778,CC(C)[C@H](Nc1ncnc2[nH]c(-c3cnn(CC(=O)N(C)C)c3)cc12)c1ccc2c(c1)OCCO2,6.51,1,ChEMBL
MAT-POS-61f37a1a-13,Cc1nc(CN2Cc3ccc(Cl)cc3C(C(=O)Nc3cncc4ccc(F)cc34)C2)c[nH]1,6.51,1,Moonshot
DAN-MCD-52f1549c-1,O=C(NCc1ccccn1)[C@H]1CN(C(=O)CCl)CCN1S(=O)(=O)c1ccsc1,6.51,1,Moonshot
EDJ-MED-d08626de-3,CO[C@]1(C(=O)Nc2cncc3ccccc23)CCOc2cc(Cl)c(Cl)cc21,6.51,2,Moonshot
CHEMBL5201697,CC(C)C[C@H](NC(=O)[C@@H](NC(=O)/C=C/c1ccc(F)cc1)C(C)C)C(=O)N[C@H](C=O)C[C@@H]1CCCNC1=O,6.51,1,ChEMBL
CHEMBL5175672,CC(C)(C)c1ccc(NC(=O)Cn2sc3cc(F)ccc3c2=O)cc1,6.51,1,ChEMBL
CHEMBL5180502,O=C(NCc1cccs1)[C@@H]1CN(C(=O)CBr)CCN1c1ccc(Cl)c(Cl)c1,6.51,1,ChEMBL
CHEMBL5219984,CC(C)C[C@H](NC(=O)OCC1CC2C=CCC(C2)C1)C(=O)N[C@H](C=O)C[C@H]1CCNC1=O,6.51,1,ChEMBL
CHEMBL5219870,[2H]C([2H])(OC(=O)N[C@@H](CC(C)C)C(=O)N[C@H](C=O)C[C@H]1CCNC1=O)C12CCC(CCCCC)(CC1)CC2,6.51,1,ChEMBL
CHEMBL5219054,[2H]C([2H])(OC(=O)N[C@@H](CC(C)C)C(=O)N[C@@H](C[C@H]1CCNC1=O)C(O)S(=O)(=O)[O-])C12CCC(CCCCC)(CC1)CC2.[Na+],6.51,1,ChEMBL
CHEMBL5440163,[2H]C([2H])(OC(=O)N[C@@H](CC(C)C)C(=O)N[C@@H](C[C@@H]1CCNC1=O)C(O)S(=O)(=O)[O-])C(C)(C)Sc1ccccc1.[Na+],6.51,1,ChEMBL
CHEMBL5434476,CC(C)C[C@H](NC(=O)OCCSc1ccccc1)C(=O)N[C@@H](C[C@@H]1CCNC1=O)C(O)S(=O)(=O)[O-].[Na+],6.51,1,ChEMBL
CHEMBL5424499,CC(C)C[C@H](NC(=O)OCC(C)(C)Sc1nc2ccccc2[nH]1)C(=O)N[C@@H](C[C@@H]1CCNC1=O)C(O)S(=O)(=O)[O-].[Na+],6.51,1,ChEMBL
CHEMBL5428994,CC(C)C[C@H](NC(=O)OCC(C)(C)Oc1ccccc1)C(=O)N[C@H](C=O)C[C@@H]1CCNC1=O,6.51,1,ChEMBL
CHEMBL5441682,CNC(=O)c1c[nH]c2ncnc(N[C@@H](c3ccc4c(c3)NC(=O)CO4)C(C)C)c12,6.51,1,ChEMBL
CHEMBL5523475,C=CS(=O)(=O)N(c1ccc(-c2ccccc2)cc1)[C@@H](C(=O)N[C@@H](C)c1ccccc1)c1cccnc1,6.51,1,ChEMBL
CHEMBL5561826,CC(C)C[C@H](NC(=O)OCC1CC(=O)N(CC2CCCCC2)C1)C(=O)N[C@H](C=O)C[C@@H]1CCNC1=O,6.51,1,ChEMBL
CHEMBL5567646,O=C(NCC1CCO1)C1CN(c2ccc(Cl)c(Cl)c2)CCN1C(=O)c1cc(=O)[nH]c2ccccc12,6.51,1,ChEMBL
CHEMBL6101985,CC(C)(C)C(=O)N[C@@H]1C(=O)N2C[C@H]3[C@@H]([C@H]2C(=O)N[C@H](C#N)C[C@@H]2C[C@H](NC2=O)C(=O)NCC1(C)C)C3(C)C,6.51,1,ChEMBL
CHEMBL6102555,O=C(/C=C/c1c(Cl)c(O)c(O)c(O)c1Cl)c1ccc(Cl)cc1Cl,6.51,1,ChEMBL
CHEMBL6147136,O=C(/C=C/c1c(Cl)c(O)c(O)c(O)c1Cl)c1ccc(F)cc1Cl,6.51,1,ChEMBL
MAT-POS-4223bc15-3,O=C(Nc1cncc2ccccc12)C1CN(S(=O)(=O)C2CC2)Cc2ccc(Cl)cc21,6.51,1,Moonshot
MAT-POS-96f51285-5,O=C(Nc1cncc2ccc(F)cc12)C1CCOc2cc(F)c(Cl)cc21,6.5,1,Moonshot
MAT-POS-f2460aef-4,CC(C)(C)c1ccc(N(C(=O)c2ccc(Cl)o2)C(C(=O)NCCc2cccc(F)c2)c2cccnc2)cc1,6.5,1,Moonshot
CHEMBL5189863,Cc1nnc(SC(=O)c2cc3ccccc3o2)s1,6.5,1,ChEMBL
CHEMBL5209179,CC(C)C[C@H](NC(=O)OC1CC2(CCN(C#N)CC2)C1)C(=O)N[C@H](C=O)C[C@H]1CCNC1=O,6.5,1,ChEMBL
CHEMBL3916514,CC(C)CCn1sc2ccccc2c1=O,6.5,1,ChEMBL
CHEMBL5424235,CC(C)C[C@H](NC(=O)OCCSc1ccccc1)C(=O)N[C@H](C=O)C[C@@H]1CCNC1=O,6.5,1,ChEMBL
CHEMBL5421269,CC(C)C[C@H](NC(=O)OCC(C)(O)c1cccc(Cl)c1)C(=O)N[C@@H](C[C@@H]1CCNC1=O)C(O)S(=O)(=O)O,6.5,1,ChEMBL
CHEMBL5412579,O=C(NCc1cccs1)[C@@H]1CN(C(=O)c2cnccc2Cl)CCN1c1ccc(Cl)c(Cl)c1,6.5,1,ChEMBL
CHEMBL5441432,CC(C)[C@@H](Nc1ncnc2[nH]c(-c3cnn(CC(=O)N(C)C)c3)cc12)c1ccc2c(c1)OCCO2,6.5,1,ChEMBL
CHEMBL5561324,CC(C)C[C@H](NC(=O)OC[C@@H]1CCC(=O)N1Cc1ccc2c(c1)OC(F)(F)O2)C(=O)N[C@@H](C[C@@H]1CCNC1=O)C(O)S(=O)(=O)[O-].[Na+],6.5,1,ChEMBL
CHEMBL5590755,Cc1ccc(NC2CNC2)cc1C(=O)N[C@H](C)c1cccc(-c2ccc(CN[C@H]3CC[C@@H](C(=O)O)C3)s2)c1,6.5,1,ChEMBL
CHEMBL5646493,O=S(=O)(Cc1ccccn1)c1nnc(-c2ccc(Cl)cc2)o1,6.5,1,ChEMBL
CHEMBL5639888,[O-][S+](Cc1ccccc1)c1nnc(-c2ccc(Cl)cc2)o1,6.5,1,ChEMBL
CHEMBL6096564,Cc1cccc(C)c1OCC(=O)N[C@@H]1C(=O)N2C[C@H]3[C@@H]([C@H]2C(=O)N[C@H](C#N)C[C@@H]2C[C@H](NC2=O)C(=O)NCC1(C)C)C3(C)C,6.5,1,ChEMBL
CHEMBL6146217,O=[N+]([O-])c1ccc(SSC(=S)N2CCC(O)CC2)cc1,6.5,1,ChEMBL
CHEMBL6160622,CC(C)C[C@@H]1NC(=O)[C@H](Cc2ccc(F)c(F)c2)NC(=O)[C@@H]2CCCN2C(=O)[C@H]([C@@H](C)O)NC(=O)[C@H]([C@@H](C)O)NC(=O)[C@H]([C@@H](C)O)NC(=O)[C@H](Cc2c[nH]cn2)NC(=O)[C@H](Cc2cccc(F)c2)NC(=O)[C@H]([C@@H](C)O)NC(=O)[C@H](C(C)C)NC(=O)[C@@H](Cc2ccc(O)cc2)NC(=O)CSC[C@@H](C(=O)NCC(N)=O)NC(=O)[C@@H]2CCCN2C(=O)[C@@H]2CCCN2C1=O,6.5,1,ChEMBL
CHEMBL6149063,CCn1ccc(-c2cc(-c3cnn(C(F)F)c3)cc([C@@H](C)NC(=O)c3cc(OCCN(C)C)ccc3C)c2)n1,6.5,1,ChEMBL
MAT-POS-53907a1c-3,O=C1CC(Oc2cc(Cl)cc(N(CCC3CCCCC3)C(=O)Nc3cncc4ccccc34)c2)N1,6.5,1,Moonshot
EDJ-MED-e69ed63d-13,CCCNC(=O)CN1CC(C(=O)Nc2cncc3cc(F)ccc23)c2cc(Cl)ccc2C1=O,6.5,1,Moonshot
CHEMBL3885329,CC(C)C[C@H](NC(=O)/C=C/c1ccccc1)C(=O)N[C@H](C=O)C[C@@H]1CCCNC1=O,6.5,1,ChEMBL
CHEMBL5441437,Cn1ncc(-c2cc3c(N[C@@H](c4ccc5c(c4)OCCO5)C(C)(C)C)ncnc3[nH]2)c1C#N,6.5,1,ChEMBL
EDG-MED-5d232de5-1,O=C(Nc1cncc2ccc(F)cc12)[C@@H]1CCOc2ccc(Cl)cc21,6.49,1,Moonshot
CHEMBL5395762,Nc1ccc2c(=O)n(-c3ccccc3)[se]c2c1,6.49,1,ChEMBL
CHEMBL5416685,O=c1[nH]c(Cc2ccccc2)nc2cc(O)c(O)c(O)c12,6.49,1,ChEMBL
CHEMBL5433491,FC1(F)CC(/N=c2\nc(-c3ccccc3)n(-c3ccccc3)s2)C1,6.49,1,ChEMBL
CHEMBL5441810,COCCNC(=O)c1c[nH]c2ncnc(N[C@@H](c3ccc4c(c3)S(=O)(=O)CCC4)C(C)C)c12,6.49,1,ChEMBL
CHEMBL5441838,CCNC(=O)c1cc2c(N[C@@H](c3ccc4c(c3)S(=O)(=O)CCC4)C3CC3)ncnc2[nH]1,6.49,1,ChEMBL
CHEMBL5598322,O=C(Oc1cncc(Cl)c1)c1ccc(OCc2ccccc2)cc1F,6.49,1,ChEMBL
ALP-POS-477dc5b7-1,O=C(Nc1cncc2ccccc12)C1CCCc2ccc(Cl)cc21,6.49,2,Moonshot
MAT-POS-e10a589d-1,OCCn1c(CSc2nc3ccccc3o2)nc2ccc(Cl)cc21,6.49,1,Moonshot
CHEMBL5441573,CNCc1cc(-c2cc3c(N[C@@H](c4ccc5c(c4)OCCO5)C(C)C)ncnc3[nH]2)co1,6.49,1,ChEMBL
CHEMBL5542652,CCOC(=O)/C=C/[C@H](C[C@@H]1CCNC1=O)NC(=O)[C@H](Cc1ccccc1)NC(=O)[C@@H](Cc1ccc(F)cc1)NC(=O)OC(C)(C)C,6.49,1,ChEMBL
MAT-POS-090737b9-1,C=CC(=O)N(C(=O)C1CCOc2ccc(Cl)cc21)c1cncc2ccccc12,6.48,1,Moonshot
EDJ-MED-ce467fd5-1,CNC(=O)CN1CC(C(=O)Nc2cncc3ccc(S(C)(=O)=O)cc23)c2cc(Cl)ccc2C1=O,6.48,2,Moonshot
MAT-POS-5cd9ea36-24,N#CCS(=O)(=O)N1Cc2ccc(Cl)cc2C(C(=O)Nc2cncc3ccccc23)C1,6.48,1,Moonshot
ALP-POS-ecbed2ba-20,O=C1N(c2cncc3ccccc23)CCC12CN(S(=O)(=O)N1CCC1)Cc1ccc(Cl)cc12,6.48,1,Moonshot
CHEMBL4303312,Oc1c(I)cc(I)c(O)c1I,6.48,1,ChEMBL
CHEMBL5183892,Cc1ccc(NC2CNC2)cc1C(=O)N[C@H](C)c1cccc(-c2ccc(CN[C@@H]3CCOC3)s2)c1,6.48,1,ChEMBL
CHEMBL5172924,CC(=O)N(C[C@@H]1CCNC1=O)NC(=O)[C@H](CC(C)C)NC(=O)c1cc2c(F)cccc2[nH]1,6.48,1,ChEMBL
CHEMBL5201634,O=C(Cn1sc2c(F)cccc2c1=O)Nc1ccccc1,6.48,1,ChEMBL
CHEMBL5199130,COc1cccc2sn(CC(=O)Nc3ccccc3)c(=O)c12,6.48,1,ChEMBL
CHEMBL5169770,[2H]C([2H])(OC(=O)N[C@@H](CC(C)C)C(=O)N[C@H](C=O)C[C@H]1CCNC1=O)C1CN(C(=O)OC(C)(C)C)C1,6.48,1,ChEMBL
CHEMBL5270064,CC(C)(C)OC(=O)NCn1[se]c2ccccc2c1=O,6.48,1,ChEMBL
CHEMBL1336959,Cc1ccc(-n2sc3ccccc3c2=O)cc1,6.48,1,ChEMBL
CHEMBL5415120,CC(C)C[C@H](NC(=O)OCC(C)(C)[S+]([O-])c1ccccc1)C(=O)N[C@H](C=O)C[C@@H]1CCNC1=O,6.48,1,ChEMBL
CHEMBL5441517,CC(C)[C@@H](Nc1ncnc2[nH]c(-c3ccc4c(c3)C(C)(C)C(=O)N4)cc12)c1ccc2c(c1)S(=O)(=O)CCC2,6.48,1,ChEMBL
CHEMBL5557373,O=C1NC2(CC(C3CCC3)C2)C(=O)N1c1cncc2ccccc12,6.48,1,ChEMBL
CHEMBL5567964,CC(C)C[C@H](NC(=O)OC[C@@H]1CCC(=O)N1Cc1ccco1)C(=O)N[C@H](C=O)C[C@@H]1CCNC1=O,6.48,1,ChEMBL
CHEMBL5594376,Cc1ccc(NC2CNC2)cc1C(=O)N[C@H](C)c1cccc(-c2cc(C)c(CN[C@H]3CC[C@@H](O)C3)s2)c1,6.48,1,ChEMBL
CHEMBL5596369,CCOc1ccc(C(=O)Oc2cncc(Cl)c2)cc1,6.48,1,ChEMBL
CHEMBL6143096,OC1CCN(C(=S)SSCc2ccccc2)CC1,6.48,1,ChEMBL
CHEMBL6167075,CCn1ccc(-c2cc(-c3ccn(C)n3)cc([C@@H](C)NC(=O)c3cc(OCCN(C)C)ccc3C)c2)n1,6.48,1,ChEMBL
CHEMBL6172126,C[C@@H](NC(=O)c1ccccc1CCC(=O)NNC(=O)/C=C/C(=O)OC1CCC1)c1cccc2ccccc12,6.48,1,ChEMBL
MIC-UNK-50cce87d-3,Cc1cccc2cncc(NC(=O)Cc3cccc(Cl)c3)c12,6.48,2,Moonshot
EDJ-MED-e69ed63d-2,CC(C)NC(=O)CN1CC(C(=O)Nc2cncc3cc(S(C)(=O)=O)ccc23)c2cc(Cl)ccc2C1=O,6.48,1,Moonshot
ALP-POS-a577c8a2-1,O=C(Nc1cncc2ccccc12)C1CNS(=O)(=O)c2ccc(Cl)cc21,6.48,4,Moonshot
CHEMBL5442152,Cc1nn(CC(N)=O)cc1-c1cc2c(N[C@@H](c3ccc4c(c3)OCCO4)C(C)C)ncnc2[nH]1,6.47,1,ChEMBL
MIC-UNK-91acba05-2,CN1CC(C(=O)Nc2cncc3ccccc23)c2cc(Cl)ccc2C1=O,6.47,2,Moonshot
MAT-POS-61f37a1a-12,N#CCN1Cc2ccc(Cl)cc2C(C(=O)Nc2cncc3ccccc23)C1,6.47,1,Moonshot
ALP-POS-ecbed2ba-22,N#CCC1(CS(=O)(=O)N2Cc3ccc(Cl)cc3C3(CCN(c4cncc5ccccc45)C3=O)C2)CC1,6.47,1,Moonshot
ALP-POS-ecbed2ba-11,N#CC1(CS(=O)(=O)N2Cc3ccc(Cl)cc3C3(CCN(c4cncc5ccccc45)C3=O)C2)CCOCC1,6.47,1,Moonshot
CHEMBL5177146,O=C(Cn1sc2cc(F)ccc2c1=O)Nc1ccccc1C(F)(F)F,6.47,1,ChEMBL
CHEMBL5180746,Cc1ccc(S(=O)(=O)NC[C@H]2O[C@@H](n3cnc4c(N)ncnc43)[C@H](O)[C@@H]2O)cc1[N+](=O)[O-],6.47,1,ChEMBL
CHEMBL5191530,[2H]C([2H])(OC(=O)N[C@@H](CC(C)C)C(=O)N[C@@H](C[C@H]1CCNC1=O)C(=O)C(O)S(=O)(=O)[O-])C1CN(C(=O)OC(C)(C)C)C1.[Na+],6.47,1,ChEMBL
CHEMBL5434471,CC(C)C[C@H](NC(=O)OCC(C)(C)Oc1ccc(Cl)cc1)C(=O)N[C@@H](C[C@@H]1CCNC1=O)C(O)S(=O)(=O)[O-].[Na+],6.47,1,ChEMBL
CHEMBL5441739,CC(C)[C@@H](Nc1ncnc2[nH]c(Br)cc12)c1ccc2c(c1)S(=O)(=O)CCC2,6.47,1,ChEMBL
CHEMBL5562330,O=C(NCC1CC1)C1CN(c2ccc(Cl)c(Cl)c2)CCN1C(=O)c1cc(=O)[nH]c2ccccc12,6.47,1,ChEMBL
CHEMBL6150119,Cc1ccc(NCC2CNC2)cc1C(=O)N[C@H](C)c1cc(-c2cccs2)cc(-c2cccs2)c1,6.47,1,ChEMBL
CHEMBL6143829,C[C@@H](NC(=O)c1ccccc1CCC(=O)NNC(=O)/C=C/C(=O)OCc1nccs1)c1cccc2ccccc12,6.47,1,ChEMBL
EDJ-MED-e69ed63d-9,O=C(CN1CC(C(=O)Nc2cncc3cc(F)ccc23)c2cc(Cl)ccc2C1=O)NC1CCC1,6.47,1,Moonshot
RAL-THA-a9c31980-8,O=C(CN1CC(C(=O)Nc2cncc3ccccc23)c2cc(Cl)ccc2C1=O)NCC(F)(F)F,6.47,1,Moonshot
EDJ-MED-7889e8da-3,CNC(=O)CN1Cc2ccc(Cl)cc2C(C(=O)Nc2cncc3cc(Cl)ccc23)C1,6.47,1,Moonshot
EDJ-MED-be9e6f63-1,COc1ccc2c(NC(=O)C3CN(S(=O)(=O)CC4(C#N)CC4)Cc4ccc(Cl)cc43)cncc2c1,6.47,1,Moonshot
CHEMBL5199403,O=C[C@H](C[C@@H]1CCNC1=O)NC(=O)[C@H](CC1CCCCC1)NC(=O)C1(NC(=O)OCc2ccccc2)CC1,6.46,1,ChEMBL
CHEMBL5199531,Cc1nnc(SC(=O)c2cc3ccccc3n2C)s1,6.46,1,ChEMBL
CHEMBL5206685,Cl.O=C1C=C(Nc2ccccc2N2CCNCC2)C2=NS(=O)(=O)c3cccc1c32,6.46,1,ChEMBL
CHEMBL5170481,Cc1ccc(S(=O)(=O)NC[C@H]2O[C@@H](n3cnc4c(N)ncnc43)[C@H](O)[C@@H]2O)cc1Cl,6.46,1,ChEMBL
CHEMBL5182182,CC(C)C[C@H](NC(=O)OC1CC2(CCN(C(=O)Cc3ccccc3)CC2)C1)C(=O)N[C@H](C=O)C[C@H]1CCNC1=O,6.46,1,ChEMBL
CHEMBL4552531,O=C(O)CCn1[se]c2ccccc2c1=O,6.46,1,ChEMBL
CHEMBL5433293,CC(C)C[C@H](NC(=O)OCC(C)(C)[S+]([O-])c1ccccc1)C(=O)N[C@@H](C[C@@H]1CCNC1=O)C(O)S(=O)(=O)[O-].[Na+],6.46,1,ChEMBL
CHEMBL5403743,O=C(NCc1cccs1)[C@@H]1CN(C(=O)c2cncc(F)c2)CCN1c1ccc(Cl)c(Cl)c1,6.46,1,ChEMBL
CHEMBL5397501,COc1ccncc1C(=O)N1CCN(c2ccc(Cl)c(Cl)c2)[C@H](C(=O)NCc2ccc(F)s2)C1.Cl,6.46,1,ChEMBL
CHEMBL5559722,COc1ccc(CN(C#N)N(C)C(=O)[C@H](Cc2ccccc2)NC(=O)OCc2ccccc2)cc1,6.46,1,ChEMBL
CHEMBL5563673,CN(C(=O)[C@H](Cc1ccccc1)NC(=O)CNc1ccc(F)c(F)c1)N(C#N)Cc1ccc(Cl)cc1,6.46,1,ChEMBL
CHEMBL5563538,CC(C)C[C@H](NC(=O)OCC1CC(=O)N(Cc2cccc(C(F)(F)F)c2)C1)C(=O)N[C@@H](C[C@@H]1CCNC1=O)C(O)S(=O)(=O)[O-].[Na+],6.46,1,ChEMBL
CHEMBL5561574,O=C(NCC1CCCO1)C1CN(c2ccc(Cl)c(Cl)c2)CCN1C(=O)c1cc(=O)[nH]c2ccccc12,6.46,1,ChEMBL
CHEMBL5631518,CC(C)Cn1c(C(=O)NCCCNC(=O)n2cc(F)c(=O)[nH]c2=O)cc2cc(Cl)ccc21,6.46,1,ChEMBL
CHEMBL6146733,Cc1cc(=O)[nH]c2cc(NC(=O)[C@H]3O[C@@H](n4cnc5c(N)ncnc54)[C@H](O)[C@@H]3O)ccc12,6.46,1,ChEMBL
CHEMBL6165157,C[C@@H](NC(=O)c1ccccc1CCC(=O)NNC(=O)/C=C/C(=O)OCc1ncccn1)c1cccc2ccccc12,6.46,1,ChEMBL
CHEMBL6175675,COC(=O)/C=C/C(=O)NNC(=O)CCc1ccccc1C(=O)N[C@H](C)c1cccc(-c2cncnc2)c1,6.46,1,ChEMBL
ALP-POS-ecbed2ba-5,O=C1N(c2cncc3ccccc23)CCC12CN(S(=O)(=O)CC1CS(=O)(=O)C1)Cc1ccc(Cl)cc12,6.45,1,Moonshot
MAT-POS-86c60949-2,CC(C)(O)c1ccc2cncc(NC(=O)C3CCNc4ccc(Cl)cc43)c2c1,6.45,1,Moonshot
CHEMBL5190907,CC[C@H](C)[C@H](NC(=O)/C=C/c1ccccc1)C(=O)N[C@@H](CC(C)C)C(=O)N[C@H](C=O)C[C@@H]1CCCNC1=O,6.45,1,ChEMBL
CHEMBL5403340,CC(C)(C)[C@H](NC(=O)C(F)(F)F)C(=O)N1C[C@@H]2C[C@@H]2[C@H]1C(=O)N[C@H](C#N)C[C@@H]1CCNC1=O,6.45,1,ChEMBL
CHEMBL5394951,O=c1c2ccccc2[se]n1C1CCN(S(=O)(=O)C2CC2)CC1,6.45,1,ChEMBL
CHEMBL5561347,CCn1cc2cc(Nc3nc(=O)n(-c4cncc(Cl)c4)c(=O)n3Cc3cc(C#N)ccc3Cl)ccc2n1,6.45,1,ChEMBL
CHEMBL5575898,COC(=O)N[C@H](C(=O)N1CC2(CCCCC2)C[C@H]1C(=O)N[C@@H](CC1CC1(F)F)C(=O)C(=O)NC1CC1)C(C)(C)C,6.45,1,ChEMBL
EDG-MED-5d232de5-4,CC(=O)N1CC[C@H](C(=O)Nc2cncc3ccccc23)c2cc(Cl)ccc21,6.45,1,Moonshot
ALP-POS-ecbed2ba-6,COC1(CS(=O)(=O)N2Cc3ccc(Cl)cc3C3(CCN(c4cncc5ccccc45)C3=O)C2)CC1,6.45,1,Moonshot
CHEMBL178459,Cc1c(-c2cnccn2)ssc1=S,6.45,1,ChEMBL
VLA-UCB-1dbca3b4-15,O=C(Nc1cncc2ccccc12)C1CCOc2ccc(Cl)cc21,6.44,2,Moonshot
MAT-POS-e119ab4f-3,CNC(=O)CN1CC(C(=O)Nc2cncc3cccc(C)c23)c2cc(Cl)ccc2C1=O,6.44,1,Moonshot
CHEMBL5175509,CC(C)(C)NC(=O)N[C@H](C(=O)N1C[C@H]2[C@@H]([C@H]1C(=O)N[C@@H](C[C@@H]1CCNC1=O)C(=O)C(=O)NC1CC1)C2(C)C)C(C)(C)C,6.44,1,ChEMBL
CHEMBL5188525,Cn1cc2cc(Nc3nc(=O)n(-c4cncc(C(F)(F)F)c4)c(=O)n3Cc3cc(F)c(F)c(F)c3)c(Cl)cc2n1,6.44,1,ChEMBL
CHEMBL1214186,Nc1ncnc2c1ncn2[C@@H]1O[C@H](C[C@@H](N)CC[C@H](N)C(=O)O)[C@@H](O)[C@H]1O,6.44,1,ChEMBL
CHEMBL5180417,CC(C)C[C@H](NC(=O)OC1CC2(CCN(C(=O)OC(C)(C)C)CC2)C1)C(=O)N[C@H](C=O)C[C@H]1CCNC1=O,6.44,1,ChEMBL
CHEMBL5280925,COc1cccc(Cn2[se]c3ccccc3c2=O)c1,6.44,1,ChEMBL
CHEMBL4060715,COC(=O)c1ccc(-n2sc3ccccc3c2=O)cc1,6.44,1,ChEMBL
CHEMBL3920474,O=c1c2ccccc2[se]n1Cc1ccccc1,6.44,1,ChEMBL
CHEMBL5439047,Cc1ccccc1-c1nc2cc(O)c(O)c(O)c2c(=O)[nH]1,6.44,1,ChEMBL
CHEMBL5441571,CC(C)[C@@H](Nc1ncnc2[nH]c(-c3cccc4c3NC(=O)C4)cc12)c1ccc2c(c1)S(=O)(=O)CCC2,6.44,1,ChEMBL
CHEMBL5583676,Cc1ccc(OC2CNC2)cc1C(=O)N[C@H](C)c1cccc(-c2ccc(CN[C@H]3CC[C@@H](C(=O)O)C3)s2)c1,6.44,1,ChEMBL
CHEMBL5639399,O=S(=O)(c1nnc(-c2ccc(Cl)cc2)o1)C1COC1,6.44,1,ChEMBL
CHEMBL5646404,[O-][S+](Cc1ccc2cnccc2c1)c1nnc(-c2ccc(Cl)cc2)o1,6.44,1,ChEMBL
CHEMBL6103030,Cc1cc(=O)oc2cc(NC(=O)[C@H]3O[C@@H](n4cnc5c(N)ncnc54)[C@H](O)[C@@H]3O)ccc12,6.44,1,ChEMBL
CHEMBL6141942,O=c1nc2n(CCO)c3ccccc3nc-2c(=O)n1-c1ccccc1,6.44,1,ChEMBL
CHEMBL6146529,Cc1ccc(OCCN2CCOCC2)cc1C(=O)N[C@H](C)c1cc(-c2cccs2)cc(-c2cccs2)c1,6.44,1,ChEMBL
MAT-POS-e20a5dfb-2,O=C1N(c2cncc3ccccc23)CCC[C@@]12CCOc1ccc(Cl)cc12,6.44,1,Moonshot
CHEMBL1595621,C=CCn1c(S)nnc1CSc1ccccc1[N+](=O)[O-],6.43,1,ChEMBL
CHEMBL5085659,CC(=O)NCc1ccc(-c2cccc([C@@H](C)NC(=O)c3cc(NC4CNC4)ccc3C)c2)s1,6.43,1,ChEMBL
CHEMBL5179663,CCCCNC(=O)C(=O)[C@H](C[C@@H]1CCNC1=O)NC(=O)[C@@H]1[C@@H]2[C@H](CN1C(=O)[C@@H](NC(=O)NC(C)(C)C)C(C)(C)C)C2(C)C,6.43,1,ChEMBL
CHEMBL5195478,CC(C)C[C@H](NC(=O)/C=C/c1ccccc1)C(=O)N[C@H](C=O)C[C@@H]1CCNC1=O,6.43,1,ChEMBL
CHEMBL5200040,CCCC[C@H](NC(=O)/C=C/c1ccccc1)C(=O)N[C@H](C=O)C[C@@H]1CCNC1=O,6.43,1,ChEMBL
CHEMBL5219346,CC(C)C[C@H](NC(=O)OC1CC2CCC(C1)N2C(=O)OCc1ccccc1)C(=O)N[C@@H](C[C@H]1CCNC1=O)C(O)S(=O)(=O)[O-].[Na+],6.43,1,ChEMBL
CHEMBL5284630,CN(C)c1ccc(/C=C/C(=O)N2C[C@@H]3CCC[C@@H]3[C@H]2C(=O)N[C@H](C=O)C[C@@H]2CCNC2=O)cc1,6.43,1,ChEMBL
CHEMBL5441037,C/N=c1\nc(-c2ccc(OC)cc2)n(-c2ccc(F)cc2)s1,6.43,1,ChEMBL
CHEMBL5559277,CC(C)C[C@H](NC(=O)OCC1CC(=O)N(CC2CCCCC2)C1)C(=O)N[C@@H](C[C@@H]1CCNC1=O)C(O)S(=O)(=O)[O-].[Na+],6.43,1,ChEMBL
CHEMBL5633930,CC(C)Cn1c(C(=O)NCCCNC(=O)n2cc(F)c(=O)[nH]c2=O)cc2cc(F)ccc21,6.43,1,ChEMBL
CHEMBL6151899,CC(C)[C@@H]1NC(=O)[C@@H](Cc2ccc(O)cc2)NC(=O)CSC[C@@H](C(=O)NCC(N)=O)NC(=O)[C@@H]2CCCN2C(=O)[C@@H]2CCCN2C(=O)[C@H](C)NC(=O)[C@H](Cc2ccccc2)NC(=O)[C@@H]2CCCN2C(=O)[C@H]([C@@H](C)O)NC(=O)[C@H]([C@@H](C)O)NC(=O)[C@H]([C@@H](C)O)NC(=O)[C@H](Cc2c[nH]cn2)NC(=O)[C@H](Cc2ccccc2)NC(=O)[C@H]([C@@H](C)O)NC1=O,6.43,1,ChEMBL
CHEMBL6132826,Cc1cc(O)cc(C)c1CN(C)[C@H](C)c1cccc2ccccc12,6.43,1,ChEMBL
RAL-THA-2d450e86-6,O=C(Cc1ccc(F)c(Cl)c1)Nc1cncc2ccccc12,6.43,1,Moonshot
ALP-POS-6479a3a9-2,CS(=O)(=O)NCc1ccc(Cl)cc1CC(=O)Nc1cncc2ccccc12,6.42,1,Moonshot
CHEMBL5207227,CCNC(=O)Cn1sc2cc(F)ccc2c1=O,6.42,1,ChEMBL
CHEMBL5172047,CC(C)C[C@H](NC(=O)OC1CC2(CCN(C(=O)C(C)C)CC2)C1)C(=O)N[C@H](C=O)C[C@H]1CCNC1=O,6.42,1,ChEMBL
CHEMBL5274857,CN(C)c1ccc(CCC(=O)N2C[C@@H]3CCC[C@@H]3[C@H]2C(=O)N[C@H](C=O)C[C@@H]2CCNC2=O)cc1,6.42,1,ChEMBL
CHEMBL1394251,O=C(NCc1ccco1)c1ccc(-n2sc3ccccc3c2=O)cc1,6.42,1,ChEMBL
CHEMBL5405273,CC(C)Cc1nc2cc(O)c(O)c(O)c2c(=O)[nH]1,6.42,1,ChEMBL
CHEMBL5407468,CCN(C[C@H]1O[C@@H](n2cnc3c(NC)ncnc32)[C@H](O)[C@@H]1O)S(=O)(=O)c1ccc(Br)c([N+](=O)[O-])c1,6.42,1,ChEMBL
CHEMBL5575838,COC(=O)N[C@H](C(=O)N1CC2(CCCCC2)C[C@H]1C(=O)N[C@@H](CCC(F)(F)F)C(=O)C(=O)NC1CC1)C(C)(C)C,6.42,1,ChEMBL
CHEMBL5591371,Cc1ccc(NC2CNC2)cc1C(=O)N[C@H](C)c1cccc(-c2ccc(CNC(=O)C3CCCC3)s2)c1,6.42,1,ChEMBL
CHEMBL5076691,N#Cc1cccc(-n2[se]c3ccccc3c2=O)c1,6.42,1,ChEMBL
CHEMBL6165413,CN(C)CCOc1c(Cl)cc([C@H](NC(=O)C(F)F)C(=O)N2C[C@H]3[C@@H]([C@H]2C(=O)N[C@H](C#N)C[C@@H]2CCNC2=O)C3(C)C)cc1Cl,6.42,1,ChEMBL
EDJ-MED-eb111c00-3,O=C(Nc1cncc2ccccc12)C1CN(CC2CC2)C(=O)c2ccc(Cl)cc21,6.42,1,Moonshot
RAL-THA-2d450e86-14,O=C(Cc1cc(F)cc(Cl)c1)Nc1cncc2ccccc12,6.42,1,Moonshot
MAT-POS-dd3ad2b5-2,CC(=O)N1Cc2ccc(Cl)cc2C(C(=O)Nc2cncc3ccccc23)C1,6.42,1,Moonshot
MAT-POS-97ec4bd1-4,CNC(=O)CN1CC(C(=O)Nc2cncc3ccc(C(C)(C)O)cc23)c2cc(Cl)ccc2C1=O,6.42,1,Moonshot
DAN-MCD-e5161b06-1,O=C(Nc1ccccc1)[C@H]1CN(C(=O)CCl)CCN1S(=O)(=O)c1ccsc1,6.41,1,Moonshot
CHEMBL289356,Sc1nnc(Nc2ccccc2)s1,6.41,1,ChEMBL
CHEMBL290904,Cc1ccc(NC2=CC(=O)c3sc(C)nc3C2=O)cc1,6.41,1,ChEMBL
CHEMBL5204705,O=C(Cn1sc2cc(F)ccc2c1=O)NCCc1ccccc1,6.41,1,ChEMBL
CHEMBL5187129,O=C(Cn1sc2ccc(C(F)(F)F)cc2c1=O)Nc1ccccc1,6.41,1,ChEMBL
CHEMBL5188743,CC1=NC2C(=O)C(Nc3ccc(C)cc3)=CC(=O)C2S1,6.41,1,ChEMBL
CHEMBL5170187,CC(C)C[C@H](NC(=O)OC1CC2(CCN(C#N)CC2)C1)C(=O)N[C@@H](C[C@H]1CCNC1=O)C(=O)C(O)S(=O)(=O)[O-].[Na+],6.41,1,ChEMBL
CHEMBL5220933,CC(C)C[C@H](NC(=O)OC1CC2CCC(C1)N2C(=O)OCc1ccccc1)C(=O)N[C@H](C=O)C[C@H]1CCNC1=O,6.41,1,ChEMBL
CHEMBL98386,O=c1c2ccccc2sn1-c1ccc(Cl)cc1,6.41,1,ChEMBL
CHEMBL5432454,CC(C)C(c1ccccc1)c1nc2cc(O)c(O)c(O)c2c(=O)[nH]1,6.41,1,ChEMBL
CHEMBL5398166,O=c1c2c(O)c(O)c(O)cc2nc(-c2ccccc2)n1-c1cn[nH]c1,6.41,1,ChEMBL
CHEMBL5414042,CC(c1ccccc1)c1nc2cc(O)c(O)c(O)c2c(=O)n1-c1ccc(Br)cc1F,6.41,1,ChEMBL
CHEMBL5549839,O=C1NC2(CC(c3ccccc3)C2)C(=O)N1c1cncc2ccccc12,6.41,1,ChEMBL
CHEMBL5560262,COc1ccc(Cl)c(F)c1CN(C#N)N(C)C(=O)[C@H](Cc1ccccc1)NC(=O)OCc1ccccc1,6.41,1,ChEMBL
CHEMBL5078524,Cc1ccc(NC2CNC2)cc1C(=O)N[C@H](C)c1cccc(-c2ccc(CNC3CCCC3)s2)c1,6.41,1,ChEMBL
CHEMBL5612298,CSc1nc2ccccc2n1C(=O)c1ccc(C)cc1,6.41,1,ChEMBL
CHEMBL6149893,CC(C)C[C@@H]1NC(=O)[C@H](Cc2ccccc2)NC(=O)[C@H](C)NC(=O)[C@H]([C@@H](C)O)NC(=O)[C@H]([C@@H](C)O)NC(=O)[C@H]([C@@H](C)O)NC(=O)[C@H](Cc2c[nH]cn2)NC(=O)[C@H](Cc2ccccc2)NC(=O)[C@H]([C@@H](C)O)NC(=O)[C@H](C(C)C)NC(=O)[C@@H](Cc2ccc(O)cc2)NC(=O)CSC[C@@H](C(=O)NCC(N)=O)NC(=O)[C@@H]2CCCN2C(=O)[C@@H]2CCCN2C1=O,6.41,1,ChEMBL
RAL-THA-a9c31980-3,CC(C)NC(=O)CN1CC(C(=O)Nc2cncc3ccccc23)c2cc(Cl)ccc2C1=O,6.41,2,Moonshot
MAT-POS-90fd5f68-4,CC(=O)Nc1ccc2c(NC(=O)Cc3cccc(Cl)c3)cncc2c1,6.41,1,Moonshot
EDJ-MED-c3ea9889-2,CNC(=O)CN1CC(C)(C(=O)Nc2cncc3cc(Cl)ccc23)c2cc(Cl)ccc2S1(=O)=O,6.41,1,Moonshot
MAT-POS-4223bc15-37,Cn1nncc1C(=O)N1Cc2ccc(Cl)cc2C(C(=O)Nc2cncc3ccccc23)C1,6.4,1,Moonshot
LON-WEI-4d77710c-2,O=S(=O)(Cc1ccccc1F)c1oc(-c2ccc(F)cc2)nc1S(=O)(=O)c1ccccc1,6.4,2,Moonshot
MAT-POS-90fd5f68-22,CC(=O)Nc1ccc2cncc(NC(=O)Cc3cccc(Cl)c3)c2c1,6.4,1,Moonshot
CHEMBL4850298,CC(C)C[C@H](NC(=O)OCc1ccccc1)C(=O)N[C@H](C=O)C[C@@H]1CCNC1=O,6.4,1,ChEMBL
CHEMBL5172482,O=C(Cn1sc2cc(F)ccc2c1=O)NC1CCCC1,6.4,1,ChEMBL
CHEMBL5397315,C[C@@H](OC(C)(C)C)[C@H](NC(=O)OCc1ccccc1)C(=O)N[C@H](C=O)C[C@@H]1CCNC1=O,6.4,1,ChEMBL
CHEMBL5414023,O=C(NCc1ccc(F)s1)[C@@H]1CN(C(=O)c2cccnc2)CCN1c1ccc(Cl)c(Cl)c1,6.4,1,ChEMBL
CHEMBL5434910,COc1cc(OC)c(NC(=O)[C@@H]2CN(C(=O)c3cnccc3OC)CCN2c2ccc(Cl)c(Cl)c2)cc1F,6.4,1,ChEMBL
CHEMBL5594722,CC(C)c1cccc2[nH]c(C(=O)N3C[C@H]4[C@@H]([C@H]3C(=O)N[C@H](C#N)C[C@@H]3CCNC3=O)C4(C)C)cc12,6.4,1,ChEMBL
CHEMBL5647679,[O-][S+](Cc1cccnc1)c1nnc(-c2ccccc2)o1,6.4,1,ChEMBL
CHEMBL6169226,S=C(SSc1ccccc1)N1CCCC1,6.4,1,ChEMBL
CHEMBL6149160,Cc1ccc(OCCN(C)C)cc1C(=O)N[C@H](C)c1cc(-c2c(C)noc2C)cc(-c2c(C)noc2C)c1,6.4,1,ChEMBL
CHEMBL6165191,CCn1ccc(-c2cc(-c3ccn(C(F)F)n3)cc([C@@H](C)NC(=O)c3cc(OCCN(C)C)ccc3C)c2)n1,6.4,1,ChEMBL
CHEMBL6152202,CCC(C(=O)Nc1cc(NC2COC2)ccc1C)n1cc(F)cc2nc(SCc3ccc(F)cc3)nc1-2,6.4,1,ChEMBL
MAT-POS-ee5e8e94-2,CN(C)C(=O)c1cc2c(NC(=O)C3CCOc4ccc(Cl)cc43)cncc2s1,6.4,2,Moonshot
CHEMBL5174111,O=C(NCc1cccs1)[C@@H]1CN(C(=O)c2cccnc2)CCN1c1ccc(Cl)c(Cl)c1,6.4,1,ChEMBL
ALP-POS-02c6a514-32,CC(C)(C)c1ccc(N(C(=O)c2ccco2)C(C(=O)NCCc2cccc(F)c2)c2cncc3ccccc23)cc1,6.4,1,Moonshot
CHEMBL5441392,CNC(=O)c1cc2c(N[C@@H](c3ccc4c(c3)OCCO4)C(C)C)ncnc2[nH]1,6.39,1,ChEMBL
ALP-POS-ecbed2ba-17,CN(CC#N)S(=O)(=O)N1Cc2ccc(Cl)cc2C2(CCN(c3cncc4ccccc34)C2=O)C1,6.39,1,Moonshot
CHEMBL4303622,N#CSc1cc(SC#N)c(N)nc1N,6.39,1,ChEMBL
CHEMBL5191663,CC(C)C[C@H](NC(=O)[C@@H](NC(=O)c1ccc(-c2ccccc2)cc1)C(C)C)C(=O)N[C@H](C=O)C[C@@H]1CCCNC1=O,6.39,1,ChEMBL
CHEMBL5171293,CC(C)C[C@H](NC(=O)OC1CC2(CCN(C(=O)C(C)C)CC2)C1)C(=O)N[C@@H](C[C@H]1CCNC1=O)C(=O)C(O)S(=O)(=O)[O-].[Na+],6.39,1,ChEMBL
CHEMBL5205847,CC(C)C[C@H](NC(=O)OCc1ccccc1)C(=O)N[C@@H](C[C@H]1CCNC1=O)C(=O)C(O)S(=O)(=O)[O-].[Na+],6.39,1,ChEMBL
CHEMBL5174398,CC(C)C[C@H](NC(=O)OCC1CN(C(=O)OC(C)(C)C)C1)C(=O)N[C@H](C=O)C[C@H]1CCNC1=O,6.39,1,ChEMBL
CHEMBL416639,CCCCCn1sc2ccccc2c1=O,6.39,1,ChEMBL
CHEMBL5271624,CC(C)C[C@H](NC(=O)OC1CCC(F)(F)CC1)C(=O)N[C@@H](C[C@@H]1CCNC1=O)C(O)S(=O)(=O)O,6.39,1,ChEMBL
CHEMBL4068618,O=C(O)Cn1[se]c2ccccc2c1=O,6.39,1,ChEMBL
CHEMBL45016,O=c1c2ccccc2sn1CCO,6.39,1,ChEMBL
CHEMBL5277713,O=c1c2ccccc2sn1CCCCc1ccccc1,6.39,1,ChEMBL
CHEMBL5075842,CC(C)(C)c1ccc(N(C(=O)CCl)C(C(=O)NC2CCCCC2)c2cccnc2)cc1,6.39,1,ChEMBL
CHEMBL5433690,COc1ccncc1C(=O)N1CCN(c2ccc(Cl)c(Cl)c2)[C@H](C(=O)NCc2ccc(F)s2)C1,6.39,1,ChEMBL
CHEMBL5560411,CC(C)C[C@H](NC(=O)OCC1CC(=O)N(Cc2cccc(C(F)(F)F)c2)C1)C(=O)N[C@H](C=O)C[C@@H]1CCNC1=O,6.39,1,ChEMBL
CHEMBL5563519,CC(C)C[C@H](NC(=O)OC[C@@H]1CCC(=O)N1C[C@H]1C[C@@H]2CC[C@H]1C2)C(=O)N[C@@H](C[C@@H]1CCNC1=O)C(O)S(=O)(=O)[O-].[Na+],6.39,1,ChEMBL
CHEMBL5641701,COCC[S+]([O-])c1nnc(-c2ccc(Cl)cc2)o1,6.39,1,ChEMBL
CHEMBL6144830,O=C(/C=C/c1c(Cl)c(O)c(O)c(O)c1Cl)c1c(Cl)cc(F)cc1Cl,6.39,1,ChEMBL
CHEMBL6103446,O=C(/C=C/c1c(Cl)c(O)c(O)c(O)c1Cl)c1c(Cl)cc(Cl)cc1Cl,6.39,1,ChEMBL
ALP-POS-6f6ae286-3,COC1(C(=O)Nc2cncc3cc(F)ccc23)CCOc2ccc(Cl)cc21,6.39,1,Moonshot
MAT-POS-853c0ffa-16,COC1(CS(=O)(=O)N2Cc3ccc(Cl)cc3C3(CCN(c4cncc5cc(S(C)(=O)=O)ccc45)C3=O)C2)CC1,6.38,1,Moonshot
ALP-POS-fe871b40-11,COC1(C(=O)Nc2cncc3ccccc23)CCOc2cc(F)c(Cl)cc21,6.38,1,Moonshot
DAN-MCD-02570321-1,N#Cc1cccc(NC(=O)[C@@H]2CN(C(=O)CCl)CCN2S(=O)(=O)c2ccsc2)c1,6.38,1,Moonshot
CHEMBL1408862,O=[N+]([O-])C(Br)(CO)CO,6.38,1,ChEMBL
CHEMBL5175153,Nc1ccc2sn(CC(=O)Nc3ccccc3)c(=O)c2c1,6.38,1,ChEMBL
CHEMBL5434494,CC(C)(C)OC(=O)N1CCC(n2[se]c3ccccc3c2=O)CC1,6.38,1,ChEMBL
CHEMBL5076981,C=CS(=O)(=O)N(c1ccc(C(C)(C)C)cc1)C(C(=O)NC1CCCCC1)c1cccnc1,6.38,1,ChEMBL
CHEMBL5441900,COCCn1ncc(-c2cc3c(N[C@@H](c4ccc5c(c4)OCCO5)C(C)C)ncnc3[nH]2)c1C#N,6.38,1,ChEMBL
CHEMBL5441988,CNC(=O)c1cccc(-c2cc3c(N[C@@H](c4ccc5c(c4)OCCO5)C(C)C)ncnc3[nH]2)c1,6.38,1,ChEMBL
CHEMBL5442055,Cc1nnn(C)c1-c1cc2c(N[C@@H](c3ccc4c(c3)S(=O)(=O)CCC4)C(C)C)ncnc2[nH]1,6.38,1,ChEMBL
CHEMBL5568426,CN(C(=O)[C@H](Cc1ccccc1)NC(=O)OCc1ccccc1)N(C#N)Cc1ccsc1,6.38,1,ChEMBL
CHEMBL5563203,CC(C)C[C@H](NC(=O)OC[C@@H]1CCC(=O)N1C[C@H]1C[C@@H]2C=C[C@H]1C2)C(=O)N[C@H](C=O)C[C@@H]1CCNC1=O,6.38,1,ChEMBL
CHEMBL5562763,CC1(C)[C@@H]2[C@@H](C(=O)N[C@H](C#N)C[C@@H]3CCNC3=O)N(C(=O)[C@@H](NC(=O)C(F)(F)F)c3ccc(Cl)cc3)C[C@@H]21,6.38,1,ChEMBL
CHEMBL5633973,O=C(CNC(=O)C1CCOCC1)N[C@H](Cc1ccccc1)C(=O)C(=O)NCc1ccccn1,6.38,1,ChEMBL
CHEMBL5641624,O=S(=O)(Cc1cscn1)c1nnc(-c2ccc(Cl)cc2)o1,6.38,1,ChEMBL
CHEMBL6142628,O=C(/C=C/c1c(Cl)c(O)c(O)c(O)c1Cl)c1ccc(Cl)c(Cl)c1,6.38,1,ChEMBL
CHEMBL5631689,O=C(CC1CCCCC1)N1CCC(CCCNC(=O)n2cc(F)c(=O)[nH]c2=O)CC1,6.38,1,ChEMBL
MAT-POS-96f51285-2,COC1(C(=O)Nc2cncc3ccc(S(C)(=O)=O)cc23)CCOc2ccc(Cl)cc21,6.37,1,Moonshot
JIN-POS-6dc588a4-22,O=C(Cc1cccc(Cl)c1)Nc1cncc2sccc12,6.37,1,Moonshot
EDG-MED-b1ef7fe3-3,CNC(=O)CN1CC2(CCN(c3cncc4cc(F)ccc34)C2=O)c2cc(Cl)ccc2C1=O,6.37,1,Moonshot
CHEMBL5207904,Cc1ccc(NC2CNC2)cc1C(=O)N[C@H](C)c1cccc(-c2ccc(CN[C@@H]3CC[C@@H](O)C3)s2)c1,6.37,1,ChEMBL
CHEMBL5283004,C[C@H](NC[C@@H](c1cccnc1)N(C(=O)C(Cl)Cl)c1ccc(-c2ccccc2)cc1)c1ccccc1,6.37,1,ChEMBL
CHEMBL5433514,COc1ccncc1C(=O)N1CCN(c2ccc(Cl)c(Cl)c2)[C@H](C(=O)Nc2cc(F)c(OC)c(F)c2)C1,6.37,1,ChEMBL
CHEMBL5558170,C[C@@H](NC(=O)[C@H](c1cccnc1)N(C(=O)C(Cl)Cl)c1ccc(-c2ccccc2)cc1)c1ccccc1,6.37,1,ChEMBL
CHEMBL5542352,COc1c(Cl)cccc1CN(C#N)N(C)C(=O)[C@H](Cc1ccccc1)NC(=O)OCc1ccccc1,6.37,1,ChEMBL
CHEMBL5565464,CC(C)C[C@H](NC(=O)OCC1CCN(C[C@H]2C[C@H]3CC[C@@H]2C3)C1=O)C(=O)N[C@H](C=O)C[C@@H]1CCNC1=O,6.37,1,ChEMBL
CHEMBL5542103,CC(C)C[C@H](NC(=O)OC[C@@H]1CCC(=O)N1Cc1ccccc1)C(=O)N[C@H](C=O)C[C@@H]1CCNC1=O,6.37,1,ChEMBL
CHEMBL5591153,Cc1ccc(OC2CNC2)cc1C(=O)N[C@H](C)c1cccc(-c2ccc(CN[C@H]3CC[C@@H](O)C3)s2)c1,6.37,1,ChEMBL
CHEMBL6102446,O=C(/C=C/c1cc(O)c(O)c(O)c1Cl)c1ccc(F)cc1,6.37,1,ChEMBL
CHEMBL6189740,O=C(N/N=C/c1cc2c(cc1[N+](=O)[O-])OCO2)c1ccc(CSc2cccc3cccnc23)cc1,6.37,1,ChEMBL
MAT-POS-7ddaf7de-2,CS(=O)(=O)c1ccc2c(NC(=O)C3CCOc4ccc(Cl)cc43)cncc2c1,6.37,1,Moonshot
RAL-THA-2d450e86-17,N#Cc1cc(Cl)cc(CC(=O)Nc2cncc3ccccc23)c1,6.37,2,Moonshot
CHEMBL5442120,CC(C)[C@@H](Nc1ncnc2[nH]c(-c3cnn(CC4(C#N)CC4)c3)cc12)c1ccc2c(c1)OCCO2,6.37,1,ChEMBL
CHEMBL5441496,CCNC(=O)c1cc2c(N[C@@H](c3ccc4ncn(C)c(=O)c4c3)C(C)C)ncnc2[nH]1,6.37,1,ChEMBL
CHEMBL5191209,C[C@H](c1cccc2ccccc12)N1CCC(C(=O)NCc2cc(F)cc(NC(=O)N3CCN(C)CC3)c2)CC1,6.36,1,ChEMBL
CHEMBL5193934,Nc1ncnc2c1ncn2[C@@H]1O[C@H](CNS(=O)(=O)c2ccc3nc(Cl)ccc3c2)[C@@H](O)[C@H]1O,6.36,1,ChEMBL
CHEMBL5204579,CCN(C[C@H]1O[C@@H](n2cnc3c(N)ncnc32)[C@H](O)[C@@H]1O)S(=O)(=O)c1cccc(Cl)c1,6.36,1,ChEMBL
CHEMBL5415051,NC(=O)c1ccc2c(c1)C(=O)C(=O)N2Cc1cn(Cc2cccc(Cl)c2)nn1,6.36,1,ChEMBL
CHEMBL5418940,O=c1[nH]c(-c2ccccc2Cl)nc2cc(O)c(O)c(O)c12,6.36,1,ChEMBL
CHEMBL5417180,O=C(NCc1cccs1)[C@@H]1CN(C(=O)c2cncc(O)c2)CCN1c1ccc(Cl)c(Cl)c1,6.36,1,ChEMBL
CHEMBL5557248,O=C(NCC1CCCCC1)C1CN(c2ccc(Cl)c(Cl)c2)CCN1C(=O)c1cc(=O)[nH]c2ccccc12,6.36,1,ChEMBL
CHEMBL6147956,O=C(/C=C/c1c(Cl)c(O)c(O)c(O)c1Cl)c1ccc(C(F)(F)F)cc1,6.36,1,ChEMBL
CHEMBL6141704,CC(C)[C@@H]1NC(=O)[C@@H](Cc2ccc(O)cc2)NC(=O)CC[C@@H](C(=O)NCC(N)=O)NC(=O)[C@@H]2CCCN2C(=O)[C@@H]2CCCN2C(=O)[C@@H]2CSCc3cccc(c3)CSC[C@H](NC1=O)C(=O)N[C@@H](Cc1ccccc1)C(=O)N[C@@H](Cc1c[nH]cn1)C(=O)N[C@@H]([C@@H](C)O)C(=O)N[C@@H]([C@@H](C)O)C(=O)N[C@@H]([C@@H](C)O)C(=O)N1CCC[C@H]1C(=O)N[C@@H](Cc1ccccc1)C(=O)N2,6.36,1,ChEMBL
CHEMBL6161039,CCn1nccc1-c1cc(-c2ccnn2CC)cc([C@@H](C)NC(=O)c2cc(OCCN(C)C)ccc2C)c1,6.36,1,ChEMBL
EDG-MED-ba1ac7b9-9,O=C(CC1(C(=O)Nc2cncc3ccccc23)CCOc2ccc(Cl)cc21)N1CCCCC1c1nc[nH]n1,6.36,1,Moonshot
MAT-POS-c88128cb-12,CC1(C(=O)Nc2cncc3ccc(F)cc23)CNS(=O)(=O)c2ccc(Cl)cc21,6.36,1,Moonshot
MIC-UNK-91acba05-6,CN1CCC(C(=O)Nc2cncc3ccccc23)c2cc(Cl)ccc21,6.35,2,Moonshot
LON-WEI-4d77710c-75,Cc1ccccc1NC(=O)CC1SC(=O)N(c2ccccc2)C1=O,6.35,2,Moonshot
MIC-UNK-45817b9b-1,O=C1CC(C(=O)Nc2cncc3ccccc23)c2cc(Cl)ccc2N1,6.35,1,Moonshot
CHEMBL5196922,CCC[C@@H](NC(=O)[C@@H](CC(C)C)NC(=O)OCc1ccccc1)C(=O)C(=O)NCc1ccccn1,6.35,1,ChEMBL
CHEMBL5191706,Nc1ccc2c(=O)n(CC(=O)Nc3ccccc3)sc2c1,6.35,1,ChEMBL
CHEMBL5199430,CC(C)C[C@H](NC(=O)OC1CC2(CCN(C(=O)OC(C)(C)C)C2)C1)C(=O)N[C@H](C=O)C[C@H]1CCNC1=O,6.35,1,ChEMBL
CHEMBL5266148,CCC[C@H](NC(=O)[C@H](CC(C)C)NC(=O)OCc1ccccc1)C(=O)C(=O)NCc1ccccn1,6.35,1,ChEMBL
CHEMBL5095608,CC(C)C[C@H](NC(=O)OCC1CCC(F)(F)CC1)C(=O)N[C@@H](C[C@@H]1CCNC1=O)C(O)S(=O)(=O)O,6.35,1,ChEMBL
CHEMBL5406733,CC(C)C[C@H](NC(=O)OCC(C)(C)Sc1ccccc1)C(=O)N[C@@H](C[C@@H]1CCNC1=O)C(O)(C(=O)NC1CC1)S(=O)(=O)[O-].[Na+],6.35,1,ChEMBL
CHEMBL5442029,CCn1cc(-c2cc3c(N[C@@H](c4ccc5c(c4)OCCO5)C(C)C)ncnc3[nH]2)c(C)n1,6.35,1,ChEMBL
CHEMBL5563828,CC(C)C[C@H](NC(=O)OC[C@@H]1CCC(=O)N1C[C@H]1C[C@@H]2C=C[C@H]1C2)C(=O)N[C@@H](C[C@@H]1CCNC1=O)C(O)S(=O)(=O)[O-].[Na+],6.35,1,ChEMBL
CHEMBL5573472,CC1(C)[C@@H]2[C@@H](C(=O)N[C@H](C=O)C[C@@H]3CCNC3=O)N(C(=O)N(c3ccc(Cl)cc3)c3ccc(Cl)cc3)C[C@@H]21,6.35,1,ChEMBL
CHEMBL6175844,CCC1(OC(=O)N[C@@H](CC(C)C)C(=O)N[C@H](C=O)C[C@@H]2CCNC2=O)COCOC1,6.35,1,ChEMBL
CHEMBL6176176,C[C@@H](NC(=O)c1ccccc1CCC(=O)NNC(=O)/C=C/C(=O)OCc1ccc2ccccc2n1)c1cccc2ccccc12,6.35,1,ChEMBL
ALP-POS-ecbed2ba-13,CC(C)(C#N)CS(=O)(=O)N1Cc2ccc(Cl)cc2C2(CCN(c3cncc4ccccc34)C2=O)C1,6.35,1,Moonshot
ALP-POS-4483ae88-3,CNC(=O)CN1CC(C(=O)Nc2cncc3c2CCCC3)c2cc(Cl)ccc2C1=O,6.35,1,Moonshot
EDG-MED-b1ef7fe3-4,CNC(=O)CN1CC2(CCN(c3cncc4cc(Cl)ccc34)C2=O)c2cc(Cl)ccc2C1=O,6.35,1,Moonshot
DAN-MCD-0c04f563-1,COc1ccc(NC(=O)[C@@H]2CN(C(=O)CCl)CCN2S(=O)(=O)c2ccsc2)cc1,6.35,1,Moonshot
CHEMBL3348861,O=C1c2c(O)cc(O)cc2O[C@H](c2cc(O)c(O)c(O)c2)[C@H]1O,6.34,1,ChEMBL
CHEMBL5206501,C[C@H](NC(=O)[C@@H](c1cccnc1)N(C(=O)c1ccco1)c1ccc(-c2ccccc2)cc1)c1ccccc1,6.34,1,ChEMBL
ALP-POS-4483ae88-4,O=C(Nc1cncc2c1CCCC2)C1CNS(=O)(=O)c2ccc(Cl)cc21,6.34,1,Moonshot
MAT-POS-777f5926-1,C[C@@H]1NC(=O)c2ccc(Cl)cc2[C@@H]1C(=O)Nc1cncc2ccccc12,6.34,1,Moonshot
CHEMBL5191017,Cc1nnc(SC(=O)c2ccc3ccccc3c2)s1,6.34,1,ChEMBL
CHEMBL5284199,CC1(C)[C@@H]2[C@@H](C(=O)N[C@H](C=O)C[C@@H]3CCNC3=O)N(C(=O)c3ccc4ccccc4c3)C[C@@H]21,6.34,1,ChEMBL
CHEMBL5413385,CC(C)C[C@H](NC(=O)OCC(C)(C)Oc1ccc(Cl)cc1)C(=O)N[C@H](C=O)C[C@@H]1CCNC1=O,6.34,1,ChEMBL
CHEMBL5403838,O=c1c2ccccc2[se]n1Cc1cccnc1,6.34,1,ChEMBL
CHEMBL5442057,CC(C)[C@@H](Nc1ncnc2[nH]c(C(=O)N[C@@H]3CCN(C)C3)cc12)c1ccc2c(c1)OCCO2,6.34,1,ChEMBL
CHEMBL5441860,Cc1n[nH]c(C)c1-c1cc2c(N[C@@H](c3ccc4c(c3)S(=O)(=O)CCC4)C(C)C)ncnc2[nH]1,6.34,1,ChEMBL
CHEMBL5555663,CC(C)(C)C1CC2(C1)NC(=O)N(c1cncc3ccccc13)C2=O,6.34,1,ChEMBL
CHEMBL5561078,CC(C)C[C@H](NC(=O)OCC1CCN(C[C@H]2C[C@H]3C=C[C@@H]2C3)C1=O)C(=O)N[C@H](C=O)C[C@@H]1CCNC1=O,6.34,1,ChEMBL
CHEMBL6120712,CC[C@H](C)[C@@H]1NC(=O)[C@H](Cc2ccc(O)cc2)NC(=O)[C@H](CO)NC(=O)[C@H](CC(C)C)NC(=O)CNC(=O)[C@H](Cc2ccc(O)cc2)NC(=O)[C@H](CO)NC(=O)[C@H](CCC(N)=O)NC(=O)[C@H](Cc2ccccc2)NC(=O)[C@@H](Cc2ccc(O)cc2)NC(=O)CSC[C@@H](C(=O)NCC(N)=O)NC(=O)CNC(=O)[C@@H]2CCCN2C1=O,6.34,1,ChEMBL
CHEMBL6160793,Cc1ccc(OCCN(C)C)cc1C(=O)N[C@H](C)c1cc(-c2ccnn2C)cc(-c2ccnn2C)c1,6.34,1,ChEMBL
CHEMBL6120768,COC(=O)/C=C/CNC(=O)CNC(=O)CNC(=O)C1CCN(C(C)c2cccc3ccccc23)CC1,6.34,1,ChEMBL
EDJ-MED-1b46f08e-1,COC1(C(=O)Nc2cncc3cc(S(=O)(=O)N(C)C)ccc23)CCOc2ccc(Cl)cc21,6.34,1,Moonshot
DAN-MCD-0742953f-1,CCOC(=O)c1cccc(NC(=O)[C@@H]2CN(C(=O)CCl)CCN2S(=O)(=O)c2ccsc2)c1,6.34,1,Moonshot
MAT-POS-a13804f0-4,O=C(Nc1cncc2ccccc12)C(NC(=O)[C@@H]1CC[C@H](C(=O)N2CCCC2)O1)c1cccc(Cl)c1,6.34,1,Moonshot
CHEMBL5441428,CC(C)[C@@H](Nc1ncnc2[nH]c(C(N)=O)cc12)c1ccc2c(c1)OCCO2,6.33,1,ChEMBL
EDJ-MED-cc48ee33-5,Cc1cc(C(=O)N2Cc3ccc(Cl)cc3C3(CCN(c4cncc5ccccc45)C3=O)C2)n(C)n1,6.33,1,Moonshot
DAV-CRI-14a23e73-1,CC(NC(=O)CCl)c1cc(Cl)cc(-c2ccc(S(N)(=O)=O)cc2)c1,6.33,1,Moonshot
ALP-UNI-dbb9503d-1,COC1(c2cccc(Cl)c2)CCN(c2cncc3ccccc23)C1=O,6.33,1,Moonshot
CHEMBL5197241,CC(C)C[C@H](NC(=O)c1cc2c(F)cccc2[nH]1)C(=O)NN(C[C@H]1CCNC1=O)C(=O)[C@@H](F)Cl,6.33,1,ChEMBL
CHEMBL5279145,COc1cncc(Cn2[se]c3ccccc3c2=O)c1,6.33,1,ChEMBL
CHEMBL5394410,CC(C)Cn1c(Cc2ccccc2)nc2cc(O)c(O)c(O)c2c1=O,6.33,1,ChEMBL
CHEMBL5408081,CCOc1ccc(-c2n/c(=N\C)sn2-c2ccc(F)cc2)cc1,6.33,1,ChEMBL
CHEMBL5438762,CNc1ncnc2c1ncn2[C@@H]1O[C@H](CNS(=O)(=O)c2ccc(OC)c(C#N)c2)[C@@H](O)[C@H]1O,6.33,1,ChEMBL
CHEMBL5442051,Cc1nn(C)cc1-c1cc2c(N[C@@H](c3ccc4c(c3)OCCO4)C(C)C)ncnc2[nH]1,6.33,1,ChEMBL
CHEMBL5441989,CC(C)[C@H](Nc1ncnc2[nH]c(-c3cnn(C)c3C#N)cc12)c1ccc2c(c1)OCCO2,6.33,1,ChEMBL
CHEMBL5561950,COCCOc1cc(Cl)cc(-c2cc(-c3ccccc3C#N)cn(-c3cccnc3)c2=O)c1,6.33,1,ChEMBL
CHEMBL5583933,Cc1ccc(OC2CNC2)cc1C(=O)N[C@H](C)c1cccc(-c2ccc(CN[C@H]3CC[C@@H](C(=O)OC[C@H]4O[C@@H](n5ccc(N)nc5=O)[C@H](O)[C@@H]4O)C3)s2)c1,6.33,1,ChEMBL
EDJ-MED-dac03e7f-2,CC1(C(=O)Nc2cncc3cc(S(C)(=O)=O)ccc23)CN(CC(=O)NC2CC2)S(=O)(=O)c2ccc(Cl)cc21,6.33,1,Moonshot
MAT-POS-3b97339c-2,N[C@]1(C(=O)Nc2cncc3ccccc23)CCOc2ccc(Cl)cc21,6.33,1,Moonshot
CHEMBL4303361,Oc1cc(CNC(=S)/C=C/c2cc(O)c(O)c(Br)c2)cc(O)c1O,6.32,1,ChEMBL
CHEMBL5174547,Cc1nnc(SC(=O)c2ccc(Br)o2)s1,6.32,1,ChEMBL
CHEMBL5185979,Nc1ncnc2c1ncn2[C@@H]1O[C@H](CNS(=O)(=O)c2ccc(Cl)c(Cl)c2)[C@@H](O)[C@H]1O,6.32,1,ChEMBL
CHEMBL3219171,CC(C)Cn1sc2ccccc2c1=O,6.32,1,ChEMBL
CHEMBL5428557,N#CSCC(=O)N1c2ccccc2CCc2ccc(Cl)cc21,6.32,1,ChEMBL
CHEMBL5410809,CC(c1ccccc1)c1nc2cc(O)c(O)c(O)c2c(=O)n1-c1ccccc1,6.32,1,ChEMBL
CHEMBL5411464,COc1ccncc1C(=O)N1CCN(c2ccc(Cl)c(Cl)c2)[C@H](C(=O)Nc2ccc(OC(F)F)cc2)C1,6.32,1,ChEMBL
CHEMBL559234,CNCc1ccc(C)c(C(=O)N[C@H](C)c2cccc3ccccc23)c1,6.32,1,ChEMBL
CHEMBL5441699,O=C(Nc1ccccc1)Nc1ccc(C(=O)NC2c3cccc(O)c3CC2C(=O)O)cc1,6.32,1,ChEMBL
CHEMBL5441696,CC(C)[C@@H](Nc1ncnc2[nH]c(-c3cncnc3)cc12)c1ccc2c(c1)S(=O)(=O)CCC2,6.32,1,ChEMBL
CHEMBL5517908,COc1ccccc1C1CC2(C1)NC(=O)N(c1cncc3ccccc13)C2=O,6.32,1,ChEMBL
CHEMBL5556021,O=c1c2cnccc2sn1-c1ccccc1,6.32,1,ChEMBL
CHEMBL5568645,COc1cc([N+](=O)[O-])ccc1CN(C)[C@H](C)c1cccc2ccccc12,6.32,1,ChEMBL
CHEMBL5639833,O=S(=O)(c1ccccc1)c1nnc(-c2ccc(Cl)cc2)o1,6.32,1,ChEMBL
CHEMBL6192548,O=C(N/N=C/c1c(Cl)ccnc1Cl)c1ccc(CSc2cccc3cccnc23)cc1,6.32,1,ChEMBL
CHEMBL5442119,CC(C)[C@@H](Nc1ncnc2[nH]c(C3=CCOC3)cc12)c1ccc2c(c1)OCCO2,6.32,1,ChEMBL
BEN-BAS-c2bc0d80-6,O=C1CC2(CCOc3ccc(Cl)cc32)C(=O)N1c1cncc2ccccc12,6.31,2,Moonshot
MAT-POS-4223bc15-17,O=C(Nc1cncc2ccccc12)C1CN(C(=O)C2CC2)Cc2ccc(Cl)cc21,6.31,1,Moonshot
ALP-POS-477dc5b7-5,O=C1N(c2cncc3ccccc23)CCCC12CCOc1ccc(Cl)cc12,6.31,2,Moonshot
CHEMBL5175460,CC(C)C[C@H](NC(=O)OCC1CN(C(=O)C2CC3CCC2C3)C1)C(=O)N[C@@H](C[C@H]1CCNC1=O)C(=O)C(O)S(=O)(=O)[O-].[Na+],6.31,1,ChEMBL
CHEMBL274056,O=C1C=CC(=O)c2c(O)ccc(O)c21,6.31,1,ChEMBL
CHEMBL5405589,CC(C)C[C@H](NC(=O)OCC(C)(C)Sc1ccccc1)C(=O)N[C@H](C#N)C[C@@H]1CCNC1=O,6.31,1,ChEMBL
CHEMBL5438913,O=C(Nc1ccc(-n2[se]c3ccccc3c2=O)cc1)C1CC1,6.31,1,ChEMBL
CHEMBL468971,C[C@H](NC(=O)OCc1ccccc1)C(=O)N[C@@H](C)C(=O)NN(CC(N)=O)C(=O)/C=C/C(=O)c1ccccc1,6.31,1,ChEMBL
CHEMBL5441429,CC(C)[C@@H](Nc1ncnc2[nH]c(-c3cnn(CC(N)=O)c3)cc12)c1ccc2c(c1)S(=O)(=O)CCC2,6.31,1,ChEMBL
CHEMBL5563410,CC(C)C[C@H](NC(=O)OC[C@@H]1CCC(=O)N1Cc1ccccc1)C(=O)N[C@@H](C[C@@H]1CCNC1=O)C(O)S(=O)(=O)[O-].[Na+],6.31,1,ChEMBL
CHEMBL5591613,CCOC(=O)[C@@H]1CC[C@H](NCc2ccc(-c3cccc([C@@H](C)NC(=O)c4cc(NC5CNC5)ccc4C)c3)s2)C1,6.31,1,ChEMBL
CHEMBL5612715,CSc1nc2ccc(Cl)cc2n1C(=O)c1ccc(C)cc1,6.31,1,ChEMBL
ALP-POS-6d04362c-2,CN(C)c1ccc(N(Cc2cccc(Cl)c2)C(=O)Cn2nnc3ccccc32)cc1,6.3,3,Moonshot
DAR-DIA-5ff57136-9,COC(=O)/C=C/C(=O)N(C(=O)[C@@H]1CCOc2ccc(Cl)cc21)c1cncc2ccccc12,6.3,1,Moonshot
CHEMBL5174185,CC1(C)[C@H](C(=O)OCc2ccc([N+](=O)[O-])cc2)N2C(=O)C(Br)(Br)[C@H]2[S+]1[O-],6.3,1,ChEMBL
CHEMBL5175792,CC(C)C[C@H](NC(=O)OCC1CN(C(=O)OC(C)(C)C)C1)C(=O)N[C@@H](C[C@H]1CCNC1=O)C(=O)C(O)S(=O)(=O)[O-].[Na+],6.3,1,ChEMBL
CHEMBL5409790,CC1(C)[C@H](C(=O)OCc2ccc([N+](=O)[O-])cc2)C2C(=O)C(Br)(Br)[C@H]2[S+]1[O-],6.3,1,ChEMBL
CHEMBL5427453,Cc1cc(-n2c(Cc3ccccc3)nc3cc(O)c(O)c(O)c3c2=O)ccc1F,6.3,1,ChEMBL
CHEMBL5441440,CC(C)[C@@H](Nc1ncnc2[nH]c(-c3cnn(C)n3)cc12)c1ccc2c(c1)OCCO2,6.3,1,ChEMBL
CHEMBL5441764,CC(C)[C@@H](Nc1ncnc2[nH]c(-c3cnn([C@@H](C)C(N)=O)c3)cc12)c1ccc2c(c1)OCCO2,6.3,1,ChEMBL
CHEMBL5557526,C[C@H](NC(=O)[C@@H](c1cccnc1)N(C(=O)CC#N)c1ccc(-c2ccccc2)cc1)c1ccccc1,6.3,1,ChEMBL
CHEMBL5562154,CC(C)C[C@H](NC(=O)OC[C@H]1CCC(=O)N1CC1CCCCC1)C(=O)N[C@H](C=O)C[C@@H]1CCNC1=O,6.3,1,ChEMBL
CHEMBL5564645,CC(C)C[C@H](NC(=O)OC[C@@H]1CCC(=O)N1CCC1CCCCC1)C(=O)N[C@H](C=O)C[C@@H]1CCNC1=O,6.3,1,ChEMBL
CHEMBL5561636,CC(C)C[C@H](NC(=O)OC[C@@H]1CCC(=O)N1C[C@H]1C[C@@H]2CC[C@H]1C2)C(=O)N[C@H](C=O)C[C@@H]1CCNC1=O,6.3,1,ChEMBL
CHEMBL5592625,Cc1ccc(OCCN)cc1C(=O)N[C@H](C)c1cccc(-c2cccs2)c1,6.3,1,ChEMBL
CHEMBL5593300,O=C[C@H](C[C@@H]1CCNC1=O)NC(=O)[C@@H]1CCCN1C(=O)c1cc2ccccc2[nH]1,6.3,1,ChEMBL
CHEMBL5594740,Cc1ccc(NC2CNC2)cc1C(=O)N[C@H](C)c1cccc(-c2ccc(CN[C@H]3CC[C@@H](OC(=O)[C@@H](NC(=O)[C@@H](N)C(C)C)C(C)C)C3)s2)c1,6.3,1,ChEMBL
CHEMBL5632671,C[C@H](NC(=O)[C@@H](c1cccnc1)N(C(=O)C#CCC#N)c1ccc(-c2ccccc2)cc1)c1ccccc1,6.3,1,ChEMBL
CHEMBL5641641,[O-][S+](c1nnc(-c2ccc(Cl)cc2)o1)C1COC1,6.3,1,ChEMBL
CHEMBL6142386,CC(C)C[C@@H]1NC(=O)[C@H](CC(N)=O)NC(=O)[C@H](Cc2ccc(O)cc2)NC(=O)CSC[C@@H](C(=O)NCC(N)=O)NC(=O)[C@H](Cc2ccc(O)cc2)NC(=O)[C@H](CCC(N)=O)NC(=O)[C@H]([C@@H](C)O)NC(=O)[C@H]([C@@H](C)O)NC(=O)[C@H](Cc2c[nH]c3ccccc23)NC(=O)[C@H](CC(=O)O)NC(=O)[C@H]([C@@H](C)O)NC(=O)[C@H](CCCNC(=N)N)NC(=O)[C@H](CCC(N)=O)NC(=O)[C@H](Cc2ccccc2)NC1=O,6.3,1,ChEMBL
CHEMBL6159764,CC(=O)Nc1cccc(Nc2ccc(C)c(C(=O)NC3(c4cccc5ccccc45)CC3)c2)c1,6.3,1,ChEMBL
CHEMBL6172604,CCC(C(=O)Nc1cc(NC2CCOCC2)ccc1C)n1cc(Br)cc2nc(SCc3ccc(F)cc3)nc1-2,6.3,1,ChEMBL
CHEMBL6168448,CCC(C(=O)Nc1cc(NC2CCOC2)ccc1C)n1cc(Br)cc2nc(SCc3ccc(F)cc3)nc1-2,6.3,1,ChEMBL
CHEMBL6102260,CCn1ccc(-c2cc(-c3cnn(C)c3)cc([C@@H](C)NC(=O)c3ccccc3CNC(=O)CNC(=O)/C=C/C(=O)N3CC(F)(F)C3)c2)n1,6.3,1,ChEMBL
DAN-MCD-b3a5626f-1,O=C(NCc1ccccc1)[C@@H]1CN(C(=O)CCl)CCN1S(=O)(=O)c1ccsc1,6.3,1,Moonshot
LON-WEI-9739a092-1,COc1cc(Cl)nc(Nc2cc(Cl)cc(CC(=O)Nc3cncc4ccccc34)c2)n1,6.3,1,Moonshot
LON-WEI-ff7b210a-4,CS(=O)(=O)c1ncc(Cl)c(C(=O)Nc2ccccc2Cc2ccccc2)n1,6.3,1,Moonshot
CHEMBL5198567,CC(C)(C)OC(=O)Nc1cccn(C(CC2CC2)C(=O)N[C@@H](C[C@@H]2CCNC2=O)C(=O)C(=O)NCc2ccccc2)c1=O,6.29,1,ChEMBL
CHEMBL5178131,C[C@H](NC(=O)C(c1cccnc1)N(C(=O)c1ccco1)c1ccc(C2CCCCC2)cc1)c1ccccc1,6.29,1,ChEMBL
CHEMBL5180205,CCN(C[C@H]1O[C@@H](n2cnc3c(N)ncnc32)[C@H](O)[C@@H]1O)S(=O)(=O)c1cccc([N+](=O)[O-])c1,6.29,1,ChEMBL
CHEMBL5187401,COc1ccc(S(=O)(=O)NC[C@H]2O[C@@H](n3cnc4c(N)ncnc43)[C@H](O)[C@@H]2O)cc1C#N,6.29,1,ChEMBL
CHEMBL5427578,O=C[C@H](C[C@@H]1CCNC1=O)NC(=O)[C@@H]1C[C@@H](C2CCCCC2)CN1C(=O)OCc1ccccc1,6.29,1,ChEMBL
CHEMBL5564336,O=C1C[C@H](Cn2sc3ccccc3c2=O)CN1,6.29,1,ChEMBL
CHEMBL5560237,N#Cc1ccccc1-c1cc(-c2cc(Cl)cc(OCCc3ccccc3)c2)c(=O)n(-c2cccnc2)c1,6.29,1,ChEMBL
CHEMBL5565309,CC(C)C[C@H](NC(=O)OCC1CCN(C[C@H]2C[C@H]3CC[C@@H]2C3)C1=O)C(=O)N[C@@H](C[C@@H]1CCNC1=O)C(O)S(=O)(=O)[O-].[Na+],6.29,1,ChEMBL
CHEMBL5568225,CC(C)C[C@H](NC(=O)OC[C@H]1CCC(=O)N1CC1CCCCC1)C(=O)N[C@@H](C[C@@H]1CCNC1=O)C(O)S(=O)(=O)[O-].[Na+],6.29,1,ChEMBL
CHEMBL5639732,O=S(=O)(Cc1ncccn1)c1nnc(-c2ccc(Cl)cc2)o1,6.29,1,ChEMBL
CHEMBL6149649,CC(C)C[C@@H]1NC(=O)[C@H](Cc2ccccc2)NC(=O)[C@@H]2CCCN2C(=O)[C@H]([C@@H](C)O)NC(=O)[C@H]([C@@H](C)O)NC(=O)[C@H](C)NC(=O)[C@H](Cc2c[nH]cn2)NC(=O)[C@H](Cc2ccccc2)NC(=O)[C@H]([C@@H](C)O)NC(=O)[C@H](C(C)C)NC(=O)[C@@H](Cc2ccc(O)cc2)NC(=O)CSC[C@@H](C(=O)NCC(N)=O)NC(=O)[C@@H]2CCCN2C(=O)[C@@H]2CCCN2C1=O,6.29,1,ChEMBL
CHEMBL5400081,COc1cccc2[nH]c(C(=O)N3C[C@H]4[C@@H]([C@H]3C(=O)N[C@@H](C[C@@H]3CCNC3=O)C(=O)c3nc5ccccc5s3)C4(C)C)cc12,6.29,1,ChEMBL
EDJ-MED-705e09b8-2,N#CC1(CS(=O)(=O)N2Cc3ccc(Cl)cc3C3(CCN(c4cncc5c4CCCC5)C3=O)C2)CC1,6.29,1,Moonshot
ALP-UNI-8d415491-4,O=C(Nc1cncc2ccncc12)C1CCNc2cc(Cl)c(Cl)cc21,6.28,1,Moonshot
DAR-DIA-6a508060-2,O=C(Oc1cncc2ccccc12)C1CCOc2ccc(Cl)cc21,6.28,1,Moonshot
DAN-MCD-50d01569-1,O=C(Nc1ccc2ccccc2c1)[C@@H]1CN(C(=O)CCl)CCN1S(=O)(=O)c1ccsc1,6.28,1,Moonshot
RAL-THA-a9c31980-4,CC(C)(C)NC(=O)CN1CC(C(=O)Nc2cncc3ccccc23)c2cc(Cl)ccc2C1=O,6.28,2,Moonshot
EDG-MED-b8f93667-4,CN1CC(C)(C(=O)Nc2cncc3cc(S(C)(=O)=O)ccc23)c2cc(Cl)ccc2S1(=O)=O,6.28,1,Moonshot
EDG-MED-ba1ac7b9-11,O=C(CC1(C(=O)Nc2cncc3ccccc23)CCOc2ccc(Cl)cc21)N1CCCCC1c1cn[nH]c1,6.28,1,Moonshot
CHEMBL3187985,CN1CCc2cccc3c2[C@H]1Cc1ccc(O)c(O)c1-3.CN1CCc2cccc3c2[C@H]1Cc1ccc(O)c(O)c1-3.Cl.Cl.O,6.28,1,ChEMBL
CHEMBL5173899,CC(C)C[C@H](NC(=O)[C@@H](NC(=O)OCc1cccc(Cl)c1)[C@@H](C)OC(C)(C)C)C(=O)N[C@H](C=O)C[C@@H]1CCNC1=O,6.28,1,ChEMBL
CHEMBL1397270,Cc1cc2nc3c(=O)[nH]c(=O)nc-3n(C)c2cc1C=O,6.28,1,ChEMBL
CHEMBL5191848,O=C(Cn1sc2cc(C(F)(F)F)ccc2c1=O)Nc1ccccc1,6.28,1,ChEMBL
CHEMBL5199753,CC(C)C[C@H](NC(=O)OCC1CN(C(=O)C2CC3CCC2C3)C1)C(=O)N[C@H](C=O)C[C@H]1CCNC1=O,6.28,1,ChEMBL
CHEMBL5287918,O=C(CCl)N1N=C(c2ccccc2)C[C@@H]1c1cccc2nccnc12,6.28,1,ChEMBL
CHEMBL5286696,O=C[C@H](C[C@@H]1CCNC1=O)NC(=O)[C@@H]1[C@H]2CCC[C@H]2CN1C(=O)/C=C/c1ccccc1,6.28,1,ChEMBL
CHEMBL5409259,N#CSCC(=O)N1c2ccccc2Sc2ccc(Cl)cc21,6.28,1,ChEMBL
CHEMBL5397586,NC(=O)c1ccc2c(c1)C(=O)C(=O)N2Cc1cn(Cc2ccc(C(F)(F)F)cc2F)nn1,6.28,1,ChEMBL
CHEMBL5418023,O=c1c2ccccc2[se]n1-c1ccc(NS(=O)(=O)C2CC2)cc1,6.28,1,ChEMBL
CHEMBL5441416,CC(C)[C@@H](Nc1ncnc2[nH]c(-c3cnn(C)c3C#N)cc12)c1ccc2c(c1)OCCO2,6.28,1,ChEMBL
CHEMBL5558498,O=C(NCCC1CC1)C1CN(c2ccc(Cl)c(Cl)c2)CCN1C(=O)c1cc(=O)[nH]c2ccccc12,6.28,1,ChEMBL
CHEMBL5589867,C[C@H](c1cccc2ccccc12)N(C)Cc1c[nH]c2ccc(F)cc12,6.28,1,ChEMBL
CHEMBL5575776,Cc1ccc(OCCN)cc1C(=O)N[C@H](C)c1cccc(-c2ccsc2)c1,6.28,1,ChEMBL
CHEMBL5630058,[2H]C([2H])([2H])C(=O)N[C@H](C(=O)N1[C@@H]2CC[C@@H](C2)[C@H]1C(=O)N[C@@H](C[C@@H]1CCNC1=O)C(=O)c1nc2ccccc2s1)C(C)(C)C,6.28,1,ChEMBL
CHEMBL6167937,CCC(C(=O)Nc1cc(NC2CCOCC2)ccc1C)n1cc(Cl)cc2nc(SCc3ccc(F)cc3)nc1-2,6.28,1,ChEMBL
CHEMBL6168072,C[C@@H](NC(=O)c1ccccc1CCC(=O)NNC(=O)/C=C/C(=O)OCc1ccccc1)c1cccc2ccccc12,6.28,1,ChEMBL
ALP-UNI-8d415491-5,CS(=O)(=O)c1ccc2cncc(NC(=O)C3CCNc4cc(Cl)c(Cl)cc43)c2c1,6.28,1,Moonshot
CHEMBL5441421,Cc1ncc(-c2cc3c(N[C@@H](c4ccc5c(c4)OCCO5)C(C)C)ncnc3[nH]2)cn1,6.28,1,ChEMBL
CHEMBL3797437,Oc1cc2c(cc1C(c1ccc(C(F)(F)F)cc1)N1CCOCC1)OCO2,6.27,1,ChEMBL
CHEMBL5193596,CC(C)C[C@H](NC(=O)OCc1ccccc1)C(=O)NN(CCC(N)=O)C(=O)CBr,6.27,1,ChEMBL
CHEMBL5198161,O=c1c2ccc(F)cc2sn1CCCc1ccccc1,6.27,1,ChEMBL
CHEMBL5413101,O=c1[nH]c(C2CCCC2)nc2cc(O)c(O)c(O)c12,6.27,1,ChEMBL
CHEMBL5561579,CN(C(=O)[C@H](Cc1ccccc1)NC(=O)[C@@H](NC(=O)c1ccc(-c2cccs2)s1)C(C)(C)C)N(C#N)Cc1ccc(Cl)cc1,6.27,1,ChEMBL
CHEMBL5563189,CC(C)C[C@H](NC(=O)OC[C@@H]1CCC(=O)N1CC1CCC(F)(F)CC1)C(=O)N[C@@H](C[C@@H]1CCNC1=O)C(O)S(=O)(=O)[O-].[Na+],6.27,1,ChEMBL
CHEMBL5562924,O=C(NCCC(F)(F)F)[C@H]1CN(c2ccc(Cl)c(Cl)c2)CCN1C(=O)c1cc(=O)[nH]c2ccccc12,6.27,1,ChEMBL
CHEMBL6145560,COC(=O)C1CCCN1C(=S)SSc1ccccc1,6.27,1,ChEMBL
RUB-POS-1325a9ea-4,Cc1ccc2cncc(NC(=O)Cc3cccc(Cl)c3)c2c1,6.27,1,Moonshot
DAN-MCD-8aee1169-1,O=C(NCc1ccccn1)[C@@H]1CN(C(=O)CCl)CCN1S(=O)(=O)c1ccsc1,6.27,1,Moonshot
MED-COV-4280ac29-30,COc1ccc(C2CC(c3ccccc3)=NN2C(=O)CCl)cc1OC,6.27,1,Moonshot
EDJ-MED-d08626de-5,COC1(C(=O)Nc2cncc3ccccc23)CCOc2cc(Cl)c(Cl)cc21,6.26,2,Moonshot
CHEMBL5178465,COc1ccc2cc([C@H](C)C(=O)Sc3ncccn3)ccc2c1,6.26,1,ChEMBL
CHEMBL5172144,CCC[C@H](NC(=O)/C=C/c1ccccc1)C(=O)N[C@@H](CC(C)C)C(=O)N[C@H](C=O)C[C@@H]1CCCNC1=O,6.26,1,ChEMBL
CHEMBL5411271,CC(=O)N[C@H](C(=O)N1C[C@@H]2CCC[C@@H]2[C@H]1C(=O)N[C@H](C#N)C[C@@H]1CCNC1=O)C1CCCCC1,6.26,1,ChEMBL
CHEMBL5426830,NS(=O)(=O)c1ccc(C(=O)N2CCC(n3[se]c4ccccc4c3=O)CC2)cc1,6.26,1,ChEMBL
CHEMBL5416294,O=c1[nH]c(-c2ccccc2Br)nc2cc(O)c(O)c(O)c12,6.26,1,ChEMBL
CHEMBL5561397,CC(C)C[C@H](NC(=O)OCC1CCN(C[C@H]2C[C@H]3C=C[C@@H]2C3)C1=O)C(=O)N[C@@H](C[C@@H]1CCNC1=O)C(O)S(=O)(=O)[O-].[Na+],6.26,1,ChEMBL
CHEMBL5564471,CC(C)C[C@H](NC(=O)OCC1CC(=O)N(Cc2ccco2)C1)C(=O)N[C@H](C=O)C[C@@H]1CCNC1=O,6.26,1,ChEMBL
CHEMBL5556687,CC(C)C[C@H](NC(=O)OC[C@@H]1CCC(=O)N1CCc1ccccc1)C(=O)N[C@@H](C[C@@H]1CCNC1=O)C(O)S(=O)(=O)[O-].[Na+],6.26,1,ChEMBL
CHEMBL5563641,CC(C)C[C@H](NC(=O)OC[C@@H]1CCC(=O)N1CC1CCC(F)(F)CC1)C(=O)N[C@H](C=O)C[C@@H]1CCNC1=O,6.26,1,ChEMBL
CHEMBL5592166,Cc1ccc(NC2CNC2)cc1C(=O)N[C@H](C)c1cccc(-c2ccc(CNC(=O)[C@@H]3CCCN3)s2)c1,6.26,1,ChEMBL
CHEMBL5613263,CSc1nc2cc(Cl)ccc2n1C(=O)c1ccc(C)cc1,6.26,1,ChEMBL
CHEMBL6011375,CC(C)C[C@@H](C(=O)N1C[C@]2(C[C@H]1C(N)=O)C(=O)Nc1ccccc12)N1CC[C@H](NC(=O)OC(C)(C)C)C1=O,6.26,1,ChEMBL
CHEMBL5989600,CC(C)C[C@@H](C(=O)N1C[C@]2(C[C@H]1C#N)C(=O)Nc1ccccc12)N1CC[C@H](NC(=O)C(F)(F)F)C1=O,6.26,1,ChEMBL
CHEMBL5932448,CC(C)(C)[C@H](NC(=O)OCc1ccccc1)C(=O)N1CCC[C@H]1C(=O)N1C[C@]2(C[C@H]1C(N)=O)C(=O)Nc1ccccc12,6.26,1,ChEMBL
CHEMBL5802741,CC(=O)N[C@H](C(=O)N[C@@H](CC(C)(C)C)C(=O)N1C[C@]2(C[C@H]1C#N)C(=O)Nc1ccccc12)C(C)C,6.26,1,ChEMBL
CHEMBL5823056,CC(=O)N[C@@H](C(=O)N[C@@H](CC(C)(C)C)C(=O)N1C[C@]2(C[C@H]1C#N)C(=O)Nc1ccccc12)C(C)C,6.26,1,ChEMBL
CHEMBL5884535,CC(C)[C@@H](NC(=O)C(F)(F)F)C(=O)N[C@@H](CC(C)(C)C)C(=O)N1C[C@]2(C[C@H]1C#N)C(=O)Nc1ccccc12,6.26,1,ChEMBL
CHEMBL5867534,CN(C)[C@@H](CC1CC1)C(=O)N(C)[C@@H](CC(C)(C)C)C(=O)N1C[C@]2(C[C@H]1C#N)C(=O)Nc1ccccc12,6.26,1,ChEMBL
CHEMBL5754999,CC(C)C[C@H](NC(=O)OCc1ccccc1)C(=O)N1C[C@]2(C[C@H]1C#N)C(=O)Nc1ccccc12,6.26,1,ChEMBL
CHEMBL5809218,CC(C)C[C@H](NC(=O)OC(C)(C)c1cccc(Cl)c1)C(=O)N1C[C@]2(C[C@H]1C#N)C(=O)Nc1ccccc12,6.26,1,ChEMBL
CHEMBL5775610,CC(C)(C)OC[C@H](NC(=O)OCc1ccccc1)C(=O)N1C[C@]2(C[C@H]1C#N)C(=O)Nc1ccccc12,6.26,1,ChEMBL
CHEMBL5981289,COc1cccc2[nH]c(C(=O)N[C@H](CC3CCCCC3)C(=O)N3C[C@]4(C[C@H]3C#N)C(=O)Nc3ccccc34)cc12,6.26,1,ChEMBL
CHEMBL5773017,COc1cccc2[nH]c(C(=O)N[C@H](C(=O)N3C[C@]4(C[C@H]3C#N)C(=O)Nc3ccccc34)C(C)OC(C)(C)C)cc12,6.26,1,ChEMBL
CHEMBL5834308,CC(C)C[C@@H](C(=O)N1C[C@]2(C[C@H]1C=O)C(=O)Nc1ccccc12)N(C)C(=O)OCc1ccccc1,6.26,1,ChEMBL
CHEMBL5891015,COc1cc(C#N)cc2[nH]c(C(=O)N[C@@H](CC(C)C)C(=O)N3C[C@]4(C[C@H]3C#N)C(=O)Nc3ccccc34)cc12,6.26,1,ChEMBL
CHEMBL5739828,COc1cccc2[nH]c(C(=O)N[C@@H](CC(C)C)C(=O)N3C[C@]4(C[C@H]3C(=O)C(=O)NC3CC3)C(=O)Nc3ccccc34)cc12,6.26,1,ChEMBL
CHEMBL5865280,CC(C)C[C@@H](C(=O)N1C[C@]2(C[C@H]1C(=O)C(=O)NC1CC1)C(=O)Nc1ccccc12)N(C)C(=O)c1cc2c(F)cccc2[nH]1,6.26,1,ChEMBL
CHEMBL6058638,COc1cccc2[nH]c(C(=O)N[C@@H](CC(C)C)C(=O)N3C[C@]4(C[C@H]3C(=O)O)C(=O)Nc3ccccc34)cc12,6.26,1,ChEMBL
CHEMBL5840470,CC(C)C[C@@H](C(=O)N1C[C@]2(C[C@H]1C#N)C(=O)Nc1ccccc12)N(C)C(=O)c1sc2cc(F)ccc2c1Cl,6.26,1,ChEMBL
CHEMBL5934391,CC(C)C[C@@H](C(=O)N1C[C@]2(C[C@H]1C#N)C(=O)Nc1ccccc12)N(C)C(=O)c1[nH]c2ccccc2c1-c1ccccc1,6.26,1,ChEMBL
CHEMBL5926508,CC(C)C[C@@H](C(=O)N1C[C@]2(C[C@H]1C#N)C(=O)Nc1ccccc12)N(C)C(=O)c1[nH]c2ccc(F)cc2c1Cl,6.26,1,ChEMBL
CHEMBL5817356,COc1cccc2[nH]c(C(=O)N[C@@H](CC(C)C)C(=O)N3C[C@]4(C[C@H]3C#N)C(=O)N(C)c3ccccc34)cc12,6.26,1,ChEMBL
CHEMBL5794463,N#C[C@H](C[C@@H]1CCNC1=O)NC(=O)[C@@H]1[C@H]2CCC[C@H]2CN1C(=O)c1cc2c(OC(F)F)cccc2[nH]1,6.26,1,ChEMBL
CHEMBL5890503,CC1(C)[C@H]2[C@@H](C(=O)N[C@H](C#N)C[C@@H]3CCNC3=O)N(C(=O)c3cc4c(OC(F)F)cccc4[nH]3)C[C@H]21,6.26,1,ChEMBL
CHEMBL5809062,N#C[C@H](C[C@@H]1CCNC1=O)NC(=O)[C@@H]1[C@H]2CCC[C@H]2CN1C(=O)c1cc2c(F)cc(F)cc2[nH]1,6.26,1,ChEMBL
CHEMBL6057022,N#C[C@H](C[C@@H]1CCNC1=O)NC(=O)[C@@H]1[C@H]2CCC[C@H]2CN1C(=O)c1cc2c(Cl)cccc2[nH]1,6.26,1,ChEMBL
CHEMBL5916230,CC1(C)[C@@H]2[C@@H](C(=O)N[C@H](C#N)C[C@@H]3CCNC3=O)N(C(=O)c3cc4cc(F)cc(F)c4[nH]3)C[C@@H]21,6.26,1,ChEMBL
CHEMBL5952591,CC1(C)[C@@H]2[C@@H](C(=O)N[C@H](C#N)C[C@@H]3CCNC3=O)N(C(=O)c3cc4cc(F)c(F)cc4[nH]3)C[C@@H]21,6.26,1,ChEMBL
CHEMBL6032260,CC1(C)[C@@H]2[C@@H](C(=O)N[C@H](C#N)C[C@@H]3CCNC3=O)N(C(=O)c3cc4c(F)cc(F)cc4[nH]3)C[C@@H]21,6.26,1,ChEMBL
CHEMBL5774839,CC1(C)[C@@H]2[C@@H](C(=O)N[C@H](C#N)C[C@@H]3CCNC3=O)N(C(=O)c3cc4c(F)ccc(F)c4[nH]3)C[C@@H]21,6.26,1,ChEMBL
CHEMBL5792621,CC1(C)[C@@H]2[C@@H](C(=O)N[C@H](C#N)C[C@@H]3CCNC3=O)N(C(=O)c3cc4c(Cl)cccc4[nH]3)C[C@@H]21,6.26,1,ChEMBL
CHEMBL5822626,CC(C)CC(NC(=O)OCc1ccccc1)C(=O)N1C[C@]2(C[C@H]1C#N)C(=O)Nc1ccccc12,6.26,1,ChEMBL
CHEMBL5827866,COc1cc(C#N)cc2[nH]c(C(=O)N[C@@H](CC(C)C)C(=O)N3C[C@]4(C[C@H]3C=O)C(=O)Nc3ccccc34)cc12,6.26,1,ChEMBL
CHEMBL6045869,COc1cccc2[nH]c(C(=O)N[C@@H](CC(C)C)C(=O)N3C[C@]4(CC3C(=O)C(=O)NC3CC3)C(=O)Nc3ccccc34)cc12,6.26,1,ChEMBL
CHEMBL6065555,CC(C)C[C@@H](C(=O)N1C[C@]2(CC1C(=O)C(=O)NC1CC1)C(=O)Nc1ccccc12)N(C)C(=O)c1cc2c(F)cccc2[nH]1,6.26,1,ChEMBL
CHEMBL5774755,COc1cccc2[nH]c(C(=O)N(C)[C@@H](CC(C)C)C(=O)N3C[C@]4(CC3C(=O)O)C(=O)Nc3ccccc34)cc12,6.26,1,ChEMBL
CHEMBL5943315,CC(C)C[C@@H](C(=O)N1C[C@]2(CC1C#N)C(=O)Nc1ccccc12)N(C)C(=O)OCc1sc2cc(F)ccc2c1Cl,6.26,1,ChEMBL
CHEMBL5819121,CC(C)C[C@@H](C(=O)N1C[C@]2(CC1C#N)C(=O)Nc1ccccc12)N(C)C(=O)c1[nH]c2ccccc2c1-c1ccccc1,6.26,1,ChEMBL
CHEMBL5762735,CC(C)C[C@@H](C(=O)N1C[C@]2(CC1C#N)C(=O)Nc1ccccc12)N(C)C(=O)c1[nH]c2ccc(F)cc2c1Cl,6.26,1,ChEMBL
CHEMBL5958100,COc1cccc2[nH]c(C(=O)N(C)[C@@H](CC(C)(C)F)C(=O)N3C[C@]4(C[C@H]3C#N)C(=O)Nc3ccccc34)cc12,6.26,1,ChEMBL
PEI-IMP-668afc53-1,COc1ccc(-c2ccccc2S(=O)(=O)N2CCN(C(=O)CCl)CC2)cc1,6.26,1,Moonshot
EDJ-MED-e69ed63d-3,O=C(CN1CC(C(=O)Nc2cncc3cc(F)ccc23)c2cc(Cl)ccc2C1=O)NC1CC1,6.26,1,Moonshot
ALP-POS-02c6a514-50,CC(C)(C)c1ccc(N(C(=O)c2cocn2)C(C(=O)NCCc2cccc(F)c2)c2cccnc2)cc1,6.25,1,Moonshot
EDJ-MED-12c115cc-1,O=C(Nc1cncc2ccccc12)[C@@H]1COc2ccc(Cl)cc21,6.25,1,Moonshot
CHEMBL3407552,O=C1c2ccccc2C(=O)c2oc(-c3ccccc3)nc21,6.25,1,ChEMBL
CHEMBL5197105,CC(C)C[C@H](NC(=O)[C@@H](NC(=O)c1ccccn1)C(C)C)C(=O)N[C@H](C=O)C[C@@H]1CCCNC1=O,6.25,1,ChEMBL
CHEMBL5169554,C[C@H](NC(=O)C(c1cccnc1)N(C(=O)c1ccco1)c1ccc(-c2cccs2)cc1)c1ccccc1,6.25,1,ChEMBL
CHEMBL5425267,CC(C)(C)O[C@@H]1C[C@@H](C(=O)N[C@H](C=O)C[C@@H]2CCNC2=O)N(C(=O)OCc2ccccc2)C1,6.25,1,ChEMBL
CHEMBL5542416,COc1ccc(/C=C(\C#N)C(=O)N(c2ccc(-c3ccccc3)cc2)[C@@H](C(=O)N[C@@H](C)c2ccccc2)c2cccnc2)cc1,6.25,1,ChEMBL
CHEMBL5556115,CN(C(=O)[C@H](Cc1ccccc1)NC(=O)C1(NC(=O)c2cccs2)CC1)N(C#N)Cc1ccc(Cl)cc1,6.25,1,ChEMBL
CHEMBL5560870,CC(C)C[C@H](NC(=O)OCC1CC(=O)N(Cc2ccco2)C1)C(=O)N[C@@H](C[C@@H]1CCNC1=O)C(O)S(=O)(=O)[O-].[Na+],6.25,1,ChEMBL
CHEMBL5593811,Cc1ccc(NC2CNC2)cc1C(=O)N[C@H](C)c1cccc(-c2ccc(CN[C@H]3CC[C@@H](OC(=O)[C@@H](N)C(C)C)C3)s2)c1,6.25,1,ChEMBL
ALP-POS-ecbed2ba-18,CCN(C)S(=O)(=O)N1Cc2ccc(Cl)cc2C2(CCN(c3cncc4ccccc34)C2=O)C1,6.25,1,Moonshot
BEN-BAS-c2bc0d80-7,CN1C(=O)N(c2cncc3ccccc23)C(=O)C12CCOc1ccc(Cl)cc12,6.25,1,Moonshot
MAT-POS-97ec4bd1-3,CNC(=O)CN1Cc2ccc(Cl)cc2C(C(=O)Nc2cncc3ccc(C(C)(C)O)cc23)C1,6.25,1,Moonshot
RAL-THA-4aa06b95-7,COCCN1CCC(C(=O)Nc2cncc3ccccc23)c2cc(Cl)ccc21,6.25,1,Moonshot
CHEMBL5184650,COc1cc(O)ccc1CN(C)[C@H](C)c1cccc2ccccc12,6.25,1,ChEMBL
RAL-THA-2d450e86-16,O=C(Cc1cc(F)cc(F)c1)Nc1cncc2ccccc12,6.24,1,Moonshot
MAT-POS-14f31916-3,CNC(=O)c1cc2c(NC(=O)C3CCOc4ccc(Cl)cc43)cncc2s1,6.24,1,Moonshot
MAT-POS-e6dd326d-6,COC(=O)NCC1(C(=O)Nc2cncc3ccccc23)CCOc2ccc(Cl)cc21,6.24,1,Moonshot
CHEMBL596674,CC(C)N(CCC(=O)c1ccc2ccccc2c1)Cc1ccccc1,6.24,1,ChEMBL
CHEMBL2107818,COc1cccc2c1C(=O)c1c(O)c3c(c(O)c1C2=O)C[C@@](O)(/C(CO)=N/NC(=O)CCCCCN1C(=O)C=CC1=O)C[C@@H]3O[C@H]1C[C@H](N)[C@H](O)[C@H](C)O1,6.24,1,ChEMBL
CHEMBL5180567,C[C@H](c1cccc2ccccc12)N1CCC(C(=O)NCc2cccc(NC(=O)N3CCN(C)CC3)c2)CC1,6.24,1,ChEMBL
CHEMBL5408402,C/N=c1\nc(-c2ccc(OC)cc2)n(-c2cc(F)c(F)c(F)c2)s1,6.24,1,ChEMBL
CHEMBL5394180,CNc1ncnc2c1ncn2[C@@H]1O[C@H](CNS(=O)(=O)c2ccc(OC)c([N+](=O)[O-])c2)[C@@H](O)[C@H]1O,6.24,1,ChEMBL
CHEMBL5559350,CC(C)C[C@H](NC(=O)OC[C@@H]1CCC(=O)N1CCC1CCCCC1)C(=O)N[C@@H](C[C@@H]1CCNC1=O)C(O)S(=O)(=O)[O-].[Na+],6.24,1,ChEMBL
CHEMBL5565854,CCCCNC(=O)C1CN(c2ccc(Cl)c(Cl)c2)CCN1C(=O)c1cc(=O)[nH]c2ccccc12,6.24,1,ChEMBL
CHEMBL5573437,C[C@H](c1cccc2ccccc12)N(C)Cc1ccc(O)cc1O,6.24,1,ChEMBL
CHEMBL5595950,Cc1ccc(OCCN)cc1C(=O)N[C@H](C)c1cccc(-c2ccc(CN3CCCC3)s2)c1,6.24,1,ChEMBL
CHEMBL5632811,CC(C)Cn1c(C(=O)NCCCNC(=O)n2ccc(=O)[nH]c2=O)cc2cc(F)ccc21,6.24,1,ChEMBL
CHEMBL5646842,[O-][S+](c1ccccc1)c1nnc(-c2ccc(Cl)cc2)o1,6.24,1,ChEMBL
CHEMBL6152805,Nc1ncnc2c1ncn2[C@@H]1O[C@H](CSCc2cc(C(=O)O)cc(-c3ccccc3)c2)[C@@H](O)[C@H]1O,6.24,1,ChEMBL
ALP-POS-ce760d3f-1,O=C(Nc1cncc2ccccc12)C1CCOc2c(O)cc(Cl)cc21,6.24,1,Moonshot
CHEMBL517080,CC1=C(CO)C(=O)O[C@@H]([C@@H](C)[C@H]2CC[C@H]3[C@@H]4C[C@H]5O[C@]56[C@@H](O)C=CC(=O)[C@]6(C)[C@H]4CC[C@]23C)C1,6.24,1,ChEMBL
CHEMBL5083635,Cc1ccc(NC2CNC2)cc1C(=O)N[C@H](C)c1cccc(-c2ccc(CN3CCCC3)s2)c1,6.24,1,ChEMBL
CHEMBL5071508,Cc1ccc(NC2CNC2)cc1C(=O)N[C@H](C)c1cccc(-c2cccs2)c1,6.23,1,ChEMBL
CHEMBL227075,Cc1cccc2c3c(ccc12)C1=C(C(=O)C3=O)[C@@H](C)CO1,6.23,1,ChEMBL
CHEMBL5189874,CC(C)C[C@H](NC(=O)[C@@H](NC(=O)/C=C/c1ccc(N(C)C)cc1)C(C)C)C(=O)N[C@H](C=O)C[C@@H]1CCCNC1=O,6.23,1,ChEMBL
CHEMBL5441627,CC(C)[C@@H](Nc1ncnc2[nH]c(C(=O)N[C@H]3[C@@H]4COC[C@@H]43)cc12)c1ccc2c(c1)OCCO2,6.23,1,ChEMBL
CHEMBL5574762,Cc1ccc(OCCN)cc1C(=O)N[C@H](C)c1cccc(-c2ccc(C#N)s2)c1,6.23,1,ChEMBL
CHEMBL5624454,CN(C)S(=O)(=O)N[C@H](C(=O)N1[C@@H]2CC[C@@H](C2)[C@H]1C(=O)N[C@@H](C[C@@H]1CCNC1=O)C(=O)c1nc2ccccc2s1)C(C)(C)C,6.23,1,ChEMBL
DAN-MCD-c163c0bb-1,O=C(Nc1ccc(F)cc1)[C@@H]1CN(C(=O)CCl)CCN1S(=O)(=O)c1ccsc1,6.23,1,Moonshot
MIC-UNK-50cce87d-2,O=C(Cc1cccc(Cl)c1)Nc1cncc2cccc(Cl)c12,6.23,2,Moonshot
EDG-MED-10fcb19e-3,CNS(=O)(=O)c1ccc2cncc(NC(=O)C3(OC)CCOc4ccc(Cl)cc43)c2c1,6.23,1,Moonshot
CHEMBL284861,Cn1sc(=O)n(Cc2ccccc2)c1=O,6.22,1,ChEMBL
CHEMBL5196801,CC1(C)[C@H](C(=O)OCc2ccc([N+](=O)[O-])cc2)N2C(=O)C(Br)(Br)[C@H]2S1(=O)=O,6.22,1,ChEMBL
CHEMBL5290841,CC(=O)N[C@H](C(=O)N[C@H](C(=O)N[C@@H](CC(C)C)C(=O)N[C@@H](CCC(=O)N(C)C)C(=O)Cn1[nH]c(=O)c2c([N+](=O)[O-])cccc2c1=O)[C@@H](C)OCc1ccccc1)C(C)C,6.22,1,ChEMBL
CHEMBL373658,CC(=O)N[C@H](C(=O)N[C@H](C(=O)N[C@@H](CC(C)C)C(=O)N[C@@H](C[C@@H]1CCNC1=O)C(=O)Cn1[nH]c(=O)c2c([N+](=O)[O-])cccc2c1=O)C(C)OCc1ccccc1)C(C)C,6.22,1,ChEMBL
CHEMBL5433693,CC1(C)[C@H](C(=O)OCc2ccc([N+](=O)[O-])cc2)C2C(=O)C(Br)(Br)[C@H]2S1(=O)=O,6.22,1,ChEMBL
CHEMBL5556742,CC(c1nc(-c2ccc(-c3ccc(C#N)s3)cc2)no1)c1cccc2ccccc12,6.22,1,ChEMBL
CHEMBL5573357,C[C@H](c1cccc2ccccc12)N(C)Cc1c[nH]c2cc(F)ccc12,6.22,1,ChEMBL
CHEMBL932,OCCN(CCO)c1nc(N2CCCCC2)c2nc(N(CCO)CCO)nc(N3CCCCC3)c2n1,6.22,1,ChEMBL
CHEMBL5591278,Cc1ccc(N)cc1C(=O)N[C@H](C)c1cccc(-c2ccc(CN[C@H]3CC[C@@H](O)C3)s2)c1,6.22,1,ChEMBL
CHEMBL5592606,CC(=O)OC(C)OC(=O)N1CC(Nc2ccc(C)c(C(=O)N[C@H](C)c3cccc(-c4ccc(CNC(=O)C5CCCC5)s4)c3)c2)C1,6.22,1,ChEMBL
CHEMBL5641805,O=S(=O)(Cc1cccnc1)c1nnc(-c2ccc(Cl)cc2)o1,6.22,1,ChEMBL
CHEMBL4793508,Nc1ncnc2c1ncn2[C@@H]1O[C@H](CN(CCO[C@@H]2[C@H](O)[C@@H](CO)O[C@H]2n2cnc3c(N)ncnc32)S(=O)(=O)c2ccc(Cl)c([N+](=O)[O-])c2)[C@@H](O)[C@H]1O,6.22,1,ChEMBL
CHEMBL6162033,C[C@H](c1cccc2ccccc12)N1CCC(C(=O)NCc2ccc(S(N)(=O)=O)cc2)CC1,6.22,1,ChEMBL
CHEMBL6132654,CCC(C(=O)Nc1cc(NC2CCOCC2)ccc1C)n1cccc2nc(SCc3ccc(F)cc3)nc1-2,6.22,1,ChEMBL
MAT-POS-e6dd326d-13,CN(C)C(=O)CNCC1(C(=O)Nc2cncc3ccccc23)CCOc2ccc(Cl)cc21,6.22,1,Moonshot
JAG-UCB-a3ef7265-20,O=C(Nc1nncn1C1CC1)C1CCOc2ccc(Cl)cc21,6.22,1,Moonshot
MAT-POS-c74bc7b3-1,C[C@@]1(C(=O)Nc2cncc3ccccc23)CCNc2cc(Cl)c(Cl)cc21,6.22,1,Moonshot
EDJ-MED-9e38fd34-1,CC1(C(=O)Nc2cncc3ccccc23)C(=O)Nc2ccc(Cl)cc21,6.22,1,Moonshot
ALP-POS-ced8ea4d-12,CC(C)Oc1ccc(N(C(=O)c2cocn2)C(C(=O)NCCc2cccc(F)c2)c2cccnc2)cc1,6.22,1,Moonshot
ALP-POS-ecbed2ba-16,CN(CCC#N)S(=O)(=O)N1Cc2ccc(Cl)cc2C2(CCN(c3cncc4ccccc34)C2=O)C1,6.21,1,Moonshot
EDG-MED-b8f93667-6,CC1(C(=O)Nc2cncc3cc(S(C)(=O)=O)ccc23)CN(CC2CC2)S(=O)(=O)c2ccc(Cl)cc21,6.21,1,Moonshot
EDG-MED-ba1ac7b9-10,O=C(CC1(C(=O)Nc2cncc3ccccc23)CCOc2ccc(Cl)cc21)N1CCCCC1c1cc[nH]n1,6.21,1,Moonshot
CHEMBL5199419,Cc1ccc(NC2CNC2)cc1C(=O)N[C@H](C)c1cccc(-c2ccc(CN[C@H]3CCOC3)s2)c1,6.21,1,ChEMBL
CHEMBL5174607,C[C@H](c1cccc2ccccc12)N(C)Cc1cccc2[nH]ccc12,6.21,1,ChEMBL
CHEMBL5203173,CC(C)(C)NC(=O)N[C@H](C(=O)N1C[C@H]2[C@@H]([C@H]1C(=O)N[C@@H](C[C@@H]1CCNC1=O)C(=O)C(=O)NCC1CC1)C2(C)C)C(C)(C)C,6.21,1,ChEMBL
CHEMBL5184334,Cc1nnc(SC(=O)c2cc3ccccc3[nH]2)s1,6.21,1,ChEMBL
CHEMBL15192,CC1(C)CCC2=C(O1)c1ccccc1C(=O)C2=O,6.21,1,ChEMBL
CHEMBL5441620,CC(C)[C@@H](Nc1ncnc2[nH]c(-c3cnn(C)c3)cc12)c1ccc2c(c1)OCCO2,6.21,1,ChEMBL
CHEMBL5483082,CC(C)[C@@H](Nc1ncnc2[nH]ccc12)c1ccc2c(c1)[S+]([O-])CCO2,6.21,1,ChEMBL
CHEMBL5594403,Cc1ccc(NC2CNC2)cc1C(=O)N[C@H](C)c1cccc(-c2ccc(CN[C@H]3CC[C@@H](C(=O)OC[C@H]4O[C@@H](n5ccc(NO)nc5=O)[C@H](O)[C@@H]4O)C3)s2)c1,6.21,1,ChEMBL
CHEMBL5093994,COc1ccc(Cn2[se]c3ccccc3c2=O)c(OC)c1,6.21,1,ChEMBL
CHEMBL5639629,C[S+]([O-])c1nnc(-c2ccc(Cl)cc2)o1,6.21,1,ChEMBL
CHEMBL6142616,CC(C)C[C@@H]1NC(=O)[C@H](Cc2ccccc2)NC(=O)[C@@H]2CCCN2C(=O)[C@H]([C@@H](C)O)NC(=O)[C@H]([C@@H](C)O)NC(=O)[C@H]([C@@H](C)O)NC(=O)[C@H](Cc2c[nH]cn2)NC(=O)[C@H](Cc2ccccc2)NC(=O)[C@H]([C@@H](C)O)NC(=O)[C@H](C(C)C)NC(=O)[C@@H](Cc2ccc(O)cc2)NC(=O)CSC[C@@H](C(=O)NCC(N)=O)NC(=O)[C@@H]2CCCN2C(=O)[C@H](C)NC1=O,6.21,1,ChEMBL
EDG-MED-ba1ac7b9-21,O=C(CC1(C(=O)Nc2cncc3ccccc23)CCOc2ccc(Cl)cc21)N1CCCC1Cn1ccnc1,6.21,1,Moonshot
DAN-MCD-9b81d1fa-1,O=C(NCc1ccccc1)[C@H]1CN(C(=O)CCl)CCN1S(=O)(=O)c1ccsc1,6.21,1,Moonshot
EDJ-MED-611d11e7-12,O=C(Nc1cncc2ccncc12)[C@@H]1CCOc2cc(F)c(Cl)cc21,6.21,2,Moonshot
CHEMBL164,O=c1c(O)c(-c2cc(O)c(O)c(O)c2)oc2cc(O)cc(O)c12,6.2,1,ChEMBL
CHEMBL2391913,C=CCn1sc2ccccc2c1=O,6.2,1,ChEMBL
CHEMBL5562719,CC(C)C[C@H](NC(=O)[C@H](Cc1ccc(F)cc1)NC(=O)OCc1ccccc1)C(=O)NC(C=O)Cc1cccc(F)c1,6.2,1,ChEMBL
CHEMBL5532275,CC(C)C[C@H](NC(=O)[C@H](Cc1ccc(F)cc1)NC(=O)OCc1ccccc1)C(=O)NC(C=O)CCF,6.2,1,ChEMBL
CHEMBL5572033,C[C@H](c1cccc2ccccc12)N(C)Cc1ccc2cn[nH]c2c1,6.2,1,ChEMBL
CHEMBL5574064,Cc1ccc(OCCN)cc1C(=O)N[C@H](C)c1cccc(-c2ccoc2)c1,6.2,1,ChEMBL
CHEMBL5592905,Cc1ncsc1-c1ccc(CNC(=O)[C@@H]2C[C@@H](O)CN2C(=O)[C@@H](NC(=O)COCCCCCn2cc(COc3ccc(COC(=O)N[C@@H](CC(C)C)C(=O)N[C@H](C=O)C[C@@H]4CCNC4=O)cc3)nn2)C(C)(C)C)cc1,6.2,1,ChEMBL
CHEMBL6147816,O=C(/C=C/c1c(Cl)c(O)c(O)c(O)c1Cl)c1ccc(Cl)cc1,6.2,1,ChEMBL
CHEMBL6102452,CN(C)CCOc1c(Cl)cc([C@H](NC(=O)C(F)(F)F)C(=O)N2C[C@H]3[C@@H]([C@H]2C(=O)N[C@H](C#N)C[C@@H]2CCNC2=O)C3(C)C)cc1Cl,6.2,1,ChEMBL
MAT-POS-c88128cb-5,CC1(C(=O)Nc2cncc3ccccc23)CN(CC2CC2)S(=O)(=O)c2ccc(Cl)cc21,6.2,2,Moonshot
DAN-MCD-9cdc9f7f-1,O=C(NC(c1ccccc1)c1ccccc1)[C@@H]1CN(C(=O)CCl)CCN1S(=O)(=O)c1ccsc1,6.2,1,Moonshot
BEN-DND-93268d01-8,CC(=O)N1CCN(CC(=O)Nc2cnccc2C)CC1,6.2,2,Moonshot
CHEMBL5442086,CCn1cc(-c2cc3c(N[C@@H](c4ccc5c(c4)OCCO5)C(C)C)ncnc3[nH]2)cn1,6.2,1,ChEMBL
ALP-POS-e6e0c683-3,CS(=O)(=O)N1Cc2ccc(Cl)cc2C(C(=O)Nc2cncc3c2CCCC3)C1,6.19,1,Moonshot
CHEMBL5185454,Cc1ccc(NC2CNC2)cc1C(=O)N[C@H](C)c1cccc(-c2ccc(CN3CC[C@@H](O)C3)s2)c1,6.19,1,ChEMBL
CHEMBL5175433,Cc1ccc(NC2CNC2)cc1C(=O)N[C@H](C)c1cccc(-c2ccc(CNC3CCNC3=O)s2)c1,6.19,1,ChEMBL
CHEMBL5193629,C[C@@H](OC(C)(C)C)[C@H](NC(=O)OCc1cccc(Cl)c1)C(=O)N[C@@H](CC1CCCCC1)C(=O)N[C@H](C=O)C[C@@H]1CCNC1=O,6.19,1,ChEMBL
CHEMBL5179883,CC(C)C[C@H](NC(=O)[C@@H](NC(=O)c1cccnc1)C(C)C)C(=O)N[C@H](C=O)C[C@@H]1CCCNC1=O,6.19,1,ChEMBL
CHEMBL5180071,CC(C)C[C@H](NC(=O)OC1CC2(C1)CN(C(=O)C(C)C)C2)C(=O)N[C@@H](C[C@H]1CCNC1=O)C(=O)C(O)S(=O)(=O)[O-].[Na+],6.19,1,ChEMBL
CHEMBL5289335,CC(C)C[C@H](NC(=O)OC1CCCCC1)C(=O)N[C@@H](C[C@@H]1CCNC1=O)C(O)S(=O)(=O)O,6.19,1,ChEMBL
CHEMBL4783878,O=c1c2ccccc2[se]n1CCO,6.19,1,ChEMBL
CHEMBL5441513,CC(C)[C@@H](Nc1ncnc2[nH]c(C(=O)Nc3cn(C)nc3O)cc12)c1ccc2c(c1)OCCO2,6.19,1,ChEMBL
CHEMBL5562223,CC(C)C[C@H](NC(=O)OCC1CC(=O)N(Cc2ccccc2)C1)C(=O)N[C@@H](C[C@@H]1CCNC1=O)C(O)S(=O)(=O)[O-].[Na+],6.19,1,ChEMBL
CHEMBL5583811,Cc1ccc(NC2CNC2)cc1C(=O)N[C@H](C)c1cccc(-c2cc(C)c(CNC3CCCC3)s2)c1,6.19,1,ChEMBL
CHEMBL5071765,O=c1c2ccccc2[se]n1-c1cc(Cl)cc(Cl)c1,6.19,1,ChEMBL
LON-WEI-4d77710c-73,Cc1cc(C)c(C#N)c(Sc2ncnc3c2nnn3Cc2ccccc2)n1,6.19,2,Moonshot
MAT-POS-fc9ede84-1,CN(C)C(=O)COCC1(C(=O)Nc2cncc3ccccc23)CCOc2ccc(Cl)cc21,6.19,1,Moonshot
ALP-POS-d0876c20-1,Cc1ccncc1C(C(=O)NCCc1cccc(F)c1)N(C(=O)c1cocn1)c1ccc(C(C)(C)C)cc1,6.19,1,Moonshot
CHEMBL5442032,Cc1ncc(CNC(=O)c2cc3c(N[C@@H](c4ccc5c(c4)OCCO5)C(C)C)ncnc3[nH]2)o1,6.18,1,ChEMBL
CHEMBL5207076,C[C@H](c1cccc2ccccc12)N(C)Cc1ccc2[nH]ncc2c1,6.18,1,ChEMBL
CHEMBL5186431,C[C@H](NC(=O)C(c1cccnc1)N(C(=O)c1ccco1)c1ccc(-c2ccccc2)cc1)c1ccccc1,6.18,1,ChEMBL
CHEMBL297304,O=c1[nH]sc2ccccc12,6.18,1,ChEMBL
CHEMBL5441528,C[C@@H](C(=O)O)[C@@H](NC(=O)c1ncnc2[nH]ccc12)c1ccc(Br)cc1,6.18,1,ChEMBL
CHEMBL5613705,COc1cc(C(=O)n2c(SC)nc3ccccc32)ccc1C,6.18,1,ChEMBL
CHEMBL6189443,O=C(N/N=C/c1ccc(F)nc1)c1ccc(CSc2cccc3cccnc23)cc1,6.18,1,ChEMBL
ALP-POS-477dc5b7-4,O=C1N(c2cncc3ccccc23)CCC12CCOc1ccc(Cl)cc12,6.18,2,Moonshot
ALP-POS-c3a96089-4,CC(=O)Nc1ccc(N(Cc2cccc(Cl)c2)C(=O)Cc2cncc3ccccc23)cn1,6.17,2,Moonshot
CHEMBL3545157,O=c1sn(-c2cccc3ccccc23)c(=O)n1Cc1ccccc1,6.17,1,ChEMBL
CHEMBL388676,O=C1C2CC=CCC2C(=O)N1SC(Cl)(Cl)Cl,6.17,1,ChEMBL
CHEMBL51085,O=c1c2ccccc2[se]n1-c1ccccc1,6.17,1,ChEMBL
CHEMBL5208812,CC(C)(C)OC(=O)Nc1cccn([C@H](CC2CC2)C(=O)N[C@H](C[C@@H]2CCNC2=O)C(=O)C(=O)NCc2ccccc2)c1=O,6.17,1,ChEMBL
CHEMBL5173559,C[C@H](NC(=O)[C@@H](c1cccnc1)N(C(=O)C(Cl)Cl)c1ccc(-c2ccccc2)cc1)c1ccccc1,6.17,1,ChEMBL
CHEMBL5182315,C[C@H](c1cccc2ccccc12)N(C)Cc1c[nH]c2ccccc12,6.17,1,ChEMBL
CHEMBL5173886,C[C@H](c1cccc2ccccc12)N(C)Cc1ccc(O)cc1,6.17,1,ChEMBL
CHEMBL5075209,CC(C)(C)OC(=O)Nc1cccn([C@@H](CC2CC2)C(=O)N[C@@H](C[C@@H]2CCNC2=O)C(=O)C(=O)NCc2ccccc2)c1=O,6.17,1,ChEMBL
CHEMBL5196018,CC(C)(C)OC(=O)Nc1cccn(C(=O)N[C@@H](CC2CC2)C(=O)N[C@@H](C[C@@H]2CCNC2=O)C(=O)C(=O)NCc2ccccc2)c1=O,6.17,1,ChEMBL
CHEMBL5201613,C[C@H](NC(=O)C(c1cnccn1)N(C(=O)c1c[nH]cn1)c1ccc(-c2ccccc2)cc1)c1ccccc1,6.17,1,ChEMBL
CHEMBL5198062,CC(C)C[C@H](NC(=O)OC1CC2(C1)CN(S(C)(=O)=O)C2)C(=O)N[C@H](C=O)C[C@H]1CCNC1=O,6.17,1,ChEMBL
CHEMBL5286417,CC(C)(C)OC(=O)Nc1ccn([C@@H](CC2CC2)C(=O)N[C@@H](C[C@@H]2CCNC2=O)C(=O)C(=O)NCc2ccccc2)c(=O)c1,6.17,1,ChEMBL
CHEMBL5268979,Cc1ccccc1C(=O)N(C)c1ccccc1,6.17,1,ChEMBL
CHEMBL5441766,Cc1c(-c2cc3c(N[C@@H](c4ccc5c(c4)OCCO5)C(C)C)ncnc3[nH]2)cnn1C,6.17,1,ChEMBL
CHEMBL5532218,COc1ccc(NCC(=O)N[C@@H](Cc2ccccc2)C(=O)N(C)N(C#N)Cc2ccc(Cl)cc2)c(Cl)c1,6.17,1,ChEMBL
CHEMBL5089153,O=c1c2ccccc2[se]n1-c1cccc(Cl)c1,6.17,1,ChEMBL
CHEMBL6147127,CN(C(=O)[C@@H](NC(=O)OC(C)(C)C)C1CC1)[C@H](CSCc1ccccc1)C(=O)N1C[C@]2(C[C@H]1C#N)C(=O)Nc1ccccc12,6.17,1,ChEMBL
MAT-POS-8a69d52e-2,C[C@@H]1C[C@H](C(=O)Nc2cncc3ccccc23)c2cc(Cl)ccc2O1,6.17,2,Moonshot
LON-WEI-9739a092-10,COc1ncc(Br)cc1Nc1cc(Cl)cc(CC(=O)Nc2cncc3ccccc23)c1,6.17,1,Moonshot
EDJ-MED-12c4873b-8,O=C1CC(N2CC(C(=O)Nc3cncc4ccccc34)c3cc(Cl)ccc3C2=O)CN1,6.17,2,Moonshot
EDJ-MED-cc48ee33-4,Cc1cnn(C)c1C(=O)N1Cc2ccc(Cl)cc2C2(CCN(c3cncc4ccccc34)C2=O)C1,6.17,1,Moonshot
VLA-UNK-cf7facf1-1,O=C1N[C@@]2(CCOc3ccc(Cl)cc32)C(=O)N1c1cncc2ccccc12,6.16,1,Moonshot
CHEMBL5183676,Cc1ccc(NC2CNC2)cc1C(=O)N[C@H](C)c1cccc(-c2ccc(CN3CC[C@H](O)C3)s2)c1,6.16,1,ChEMBL
CHEMBL5180299,Cc1ccc(NC2CCN(C)CC2)cc1C(=O)N[C@H](C)c1cccc2ccccc12,6.16,1,ChEMBL
CHEMBL5191009,CC1(C)[C@H](C(=O)OCc2ccccc2)N2C(=O)C(Br)(Br)[C@H]2S1(=O)=O,6.16,1,ChEMBL
CHEMBL5417410,CC1(C)[C@H](C(=O)OCc2ccccc2)C2C(=O)C(Br)(Br)[C@H]2S1(=O)=O,6.16,1,ChEMBL
CHEMBL5409249,CC(C)Cn1c(C(C)c2ccccc2)nc2cc(O)c(O)c(O)c2c1=O,6.16,1,ChEMBL
CHEMBL5441407,CC(C)[C@@H](Nc1ncnc2[nH]ccc12)c1ccc2c(c1)NC(=O)CO2,6.16,1,ChEMBL
CHEMBL5441874,Cc1ncc(-c2cc3c(N[C@@H](c4ccc5c(c4)OCCO5)C(C)C)ncnc3[nH]2)n1C,6.16,1,ChEMBL
CHEMBL5568674,Cc1ccc(OCCN)cc1C(=O)N[C@H](C)c1cccc2ccccc12,6.16,1,ChEMBL
CHEMBL5568838,Cc1ccc(OCCN)cc1C(=O)N[C@H](C)c1cccc(-c2ccc(O)cc2)c1,6.16,1,ChEMBL
CHEMBL5593969,CNC(=O)c1ccc([C@H]2CCCCN2Cc2cccc(C(=O)N(C)C)c2)n1C,6.16,1,ChEMBL
CHEMBL5591703,Cc1ccc(NC2CNC2)cc1C(=O)N[C@H](C)c1cccc(-c2ccc(CNC(=O)C3CCCO3)s2)c1,6.16,1,ChEMBL
CHEMBL5633225,Cc1cn(C(=O)NCCCNC(=O)c2cc3cc(F)ccc3n2CC(C)C)c(=O)[nH]c1=O,6.16,1,ChEMBL
CHEMBL5646558,O=S(=O)(Cc1ccccc1)c1nnc(-c2ccc(Cl)cc2)o1,6.16,1,ChEMBL
CHEMBL6144005,C[C@H](c1cccc2ccccc12)N1CCC(C(=O)NCc2ccn(C)c(=O)c2)CC1,6.16,1,ChEMBL
CHEMBL6165721,CCn1ccc(-c2cc(-c3cnn(C)c3)cc([C@@H](C)NC(=O)c3ccccc3CCC(=O)NNC(=O)/C=C/C(=O)N(C)C)c2)n1,6.16,1,ChEMBL
MAT-POS-fa06b69f-6,O=C1OC(c2cccs2)=N/C1=C\c1ccc(N2CCOCC2)s1,6.16,1,Moonshot
ALP-POS-ecbed2ba-19,CN(CCO)S(=O)(=O)N1Cc2ccc(Cl)cc2C2(CCN(c3cncc4ccccc34)C2=O)C1,6.16,1,Moonshot
JOH-UNI-0e1753c1-5,CC(C)C[C@H]1CN(C(=O)CCl)CCN1Cc1cccc(Cl)c1,6.15,1,Moonshot
PET-UNK-dd44aeb6-1,O=C(Cc1cc(Cl)ccc1F)Nc1cncc2ccccc12,6.15,2,Moonshot
CHEMBL727,Nc1nc2[nH]cnc2c(=S)[nH]1,6.15,1,ChEMBL
CHEMBL5441549,CNC(=O)c1c[nH]c2ncnc(N[C@@H](c3ccc4c(c3)OCCO4)C(C)C)c12,6.15,1,ChEMBL
CHEMBL5542896,CCCC[C@H](NC(=O)[C@@H]1CC2(CCCCC2)CN1C(=O)[C@@H](NC(=O)OC)C(C)(C)C)C(=O)C(=O)NC1CC1,6.15,1,ChEMBL
CHEMBL6143805,Cc1ncc(CNC(=O)C2CCN([C@H](C)c3cccc4ccccc34)CC2)s1,6.15,1,ChEMBL
DAN-MCD-68a9aade-1,O=C(Nc1ccccc1)[C@@H]1CN(C(=O)CCl)CCN1S(=O)(=O)c1ccsc1,6.14,2,Moonshot
EDJ-MED-12c4873b-6,O=C(Nc1cncc2ccccc12)C1CN(C2CCNC2=O)C(=O)c2ccc(Cl)cc21,6.14,2,Moonshot
EDJ-MED-c5ca5386-1,O=C(Cc1cccc(Cl)c1)Nc1cncc2cc(F)cc(Cl)c12,6.14,1,Moonshot
TAT-ENA-80bfd3e5-4,Cc1c(C(=O)CCl)c2ccccn2c1C(=O)c1ccc(F)cc1,6.14,2,Moonshot
LON-WEI-9739a092-6,O=C(Cc1cc(Cl)cc(N2CCN(C(=O)c3ccco3)CC2)c1)Nc1cncc2ccccc12,6.14,1,Moonshot
MIK-UNK-58cd43d0-1,O=C(Nc1cncc2c1CCCC2)[C@H]1CNS(=O)(=O)c2ccc(Cl)cc21,6.14,1,Moonshot
CHEMBL297453,O=C(O[C@@H]1Cc2c(O)cc(O)cc2O[C@@H]1c1cc(O)c(O)c(O)c1)c1cc(O)c(O)c(O)c1,6.14,1,ChEMBL
CHEMBL5170923,CCCCCCNC(=O)C(=O)[C@H](C[C@@H]1CCNC1=O)NC(=O)[C@@H]1[C@@H]2[C@H](CN1C(=O)[C@@H](NC(=O)NC(C)(C)C)C(C)(C)C)C2(C)C,6.14,1,ChEMBL
CHEMBL5176204,CC(C)(C)CC(=O)N[C@H](C(=O)N1C[C@H]2[C@@H]([C@H]1C(=O)N[C@H](C#N)C[C@@H]1CCNC1=O)C2(C)C)C(C)(C)C,6.14,1,ChEMBL
CHEMBL5280783,CCCn1sc2ccccc2c1=O,6.14,1,ChEMBL
CHEMBL5441851,CC(C)[C@@H](Nc1ncnc2[nH]c(-c3cn[nH]c3)cc12)c1ccc2c(c1)OCCO2,6.14,1,ChEMBL
CHEMBL5561115,CC(C)C[C@H](NC(=O)OCC1CC(=O)N(Cc2ccccc2)C1)C(=O)N[C@H](C=O)C[C@@H]1CCNC1=O,6.14,1,ChEMBL
CHEMBL5564452,CC(C)C[C@H](NC(=O)OC[C@@H]1CCC(=O)N1CCc1ccccc1)C(=O)N[C@H](C=O)C[C@@H]1CCNC1=O,6.14,1,ChEMBL
CHEMBL5568631,O=C(NCc1ccc(O)c(F)c1)N1CCC(CN2CCc3ccccc32)CC1,6.14,1,ChEMBL
CHEMBL5594341,O=C(CCl)N[C@@H](Cc1ccccc1)C(=O)N[C@@H](Cc1c[nH]c2ccccc12)C(=O)NCc1ccccc1,6.14,1,ChEMBL
CHEMBL254103,O=C(Oc1cncc(Cl)c1)c1ccncc1,6.14,1,ChEMBL
BRU-THA-92256091-17,CC(C)Oc1ccc(N(C(=O)c2c[nH]cn2)C(C(=O)NCCc2cccc(F)c2)c2cccnc2)cc1,6.14,1,Moonshot
ALP-POS-e980f4ea-12,CC(C)Oc1ccc(N(C(=O)c2cnc[nH]2)C(C(=O)NCCc2cccc(F)c2)c2cccnc2)cc1,6.14,1,Moonshot
ADA-UCB-6c2cb422-1,O=C(Cc1cccc(Cl)c1)Nc1cncc2ccccc12,6.14,1,Moonshot
PET-UNK-d899bab6-1,CN(C)c1ccc2cncc(NC(=O)Cc3cccc(Cl)c3)c2c1,6.14,2,Moonshot
RAL-THA-5e0a6f1a-1,CN(C)C(=O)CN1CC(C(=O)Nc2cncc3ccccc23)c2cc(Cl)ccc2C1=O,6.13,1,Moonshot
MAT-POS-8695a11f-3,O=C1N(c2cncc3ccccc23)CC[C@]1(O)c1cccc(Cl)c1,6.13,1,Moonshot
CHEMBL1200930,COCCCOc1ccnc(C[S+]([O-])c2nc3ccccc3[n-]2)c1C.[Na+],6.13,1,ChEMBL
CHEMBL5218884,[2H]C([2H])(OC(=O)N[C@@H](CC(C)C)C(=O)N[C@H](C=O)C[C@H]1CCNC1=O)C12CC3CC(CC(O)(C3)C1)C2,6.13,1,ChEMBL
CHEMBL5273500,O=C[C@H](C[C@@H]1CCNC1=O)NC(=O)[C@@H]1[C@H]2CCC[C@H]2CN1C(=O)c1cccnc1,6.13,1,ChEMBL
CHEMBL5441479,CC(C)[C@H](Nc1ncnc2[nH]cnc12)c1ccc2c(c1)S(=O)(=O)CCC2,6.13,1,ChEMBL
CHEMBL5558407,CCOc1cc(O)c2c(=O)c(O)c(-c3cc(O)c(O)c(O)c3)oc2c1,6.13,1,ChEMBL
CHEMBL5561259,CC(C)C[C@H](NC(=O)OC[C@@H]1CCC(=O)N1Cc1cccc(C(F)(F)F)c1)C(=O)N[C@H](C=O)C[C@@H]1CCNC1=O,6.13,1,ChEMBL
CHEMBL5595966,Cc1ncsc1-c1ccc(CNC(=O)[C@@H]2C[C@@H](O)CN2C(=O)[C@@H](NC(=O)COCCCCCn2cc(COc3ccc(COC(=O)N[C@@H](CC(C)C)C(=O)N[C@@H](C[C@@H]4CCNC4=O)C(O)S(=O)(=O)[O-])cc3)nn2)C(C)(C)C)cc1.[Na+],6.13,1,ChEMBL
MAT-POS-c7726e07-7,CS(=O)(=O)Nc1ccc2c(NC(=O)[C@H]3CN(S(=O)(=O)CC4(C#N)CC4)Cc4ccc(Cl)cc43)cncc2c1,6.13,1,Moonshot
EDJ-MED-93390d0c-2,CS(=O)(=O)c1ccc2c(NC(=O)C3CCS(=O)(=O)c4ccc(Cl)cc43)cncc2c1,6.13,1,Moonshot
CHEMBL5441435,CC(C)[C@@H](Nc1ncnc2[nH]c(-c3cnn(C)c3C#N)cc12)c1ccc2c(c1)S(=O)(=O)CCC2,6.12,1,ChEMBL
EDJ-MED-fa7708b3-3,Cc1n[nH]c(CN2Cc3ccc(Cl)cc3C(C(=O)Nc3cncc4ccccc34)C2)n1,6.12,1,Moonshot
MAT-POS-8695a11f-2,O=C(Nc1cncc2ccc(CN3CCNCC3)cc12)C1CCOc2ccc(Cl)cc21,6.12,1,Moonshot
CHEMBL1382627,Nc1ccc(S(=O)(=O)[N-]c2ncccn2)cc1.[Ag+],6.12,1,ChEMBL
CHEMBL5171009,Cc1ccc(NC2CNC2)cc1C(=O)N[C@H](C)c1cccc(-c2ccc(CNC[C@H]3CCCO3)s2)c1,6.12,1,ChEMBL
CHEMBL5179631,CC(C)C[C@H](NC(=O)OC1CC2(CCN(C(=O)OC(C)(C)C)C2)C1)C(=O)N[C@@H](C[C@H]1CCNC1=O)C(=O)C(O)S(=O)(=O)[O-].[Na+],6.12,1,ChEMBL
CHEMBL5188783,CC(C)C[C@H](NC(=O)OC1CC2(C1)CN(S(C)(=O)=O)C2)C(=O)N[C@@H](C[C@H]1CCNC1=O)C(=O)C(O)S(=O)(=O)[O-].[Na+],6.12,1,ChEMBL
CHEMBL5201279,CC(C)C[C@H](NC(=O)OCC1CN(C(=O)Cc2ccccc2)C1)C(=O)N[C@@H](C[C@H]1CCNC1=O)C(=O)C(O)S(=O)(=O)[O-].[Na+],6.12,1,ChEMBL
CHEMBL5397764,CCN(C[C@]1(C)CN(C(=O)c2nn(C)c3c2CCc2ccccc2-3)CCC1=O)C(=O)c1nn(C)c2c1CCc1ccccc1-2,6.12,1,ChEMBL
CHEMBL5590148,Cc1ccc(OC2CCNCC2)cc1C(=O)N[C@H](C)c1cccc(-c2ccc(CNC3CCCC3)s2)c1,6.12,1,ChEMBL
CHEMBL252660,O=C(Oc1cncc(Cl)c1)c1cccnc1,6.12,1,ChEMBL
CHEMBL6120905,COc1cc(CNC(=O)C2CCN(C(C)c3ccc(OC)c4ccccc34)CC2)ccn1,6.12,1,ChEMBL
CHEMBL6188867,O=C(N/N=C/c1cc([N+](=O)[O-])ccc1Cl)c1ccc(CSc2ccnc3ccccc23)cc1,6.12,1,ChEMBL
MAT-POS-fce787c2-3,CC(C(=O)Nc1cncc2ccccc12)c1ccc(Cl)c(Cl)c1,6.12,1,Moonshot
MAT-POS-14f31916-2,NC(=O)c1cc2c(NC(=O)C3CCOc4ccc(Cl)cc43)cncc2s1,6.12,2,Moonshot
EDJ-MED-43f8f7d6-6,O=C(CN1CC(C(=O)Nc2cncc3ccccc23)c2cc(Cl)ccc2C1=O)NC1COC1,6.12,1,Moonshot
MAT-POS-f7918075-2,O=C(Nc1cncc2ccccc12)C1COc2ccc(Cl)cc21,6.12,2,Moonshot
ALP-POS-696356e4-1,O=C(Nc1cncc2ccc(F)cc12)C1CCOc2ccc(Cl)cc21,6.12,2,Moonshot
EDJ-MED-6bf93aa8-1,CNS(=O)(=O)c1ccc2c(NC(=O)C3(OC)CCOc4ccc(Cl)cc43)cncc2c1,6.12,1,Moonshot
CHEMBL5441980,COCCn1cc(-c2cc3c(N[C@@H](c4ccc5c(c4)OCCO5)C(C)C)ncnc3[nH]2)c(C#N)n1,6.12,1,ChEMBL
EDJ-MED-b7309adf-1,O=C(Nc1cncc2cc(F)ccc12)C1CCS(=O)(=O)c2ccc(Cl)cc21,6.11,1,Moonshot
EDJ-MED-968bafd9-2,COC1(CS(=O)(=O)N2CC(C(=O)Nc3cncc4cc(S(C)(=O)=O)ccc34)c3cc(Cl)ccc3C2=O)CC1,6.11,1,Moonshot
CHEMBL1591074,c1ccc2sc(SNC3CCCCC3)nc2c1,6.11,1,ChEMBL
CHEMBL5187162,C[C@H](c1cccc2ccccc12)N1CCC(C(=O)NCc2cc(F)cc(NC(=O)CN(C)C)c2)CC1,6.11,1,ChEMBL
CHEMBL5203920,Cn1cnc(Cn2c(=O)nc(Nc3cc4cn(C)nc4cc3Cl)n(Cc3cccc4ccccc34)c2=O)n1,6.11,1,ChEMBL
CHEMBL5220641,[2H]C([2H])(OC(=O)N[C@@H](CC(C)C)C(=O)N[C@@H](C[C@H]1CCNC1=O)C(O)S(=O)(=O)[O-])C12CC3CC(CC(O)(C3)C1)C2.[Na+],6.11,1,ChEMBL
CHEMBL1710047,Cn1sc2ccccc2c1=O,6.11,1,ChEMBL
CHEMBL5441724,CC(C)[C@@H](Nc1ncnc2[nH]c(-c3cncc(C(=O)N(C)C)c3)cc12)c1ccc2c(c1)OCCO2,6.11,1,ChEMBL
CHEMBL5560612,CC(C)C[C@H](NC(=O)OC[C@@H]1CCC(=O)N1Cc1cccc(C(F)(F)F)c1)C(=O)N[C@@H](C[C@@H]1CCNC1=O)C(O)S(=O)(=O)[O-].[Na+],6.11,1,ChEMBL
RAL-THA-8416115c-5,O=C(Nc1cncc2ccccc12)C1CCN(Cc2ncc[nH]2)c2ccc(Cl)cc21,6.11,1,Moonshot
EDJ-MED-fa7708b3-2,O=C(Nc1cncc2ccccc12)C1CN(Cc2ncn[nH]2)Cc2ccc(Cl)cc21,6.11,1,Moonshot
DAN-LON-a5fc619e-3,CC(C)C[C@@H]1CN(C(=O)CCl)CCN1Cc1cccc(Cl)c1,6.11,1,Moonshot
CHEMBL480,Cc1c(OCC(F)(F)F)ccnc1C[S+]([O-])c1nc2ccccc2[nH]1,6.11,1,ChEMBL
CHEMBL5441596,CCNC(=O)c1cc2c(N[C@@H](c3ccc4c(n3)NC(=O)CO4)C(C)C)ncnc2[nH]1,6.11,1,ChEMBL
CHEMBL5182901,Cc1ccc(NC(=O)C2CCNCC2)cc1C(=O)N[C@H](C)c1cccc2ccccc12,6.1,1,ChEMBL
CHEMBL5176085,C[C@H](c1cccc2ccccc12)N(C)Cc1ccc(O)cc1Cl,6.1,1,ChEMBL
CHEMBL1448440,C=CCSc1nc2sc3c(c2c(=O)n1CC)CCc1ccccc1-3,6.1,1,ChEMBL
CHEMBL5560987,CC(C)C[C@H](NC(=O)[C@H](Cc1ccc(F)cc1)NC(=O)OCc1ccccc1)C(=O)NC(C=O)Cc1ccc(F)cc1,6.1,1,ChEMBL
CHEMBL5556867,CC(C)C[C@H](NC(=O)OCC1CCN(Cc2ccccc2)C1=O)C(=O)N[C@H](C=O)C[C@@H]1CCNC1=O,6.1,1,ChEMBL
CHEMBL5594581,Cc1ccc(NC2CNC2)cc1C(=O)N[C@H](C)c1cccc(-c2ccc(CNC(=O)C3CC3)s2)c1,6.1,1,ChEMBL
CHEMBL5632920,CC(C)Cn1c(C(=O)NCCCNC(=O)n2cc(F)c(=O)[nH]c2=O)cc2cc(C(F)(F)F)ccc21,6.1,1,ChEMBL
CHEMBL6142703,O=C(/C=C/c1c(Cl)c(O)c(O)c(O)c1Cl)c1ccc(Br)cc1,6.1,1,ChEMBL
CHEMBL6163098,Cc1ccc(NC[C@@H]2CCCN2)cc1C(=O)N[C@H](C)c1cccc2ccccc12,6.1,1,ChEMBL
CHEMBL6102133,Cc1ccc(NCC2(C)CCN2)cc1C(=O)N[C@H](C)c1cccc2ccccc12,6.1,1,ChEMBL
CHEMBL1096283,Cn1nc(-c2ccc(C(F)(F)F)cc2)nc2c(=O)n(C)c(=O)nc1-2,6.1,2,ChEMBL+Moonshot
ALP-POS-02c6a514-49,CC(C)(C)c1ccc(N(C(=O)c2nccs2)C(C(=O)NCCc2cccc(F)c2)c2cccnc2)cc1,6.1,1,Moonshot
EDJ-MED-8c98ee63-2,Cn1ccc(CNCC2(C(=O)Nc3cncc4ccccc34)CCOc3ccc(Cl)cc32)n1,6.1,1,Moonshot
MAT-POS-fce787c2-8,N#CC(C(=O)Nc1cncc2ccccc12)c1ccc(Cl)c(Cl)c1,6.1,1,Moonshot
RAL-THA-8416115c-6,O=C(Nc1cncc2ccccc12)C1CCN(Cc2ccn[nH]2)c2ccc(Cl)cc21,6.1,1,Moonshot
EDJ-MED-e69ed63d-1,CC(C)NC(=O)CN1CC(C(=O)Nc2cncc3cc(F)ccc23)c2cc(Cl)ccc2C1=O,6.09,1,Moonshot
CHEMBL403183,Cc1ccc(S(=O)(=O)/C=C/C#N)cc1,6.09,1,ChEMBL
CHEMBL5179681,Cc1ccc(NC2CNC2)cc1C(=O)N[C@H](C)c1cccc(-c2ccc(C(=O)NCC3CCO3)s2)c1,6.09,1,ChEMBL
CHEMBL5173688,COC(=O)c1ccc(-c2cccc([C@@H](C)NC(=O)c3cc(NC4CNC4)ccc3C)c2)s1,6.09,1,ChEMBL
CHEMBL5201129,COc1cc(CNC(=O)C2CCN(C(C)c3cccc4ccccc34)CC2)ccn1,6.09,1,ChEMBL
CHEMBL5172431,C[C@H](NC(=O)C(c1cccnc1)N(C(=O)c1ccno1)c1ccc(C2CCCCC2)cc1)c1ccccc1,6.09,1,ChEMBL
CHEMBL5220377,CC(C)C[C@H](NC(=O)OCC12CC3CC(CC(O)(C3)C1)C2)C(=O)N[C@H](C=O)C[C@H]1CCNC1=O,6.09,1,ChEMBL
CHEMBL5441754,CC(C)[C@@H](Nc1ncnc2[nH]c(C(=O)NC[C@@H]3CCOC3)cc12)c1ccc2c(c1)OCCO2,6.09,1,ChEMBL
CHEMBL5441495,CC(C)[C@@H](Nc1ncnc2[nH]c(C(=O)NCc3ccno3)cc12)c1ccc2c(c1)OCCO2,6.09,1,ChEMBL
CHEMBL5556853,O=C1c2c(O)cc(O)c([Se][Se]c3c(O)cc(O)c4c3OC(c3cc(O)c(O)c(O)c3)C(O)C4=O)c2CC(c2cc(O)c(O)c(O)c2)C1O,6.09,1,ChEMBL
CHEMBL5564726,CC(C)C[C@H](NC(=O)OCC1CCN(Cc2ccccc2)C1=O)C(=O)N[C@@H](C[C@@H]1CCNC1=O)C(O)S(=O)(=O)[O-].[Na+],6.09,1,ChEMBL
CHEMBL379110,COc1cc(O)c(C(=O)[C@@H]2[C@H](CC=C(C)C)C(C)=CC[C@H]2c2ccccc2)c(O)c1,6.09,1,ChEMBL
CHEMBL5591014,Cc1ccc(NC2CNC2)cc1C(=O)N[C@H](C)c1cccc(-c2cc3sccc3s2)c1,6.09,1,ChEMBL
CHEMBL5592435,Cc1ccc(NC2CNC2)cc1C(=O)N[C@H](C)c1cccc(-c2ccc(CNC(=O)C3CCOCC3)s2)c1,6.09,1,ChEMBL
CHEMBL5593630,Cc1ccc(OC2CNC2)cc1C(=O)N[C@H](C)c1cccc(-c2ccc(CN3CCCC3)s2)c1,6.09,1,ChEMBL
CHEMBL3233820,C[C@H](c1cccc2ccccc12)N1CCC(C(=O)NCc2cccnc2)CC1,6.09,1,ChEMBL
CHEMBL5441613,CC(C)[C@@H](Nc1ncnc2[nH]cc(C(N)=O)c12)c1ccc2c(c1)OCCO2,6.08,1,ChEMBL
CHEMBL5441474,CCn1ncc(-c2cc3c(N[C@@H](c4ccc5c(c4)OCCO5)C(C)C)ncnc3[nH]2)c1C#N,6.08,1,ChEMBL
MAT-POS-853c0ffa-13,N#CC1(CS(=O)(=O)N2Cc3ccc(Cl)cc3C3(CCN(c4cncc5ccc(F)cc45)C3=O)C2)CC1,6.08,1,Moonshot
VLA-UCB-50c39ae8-7,C=CC(=O)N(C(=O)[C@@H]1CCOc2ccc(Cl)cc21)c1cncc2ccccc12,6.08,1,Moonshot
CHEMBL518800,CC[C@H](CO)Nc1nc(NCc2ccc(-c3ccccn3)cc2)c2ncn(C(C)C)c2n1,6.08,1,ChEMBL
CHEMBL270299,CC(C)(C)c1ccc(S(=O)(=O)/C=C/C#N)cc1,6.08,1,ChEMBL
CHEMBL465704,Nc1ccc2cc3ccc(N)cc3nc2c1.Nc1ccc2cc3ccc(N)cc3nc2c1.O=S(=O)(O)O,6.08,1,ChEMBL
CHEMBL5171649,CC(C)C[C@H](NC(=O)OCC1CN(C(=O)Cc2ccccc2)C1)C(=O)N[C@H](C=O)C[C@H]1CCNC1=O,6.08,1,ChEMBL
CHEMBL5287068,CSc1ccc2c(c1)NC(=O)C(F)(F)C2=O,6.08,1,ChEMBL
CHEMBL5273811,O=c1c2ccccc2[se]n1Cc1ccc(Cl)cc1,6.08,1,ChEMBL
CHEMBL5442100,CC(C)[C@@H](Nc1ncnc2[nH]c(-c3cnn(CC4CC4)c3)cc12)c1ccc2c(c1)OCCO2,6.08,1,ChEMBL
CHEMBL5441580,CC(C)[C@@H](Nc1ncnc2[nH]c(-c3ccnn3C)cc12)c1ccc2c(c1)OCCO2,6.08,1,ChEMBL
CHEMBL5441755,CC(C)[C@@H](Nc1ncnc2[nH]c(C(=O)NCC3CN(C)C3)cc12)c1ccc2c(c1)OCCO2,6.08,1,ChEMBL
CHEMBL5542929,COc1ccc(OC)c(CN(C#N)N(C)C(=O)[C@H](Cc2ccccc2)NC(=O)OCc2ccccc2)c1,6.08,1,ChEMBL
CHEMBL5568193,O=C(NCCN1CCOCC1)C1CN(c2ccc(Cl)c(Cl)c2)CCN1C(=O)c1cc(=O)[nH]c2ccccc12,6.08,1,ChEMBL
CHEMBL6144706,O=C(O)/C=C/c1c(Cl)c(O)c(O)c(O)c1Cl,6.08,1,ChEMBL
MAT-POS-a5ef2d74-3,COC1(C(=O)Nc2cncc3ccncc23)CCOc2ccc(Cl)cc21,6.08,1,Moonshot
DAN-MCD-f396e45b-1,O=C(NC(c1ccccc1)c1ccccc1)[C@H]1CN(C(=O)CCl)CCN1S(=O)(=O)c1ccsc1,6.08,1,Moonshot
ALP-POS-88a7a97e-24,COC(=O)[C@H]1C[C@H](NC(=O)C(c2cccnc2)N(C(=O)c2cocn2)c2ccc(C(C)(C)C)cc2)CN1C(=O)OC(C)(C)C,6.08,1,Moonshot
EDJ-MED-b7309adf-2,O=C(Nc1cncc2cc(Cl)ccc12)C1CCS(=O)(=O)c2ccc(Cl)cc21,6.08,1,Moonshot
MAT-POS-29385cc1-4,Cc1cc(F)cc2cncc(NC(=O)Cc3cccc(Cl)c3)c12,6.07,1,Moonshot
MAT-POS-11b63608-1,O=C(Nc1cncc2ccccc12)C1CCOc2ccc(Br)cc21,6.07,1,Moonshot
CHEMBL5177226,CC(C)C[C@H](NC(=O)OC1CC2(C1)CN(C(=O)OC(C)(C)C)C2)C(=O)N[C@@H](C[C@H]1CCNC1=O)C(=O)C(O)S(=O)(=O)[O-].[Na+],6.07,1,ChEMBL
CHEMBL5561170,CC(C)C[C@H](NC(=O)OCC1CCN(Cc2cccc(C(F)(F)F)c2)C1=O)C(=O)N[C@H](C=O)C[C@@H]1CCNC1=O,6.07,1,ChEMBL
CHEMBL5632338,C[C@H](NC(=O)C(c1cccnc1)N(C(=O)C#CC1CC1)c1ccc(-c2ccccc2)cc1)c1ccccc1,6.07,1,ChEMBL
CHEMBL5441882,CC(C)[C@@H](Nc1ncnc2[nH]c(-c3cn(C)nc3C#N)cc12)c1ccc2c(c1)OCCO2,6.07,1,ChEMBL
EDJ-MED-d165ed91-3,CS(=O)(=O)c1ccc2c(NC(=O)C3CN(CC(=O)NC4COC4)C(=O)c4ccc(Cl)cc43)cncc2c1,6.06,2,Moonshot
CHEMBL5200707,Cc1ccc(O)cc1CN(C)[C@H](C)c1cccc2ccccc12,6.06,1,ChEMBL
CHEMBL5442015,CC(C)[C@@H](Nc1ncnc2[nH]c(-c3cnn(C(C)C)c3)cc12)c1ccc2c(c1)OCCO2,6.06,1,ChEMBL
CHEMBL5532307,CC(C)C[C@H](NC(=O)OCC1CCN(Cc2cccc(C(F)(F)F)c2)C1=O)C(=O)N[C@@H](C[C@@H]1CCNC1=O)C(O)S(=O)(=O)[O-].[Na+],6.06,1,ChEMBL
CHEMBL5630461,CC(C)(C)[C@H](NS(=O)(=O)C(F)(F)F)C(=O)N1[C@@H]2CC[C@@H](C2)[C@H]1C(=O)N[C@@H](C[C@@H]1CCNC1=O)C(=O)c1nc2ccccc2s1,6.06,1,ChEMBL
MAT-POS-e6dd326d-8,C=CC(=O)NCC1(C(=O)Nc2cncc3ccccc23)CCOc2ccc(Cl)cc21,6.06,1,Moonshot
MAT-POS-de59a476-4,COCCOC(C(=O)Nc1cncc2ccccc12)c1ccc(Cl)c(Cl)c1,6.06,1,Moonshot
MAT-POS-3b536971-1,COc1ccc(Cl)cc1OCCNC(=O)c1cc(=O)[nH]c2cccc(OC)c12,6.06,2,Moonshot
RAL-THA-176e263b-4,CC1(C(=O)Nc2cncc3ccccc23)CNC(=O)c2ccc(Cl)cc21,6.06,2,Moonshot
EDJ-MED-e69ed63d-17,O=C(CN1CC(C(=O)Nc2cncc3cc(F)ccc23)c2cc(Cl)ccc2C1=O)NCC(F)(F)F,6.06,1,Moonshot
LON-WEI-4d77710c-67,O=[N+]([O-])c1cnc(Sc2nnc(-c3ccc(Cl)cc3)o2)s1,6.06,2,Moonshot
MAT-POS-90fd5f68-12,CS(=O)(=O)Nc1ccc2c(NC(=O)Cc3cccc(Cl)c3)cncc2c1,6.05,1,Moonshot
JIN-POS-6dc588a4-13,O=C(Cc1cccc(Cl)c1)Nc1cncc2c(F)cccc12,6.05,1,Moonshot
CHEMBL5205511,Cc1cc(O)ccc1CN(C)[C@H](C)c1cccc2ccccc12,6.05,1,ChEMBL
CHEMBL5189696,N#Cc1cc(S(=O)(=O)NC[C@H]2O[C@@H](n3cnc4c(N)ncnc43)[C@H](O)[C@@H]2O)ccc1F,6.05,1,ChEMBL
CHEMBL5397356,CSCC[C@@H](C#N)NC(=O)[C@@H]1[C@@H]2[C@H](CN1C(=O)[C@@H](NC(=O)C(F)(F)F)C(C)(C)C)C2(C)C,6.05,1,ChEMBL
CHEMBL5421616,COc1ccc(S(=O)(=O)NCCSC[C@H]2O[C@@H](n3cnc4c(N)ncnc43)[C@H](O)[C@@H]2O)c([N+](=O)[O-])c1,6.05,1,ChEMBL
CHEMBL5411147,Nc1ncnc2c1ncn2[C@@H]1O[C@H](CSCCNS(=O)(=O)c2ccc(Cl)cc2[N+](=O)[O-])[C@@H](O)[C@H]1O,6.05,1,ChEMBL
CHEMBL5442045,CC(C)[C@@H](Nc1ncnc2[nH]c(C(=O)NCCC3CN(C)C3)cc12)c1ccc2c(c1)OCCO2,6.05,1,ChEMBL
CHEMBL5537045,CONC(=O)c1ccc(-c2ccc(-c3noc(C(C)c4cccc5ccccc45)n3)cc2)cc1,6.05,1,ChEMBL
CHEMBL5557204,CCOC(=O)/C=C/[C@H](C[C@@H]1CCNC1=O)NC(=O)[C@H](Cc1ccccc1)NC(=O)[C@H](N)Cc1ccccc1,6.05,1,ChEMBL
CHEMBL5575765,Cc1ccc(OCCN)cc1C(=O)N[C@H](C)c1cccc(-c2ccc(C#N)cc2)c1,6.05,1,ChEMBL
CHEMBL5573945,CC(C)(C)CC(=O)N1CC2(CCCCC2)C[C@H]1C(=O)N[C@@H](CCC(C)(F)F)C(=O)C(=O)NC1CC1,6.05,1,ChEMBL
CHEMBL5078831,O=c1c2ccccc2[se]n1-c1ccc(C(F)(F)F)cc1,6.05,1,ChEMBL
CHEMBL5612964,CSc1nc2cc(C#N)ccc2n1C(=O)c1ccc(C)c(F)c1,6.05,1,ChEMBL
CHEMBL6133897,Cc1cc(=O)[nH]c2cc(N(C)C(=O)[C@H]3O[C@@H](n4cc(C#Cc5cncnc5)c5c(N)ncnc54)[C@H](O)[C@@H]3O)ccc12,6.05,1,ChEMBL
CHEMBL6143898,CC1(C)[C@@H]2[C@@H](C(=O)N3C[C@]4(CC3C#N)C(=O)Nc3ccccc34)N(C(=O)[C@@H](NC(=O)C(F)(F)F)C3CC3)C[C@@H]21,6.05,1,ChEMBL
CHEMBL6146337,Cc1ccc(NCC2CCN2)cc1C(=O)N[C@H](C)c1cccc2ccccc12,6.05,1,ChEMBL
CHEMBL6151691,Cc1ccc(NC[C@H]2CCCN2)cc1C(=O)N[C@H](C)c1cccc2ccccc12,6.05,1,ChEMBL
CHEMBL6166647,Cc1ccc(NC[C@@H]2CCCN2C)cc1C(=O)N[C@H](C)c1cccc2ccccc12,6.05,1,ChEMBL
CHEMBL6165563,Cc1ccc(NC[C@@H]2CCCCN2)cc1C(=O)N[C@H](C)c1cccc2ccccc12,6.05,1,ChEMBL
ALP-POS-95f71980-23,CC(C)(C)c1ccc(N(C(=O)c2cscn2)C(C(=O)NCCc2cccc(F)c2)c2cccnc2)cc1,6.05,1,Moonshot
MAT-POS-90fd5f68-31,CN(C)CCOc1ccc2cncc(NC(=O)Cc3cccc(Cl)c3)c2c1,6.05,1,Moonshot
MAT-POS-4223bc15-24,CN(C)C(=O)CN1Cc2ccc(Cl)cc2C(C(=O)Nc2cncc3ccccc23)C1,6.05,1,Moonshot
EDJ-MED-00c1612e-1,COc1ccc2cncc(NC(=O)Cc3cccc(Cl)c3)c2c1,6.05,2,Moonshot
MAT-POS-90fd5f68-20,CNC(=O)c1ccc2cncc(NC(=O)Cc3cccc(Cl)c3)c2c1,6.05,1,Moonshot
CHEMBL5441780,CC(C)[C@@H](Nc1ncnc2[nH]c(-c3cncc(OCCN(C)C)c3)cc12)c1ccc2c(c1)OCCO2,6.04,1,ChEMBL
CHEMBL5274064,CCCCNC(=O)c1ccc(-n2sc3ccccc3c2=O)cc1,6.04,1,ChEMBL
CHEMBL1172891,COc1ccc(CNC(=O)C2CCN([C@H](C)c3cccc4ccccc34)CC2)cc1,6.04,1,ChEMBL
CHEMBL5567669,O=C(NCCC1CCCC1)C1CN(c2ccc(Cl)c(Cl)c2)CCN1C(=O)c1cc(=O)[nH]c2ccccc12,6.04,1,ChEMBL
CHEMBL5584015,Cc1ccc(NC2CNC2)cc1C(=O)N[C@H](C)c1cccc(-c2cc(C)c(CN3CCCC3)s2)c1,6.04,1,ChEMBL
CHEMBL6164714,OC1CCN(C(=S)SSC(=S)N2CCC(O)CC2)CC1,6.04,1,ChEMBL
MAT-POS-61f37a1a-5,Cn1cc(CN2Cc3ccc(Cl)cc3C(C(=O)Nc3cncc4ccc(F)cc34)C2)nn1,6.04,1,Moonshot
MAT-POS-4223bc15-38,O=C(Nc1cncc2ccccc12)C1CN(C(=O)c2ncco2)Cc2ccc(Cl)cc21,6.04,1,Moonshot
CHEMBL571700,CN(C)C(=S)SC(=S)N(C)C,6.03,1,ChEMBL
CHEMBL8260,O=c1cc(-c2ccccc2)oc2cc(O)c(O)c(O)c12,6.03,1,ChEMBL
CHEMBL5189062,C[C@H](NC(=O)C(c1cccnc1)N(C(=O)c1ccco1)c1ccc(-n2cccc2)cc1)c1ccccc1,6.03,1,ChEMBL
CHEMBL5441490,CC(C)[C@@H](Nc1ncnc2n[nH]cc12)c1ccc2c(c1)S(=O)(=O)CCC2,6.03,1,ChEMBL
CHEMBL5441738,CC(C)[C@@H](Nc1ncnc2[nH]ccc12)c1ccc2c(n1)S(=O)(=O)CCC2,6.03,1,ChEMBL
CHEMBL5562560,C[C@H](NC(=O)[C@@H](c1cccnc1)N(C(=O)c1ccco1)c1ccc(-n2cccc2)cc1)c1ccccc1,6.03,1,ChEMBL
CHEMBL5595683,Cc1ccc(OCCN)cc1C(=O)N[C@H](C)c1cccc(-c2ccc(CNC3CC3)s2)c1,6.03,1,ChEMBL
CHEMBL5597608,Nc1ccc(C(=O)Oc2cncc(Cl)c2)c(F)c1,6.03,1,ChEMBL
CHEMBL6191028,CC(C)NC(=O)c1ccc(/C=N/NC(=O)c2ccc(CSc3cccc4cccnc34)cc2)cc1,6.03,1,ChEMBL
LON-WEI-4d77710c-11,COC(=O)c1c(C)n(S(C)(=O)=O)c2ccc(N(C(=O)c3ccco3)S(C)(=O)=O)cc12,6.03,2,Moonshot
ALP-POS-966f8da6-2,CC(=O)N1CCC(C(=O)Nc2cncc3ccccc23)c2cc(Cl)ccc21,6.03,2,Moonshot
LUO-POS-edefcc0e-1,CNC(=O)CN1C[C@@H](C(=O)Nc2cncc3cc(Cl)ccc23)c2cc(Cl)ccc2C1=O,6.03,1,Moonshot
CHEMBL5174085,Cc1ccc(N)cc1CN(C)[C@H](C)c1cccc2ccccc12,6.03,1,ChEMBL
EDJ-MED-d1555997-1,CS(=O)(=O)N1Cc2ccc(Cl)cc2C(C(=O)Nc2cncc3cccc(F)c23)C1,6.02,1,Moonshot
CHEMBL5208393,C[C@H](NC(=O)C(c1cccnc1)N(C(=O)c1c[nH]cn1)c1ccc(-c2ccccc2)cc1)c1ccccc1,6.02,1,ChEMBL
CHEMBL5189150,CCN(C[C@H]1O[C@@H](n2cnc3c(N)ncnc32)[C@H](O)[C@@H]1O)S(=O)(=O)c1cccc(C#N)c1,6.02,1,ChEMBL
CHEMBL5430616,CCOC(=O)[C@@H]1O[C@H]1C(=O)N(CCC(N)=O)NC(=O)[C@H](Cc1ccccc1)NC(=O)[C@H](CC(C)C)NC(=O)OCc1ccccc1,6.02,1,ChEMBL
CHEMBL5408555,CC(C)(C)NC(=O)Cn1c(-c2ccccc2)nc2cc(O)c(O)c(O)c2c1=O,6.02,1,ChEMBL
CHEMBL3605601,CC(C)(C)NC(=O)[C@@H](c1cccnc1)N(C(=O)c1c[nH]cn1)c1ccc(C(C)(C)C)cc1,6.02,1,ChEMBL
CHEMBL5568048,COCCn1sc2ccccc2c1=O,6.02,1,ChEMBL
CHEMBL5532623,CN(C(=O)[C@H](Cc1ccccc1)NC(=O)COc1ccc2c(c1)NC(=O)CC2)N(C#N)Cc1ccc(Cl)cc1,6.02,1,ChEMBL
CHEMBL5555184,CN(C(=O)[C@H](Cc1ccccc1)NC(=O)CNc1ccc(F)cc1F)N(C#N)Cc1ccc(Cl)cc1,6.02,1,ChEMBL
CHEMBL5590311,Cc1ccc(NC2CNC2)cc1CN(C)[C@H](C)c1cccc2ccccc12,6.02,1,ChEMBL
CHEMBL5542794,Cc1ccc(OCCN)cc1C(=O)N[C@H](C)c1cccc(-c2cnn(C)c2)c1,6.02,1,ChEMBL
CHEMBL5589924,Cc1ccc(NC2CNC2)cc1C(=O)N[C@H](C)c1cccc(-c2ccc(CNC(=O)C3CCC(N)C3)s2)c1,6.02,1,ChEMBL
CHEMBL5589927,Cc1ccc(OC2CNC2)cc1C(=O)N[C@H](C)c1cccc(-c2ccc(CNC3CCCC3)s2)c1,6.02,1,ChEMBL
CHEMBL269468,O=C1C=C(Sc2ccccc2)C(=O)c2ccccc21,6.02,1,ChEMBL
CHEMBL6161188,C[C@@H](NC(=O)c1ccccc1CCC(=O)NNC(=O)/C=C/C(=O)OC1CCCCC1)c1cccc2ccccc12,6.02,1,ChEMBL
CHEMBL6193634,COc1ccc(/C=N/NC(=O)c2ccc(CSc3cccc4cccnc34)cc2)cc1,6.02,1,ChEMBL
EDJ-MED-ede277f6-11,CC1(CS(=O)(=O)N2Cc3ccc(Cl)cc3C(C(=O)Nc3cncc4cccc(Cl)c34)C2)CS(=O)(=O)C1,6.02,1,Moonshot
BEN-DND-c852c98b-5,CS(=O)(=O)c1ccc2cncc(NC(=O)C3CCOc4ccc(Cl)cc43)c2c1,6.02,1,Moonshot
TAT-ENA-80bfd3e5-1,CN(C)S(=O)(=O)c1cccc(C(=O)Nc2c(-c3ccccc3)nc3sccn23)c1,6.01,2,Moonshot
CHEMBL1475252,COc1ccc2[nH]c([S+]([O-])Cc3ncc(C)c(OC)c3C)nc2n1,6.01,1,ChEMBL
CHEMBL1188627,C/N=c1/nc(-c2ccccc2)n(-c2ccccc2)s1,6.01,1,ChEMBL
CHEMBL5180554,CSCC[C@H](C=O)NC(=O)[C@@H](CC(C)C)NC(=O)[C@@H](CC(C)C)NC(C)=O,6.01,1,ChEMBL
CHEMBL5201060,Cc1ccc(NC2CNC2)cc1C(=O)N[C@H](C)c1cccc(-c2ccc(C(=O)O)s2)c1,6.01,1,ChEMBL
CHEMBL318779,CSCC[C@@H](C=O)NC(=O)[C@H](CC(C)C)NC(=O)[C@H](CC(C)C)NC(C)=O,6.01,1,ChEMBL
CHEMBL5434998,CC(C)(C)Cc1nc2cc(O)c(O)c(O)c2c(=O)[nH]1,6.01,1,ChEMBL
CHEMBL5430961,CC(C)(C)NCc1ccccc1,6.01,1,ChEMBL
CHEMBL5557273,CN(C(=O)[C@H](Cc1ccccc1)NC(=O)CNc1c(F)cccc1F)N(C#N)Cc1ccc(Cl)cc1,6.01,1,ChEMBL
CHEMBL5566727,Cc1ccc(OCCNC(=N)N)cc1C(=O)N[C@H](C)c1cccc2ccccc12.Cl,6.01,1,ChEMBL
CHEMBL5566385,Cc1ccc(OCCN)cc1C(=O)N[C@H](C)c1cccc(-c2ccc3c(c2)OCCO3)c1,6.01,1,ChEMBL
CHEMBL5631538,CC(C)Cn1c(C(=O)NCCCNC(=O)n2cc(F)c(=O)[nH]c2=O)cc2ccccc21,6.01,1,ChEMBL
CHEMBL5646514,COc1ccc(C(=C[C@@H]2COC[C@H]2S(=O)(=O)c2nnc(-c3ccc(Cl)cc3)o2)c2ccc(OC)cc2)cc1,6.01,1,ChEMBL
ALP-UNI-8d415491-1,O=C(Nc1cnccc1C1CC1)C1CCNc2cc(Cl)c(Cl)cc21,6.01,1,Moonshot
EDG-MED-971238d3-1,O=C(Nc1cncc2ccccc12)[C@]1(O)CCOc2ccc(Cl)cc21,6.01,1,Moonshot
CHEMBL5441467,CCn1ncc(-c2cc3c(N[C@@H](c4ccc5c(c4)OCCO5)C(C)C)ncnc3[nH]2)c1C,6.0,1,ChEMBL
CHEMBL5614177,CSc1nc2ccccc2n1C(=O)c1ccc(C)c(C)c1,6.0,1,ChEMBL
ALP-POS-ce760d3f-3,O=C(Nc1cncc2ccncc12)[C@H]1CCOc2ccc(Cl)cc21,6.0,1,Moonshot
ALP-POS-ecbed2ba-21,COCCN(C)S(=O)(=O)N1Cc2ccc(Cl)cc2C2(CCN(c3cncc4ccccc34)C2=O)C1,6.0,1,Moonshot
RAL-THA-2d450e86-30,O=C(Cc1cncc(Cl)c1)Nc1cncc2ccccc12,6.0,1,Moonshot
RAL-THA-4aa06b95-1,NC(=O)N1CCC(C(=O)Nc2cncc3ccccc23)c2cc(Cl)ccc21,6.0,1,Moonshot
CHEMBL5077800,Cc1ccc(NC2CNC2)cc1C(=O)N[C@H](C)c1cccc2ccccc12,6.0,1,ChEMBL
CHEMBL5192978,N#C[C@H](C[C@@H]1CCNC1=O)NC(=O)[C@@H]1CCCN1C(=O)c1cc2c(OC(F)F)cccc2[nH]1,6.0,1,ChEMBL
CHEMBL5178008,N#Cc1cc(S(=O)(=O)NC[C@H]2O[C@@H](n3cnc4c(N)ncnc43)[C@H](O)[C@@H]2O)ccc1Cl,6.0,1,ChEMBL
CHEMBL5291321,O=c1c2ccccc2sn1CC1CCCCC1,6.0,1,ChEMBL
CHEMBL5400782,N#C[C@H](Cc1n[nH]c2ccccc12)NC(=O)[C@@H]1[C@H]2CCC[C@H]2CN1C(=O)[C@@H](NC(=O)C(F)(F)F)C1CCCCC1,6.0,1,ChEMBL
CHEMBL5430131,CC(C)(C)[C@H](NC(=O)C(F)(F)F)C(=O)N1[C@@H]2CCCC[C@@H]2C[C@H]1C(=O)N[C@H](C#N)C[C@@H]1CCNC1=O,6.0,1,ChEMBL
CHEMBL5406997,Cc1cc(-n2c(C(C)c3ccccc3)nc3cc(O)c(O)c(O)c3c2=O)ccc1F,6.0,1,ChEMBL
CHEMBL5440769,CC1(C)[C@@H]2[C@@H](C(=O)N[C@H](C=O)C[C@@H]3CCNC3=O)N(C(=O)CNc3ccc(Cl)cc3)C[C@@H]21,6.0,1,ChEMBL
CHEMBL561061,Cc1ccc(CN)cc1C(=O)N[C@H](C)c1cccc2ccccc12,6.0,1,ChEMBL
CHEMBL5441804,O=C(O)C[C@@H](NC(=O)c1ncnc2[nH]c3cc(F)ccc3c12)c1ccc(Br)cc1,6.0,1,ChEMBL
CHEMBL5441683,CC(C)[C@@H](Nc1ncnc2[nH]c(-c3ccn(C)n3)cc12)c1ccc2c(c1)OCCO2,6.0,1,ChEMBL
CHEMBL5442070,CC(C)[C@@H](Nc1ncnc2[nH]c(C(=O)NCc3ccn(C)n3)cc12)c1ccc2c(c1)OCCO2,6.0,1,ChEMBL
CHEMBL5441992,CC(C)[C@@H](Nc1ncnc2[nH]c(S(C)(=O)=O)cc12)c1ccc2c(c1)S(=O)(=O)CCC2,6.0,1,ChEMBL
CHEMBL5555100,Cc1ccc(-c2noc(C(C)c3ccc(-c4ccccc4)c(F)c3)n2)cc1NCc1ccc(C(=O)O)s1,6.0,1,ChEMBL
CHEMBL5567753,COc1ccc(Nc2nc(=O)n(Cc3ccc[nH]c3=O)c(=O)n2Cc2cc(F)c(F)c(F)c2)c(OC)c1,6.0,1,ChEMBL
CHEMBL5518047,O=C(O)c1ccc(Nc2nc(=O)n(Cc3ccc[nH]c3=O)c(=O)n2Cc2cc(F)c(F)c(F)c2)cc1,6.0,1,ChEMBL
CHEMBL5561794,COc1ccc(Nc2nc(=O)n(Cc3ccc[nH]c3=O)c(=O)n2Cc2cc(F)c(F)c(F)c2)cc1,6.0,1,ChEMBL
CHEMBL5564231,Cn1cnc(Cn2c(=O)nc(Nc3cc4sc(N)nc4cc3Cl)n(Cc3cc(F)c(F)c(Cl)c3)c2=O)n1,6.0,1,ChEMBL
CHEMBL5564026,Cc1nc2cc(Br)c(Nc3nc(=O)n(Cc4ncn(C)n4)c(=O)n3Cc3cc(F)c(F)c(F)c3)cc2s1,6.0,1,ChEMBL
CHEMBL5568109,Cn1cnc(Cn2c(=O)nc(Nc3cc4sc(NCC(F)F)nc4cc3Cl)n(Cc3cc(F)c(F)c(F)c3)c2=O)n1,6.0,1,ChEMBL
CHEMBL5557749,CC(=O)Nc1nc2cc(Cl)c(Nc3nc(=O)n(Cc4ncn(C)n4)c(=O)n3Cc3cc(F)c(F)c(Cl)c3)cc2s1,6.0,1,ChEMBL
CHEMBL5560128,CN(C)CCn1cc2cc(Nc3nc(=O)n(Cc4ccc[nH]c4=O)c(=O)n3Cc3cc(F)c(F)c(F)c3)c(Cl)cc2n1,6.0,1,ChEMBL
CHEMBL5567482,CC(C)(O)Cn1cc2cc(Nc3nc(=O)n(Cc4ccc[nH]c4=O)c(=O)n3Cc3cc(F)c(F)c(F)c3)c(Cl)cc2n1,6.0,1,ChEMBL
CHEMBL5561321,Cn1cc2cc(Nc3nc(=O)n(Cc4ccc[nH]c4=O)c(=O)n3Cc3cc(F)c(F)c(F)c3)c(Cl)cc2n1,6.0,1,ChEMBL
CHEMBL5557057,O=c1[nH]cccc1Cn1c(=O)nc(Nc2cc3cn(C4CCOCC4)nc3cc2Cl)n(Cc2cc(F)c(F)c(F)c2)c1=O,6.0,1,ChEMBL
CHEMBL5556358,CC(=O)NCCn1cc2cc(Nc3nc(=O)n(Cc4ccc[nH]c4=O)c(=O)n3Cc3cc(F)c(F)c(F)c3)c(Cl)cc2n1,6.0,1,ChEMBL
CHEMBL5532001,COc1cc(Cl)cc(-c2cc(-c3c[nH]c(=O)[nH]c3=O)cn(-c3cccnc3)c2=O)c1,6.0,1,ChEMBL
CHEMBL5532537,CC(C)C[C@H](NC(=O)[C@H](Cc1ccc(F)cc1)NC(=O)OCc1ccccc1)C(=O)NC(C=O)CC(F)F,6.0,1,ChEMBL
CHEMBL5561254,CC(C)C[C@H](NC(=O)[C@H](Cc1ccc(F)cc1)NC(=O)OCc1ccccc1)C(=O)NC(C=O)Cc1ccncc1,6.0,1,ChEMBL
CHEMBL5560941,CC(C)C[C@H](NC(=O)[C@H](Cc1ccc(F)cc1)NC(=O)OCc1ccccc1)C(=O)NC(C=O)Cc1cccnc1,6.0,1,ChEMBL
CHEMBL5557187,CC(C)C[C@H](NC(=O)[C@H](Cc1ccc(F)cc1)NC(=O)OCc1ccccc1)C(=O)NC(C=O)CC(F)(F)F,6.0,1,ChEMBL
CHEMBL5561223,CC(C)C[C@H](NC(=O)[C@H](Cc1ccc(F)cc1)NC(=O)OCc1ccccc1)C(=O)NC(C=O)Cc1cncs1,6.0,1,ChEMBL
CHEMBL5559379,CC(C)C[C@H](NC(=O)[C@H](Cc1ccc(F)cc1)NC(=O)OCc1ccccc1)C(=O)N[C@@H](/C=C1\CCOC1=O)C[C@@H]1CCCO1,6.0,1,ChEMBL
CHEMBL5565240,CC(C)C[C@H](NC(=O)[C@H](Cc1ccc(F)cc1)NC(=O)OCc1ccccc1)C(=O)N[C@@H](/C=C1\CCOC1=O)C[C@H]1CCCO1,6.0,1,ChEMBL
CHEMBL5574283,Cc1ccc(OCC(=O)NC(=N)N)cc1C(=O)N[C@H](C)c1cccc2ccccc12,6.0,1,ChEMBL
CHEMBL5084065,O=c1c2ccccc2[se]n1Cc1ccc(F)cc1,6.0,1,ChEMBL
CHEMBL5597240,O=C(Oc1cncc(Cl)c1)c1ccccc1-c1ccccc1,6.0,1,ChEMBL
CHEMBL5597993,CCCCCCCOc1ccc(C(=O)Oc2cncc(Cl)c2)cc1,6.0,1,ChEMBL
CHEMBL5612960,CSc1nc2ccccc2n1C(=O)c1ccc2c(c1)OCCO2,6.0,1,ChEMBL
CHEMBL5639974,[O-][S+](Cc1ccncc1)c1nnc(-c2ccc(Cl)cc2)o1,6.0,1,ChEMBL
CHEMBL5755906,CC(C)(C)C(CC(=O)OCc1ccccc1)C(=O)N1CCC[C@H]1C(=O)N1C[C@]2(C[C@H]1C#N)C(=O)Nc1ccccc12,6.0,1,ChEMBL
CHEMBL5927416,CC(C)(C)C(NS(=O)(=O)c1ccccc1)C(=O)N1CCC[C@H]1C(=O)N1C[C@]2(C[C@H]1C#N)C(=O)Nc1ccccc12,6.0,1,ChEMBL
CHEMBL5821430,CC(C)(C)C(NC(=O)c1ccc(F)cc1)C(=O)N1CCC[C@H]1C(=O)N1C[C@]2(C[C@H]1C#N)C(=O)Nc1ccccc12,6.0,1,ChEMBL
CHEMBL5894232,CC(C)OC(=O)NC(C(=O)N1CCC[C@H]1C(=O)N1C[C@]2(C[C@H]1C#N)C(=O)Nc1ccccc12)C(C)(C)C,6.0,1,ChEMBL
CHEMBL5831024,CC(C)(C)C(NC(=O)NCc1ccccc1)C(=O)N1CCC[C@H]1C(=O)N1C[C@]2(C[C@H]1C#N)C(=O)Nc1ccccc12,6.0,1,ChEMBL
CHEMBL5793037,CC(C)(C)C(NCc1cc(F)c(F)cc1F)C(=O)N1CCC[C@H]1C(=O)N1C[C@]2(C[C@H]1C#N)C(=O)Nc1ccccc12,6.0,1,ChEMBL
CHEMBL5779498,CC(C)[C@@H](NC(=O)c1cc2c(F)cc(F)c(F)c2[nH]1)C(=O)N[C@@H](CC(C)(C)C)C(=O)N1C[C@]2(C[C@H]1C#N)C(=O)Nc1ccccc12,6.0,1,ChEMBL
CHEMBL5871232,CC(C)(C)C(NC(=O)C(F)(F)F)C(=O)N1CCC[C@H]1C(=O)N1C[C@]2(C[C@H]1C#N)C(=O)Nc1ccccc12,6.0,1,ChEMBL
CHEMBL5934801,CN(C)[C@@H](CC1CC1)C(=O)N[C@@H](CC(C)(C)C)C(=O)N1C[C@]2(C[C@H]1C#N)C(=O)Nc1ccccc12,6.0,1,ChEMBL
CHEMBL6028465,CC(C)(C)[C@H](NC(=O)OCc1ccccc1)C(=O)N1C[C@]2(C[C@H]1C#N)C(=O)Nc1ccccc12,6.0,1,ChEMBL
CHEMBL5863970,CC(OC(C)(C)C)[C@H](NC(=O)OCc1ccccc1)C(=O)N1C[C@]2(C[C@H]1C#N)C(=O)Nc1ccccc12,6.0,1,ChEMBL
CHEMBL6016571,COc1cccc2[nH]c(C(=O)N[C@H](CC(C)C)C(=O)N3C[C@]4(C[C@H]3C#N)C(=O)Nc3ccccc34)cc12,6.0,1,ChEMBL
CHEMBL6034398,CC(C)(C)[C@H](NC(=O)c1cc2c(F)cccc2[nH]1)C(=O)N1C[C@]2(C[C@H]1C#N)C(=O)Nc1ccccc12,6.0,1,ChEMBL
CHEMBL5755993,COc1cccc2[nH]c(C(=O)N(C)[C@@H](CC(C)C)C(=O)N3C[C@]4(C[C@H]3C(=O)C(=O)NC3CCCCC3)C(=O)Nc3ccccc34)cc12,6.0,1,ChEMBL
CHEMBL6048250,CC(C)C[C@@H](C(=O)N1C[C@]2(C[C@H]1C(=O)C(=O)NC1CCCCC1)C(=O)Nc1ccccc12)N(C)C(=O)c1cc2c(F)cccc2[nH]1,6.0,1,ChEMBL
CHEMBL5962850,COc1cccc2[nH]c(C(=O)N[C@@H](CC(C)C)C(=O)N3C[C@]4(C[C@H]3C(=O)NS(=O)(=O)C3CC3)C(=O)Nc3ccccc34)cc12,6.0,1,ChEMBL
CHEMBL5792415,N#C[C@H](C[C@@H]1CCNC1=O)NC(=O)[C@@H]1C[C@H](Oc2ccccc2)CN1C(=O)c1cc2c(OC(F)F)cccc2[nH]1,6.0,1,ChEMBL
CHEMBL5863144,CC1(C)[C@@H]2[C@@H](C(=O)N[C@H](C#N)C[C@@H]3CCNC3=O)N(C(=O)c3cc4c(Cl)cccc4o3)C[C@@H]21,6.0,1,ChEMBL
CHEMBL5861364,COc1cccc2[nH]c(C(=O)N(C)[C@@H](CC(C)C)C(=O)N3C[C@]4(CC3C(=O)C(=O)NC3CCCCC3)C(=O)Nc3ccccc34)cc12,6.0,1,ChEMBL
CHEMBL5829078,CC(C)C[C@@H](C(=O)N1C[C@]2(CC1C(=O)C(=O)NC1CCCCC1)C(=O)Nc1ccccc12)N(C)C(=O)c1cc2c(F)cccc2[nH]1,6.0,1,ChEMBL
CHEMBL5867059,COc1cccc2[nH]c(C(=O)N(C)[C@@H](CC(C)C)C(=O)N3C[C@]4(CC3C(=O)NS(=O)(=O)C3CC3)C(=O)Nc3ccccc34)cc12,6.0,1,ChEMBL
CHEMBL6134228,Cc1ccc(NCC2CNC2)cc1C(=O)N[C@H](C)c1cccc2ccccc12,6.0,1,ChEMBL
CHEMBL6145653,Cc1ccc(NC2CCN(C[C@@H]3CCCN3)CC2)cc1C(=O)N[C@H](C)c1cccc2ccccc12,6.0,1,ChEMBL
CHEMBL6176007,C=CC(=O)N(CCC)[C@H](C(=O)NCc1ccc2c(c1)OCO2)c1cccc(O)c1,6.0,1,ChEMBL
CHEMBL6171967,COc1ccc(COC(=O)/C=C/C(=O)NNC(=O)CCc2ccccc2C(=O)N[C@H](C)c2cccc3ccccc23)cc1OC,6.0,1,ChEMBL
EDJ-MED-e69ed63d-11,CC(C)(C)NC(=O)CN1CC(C(=O)Nc2cncc3cc(F)ccc23)c2cc(Cl)ccc2C1=O,6.0,1,Moonshot
EDJ-MED-e69ed63d-6,O=C(CN1CC(C(=O)Nc2cncc3cc(F)ccc23)c2cc(Cl)ccc2C1=O)NC1COC1,6.0,1,Moonshot
CHEMBL5073830,Cc1ccc(NC2CCNCC2)cc1C(=O)N[C@H](C)c1cccc2ccccc12,6.0,1,ChEMBL
MAT-POS-c20a539d-7,CCS(=O)(=O)Nc1ccc2cncc(NC(=O)Cc3cccc(Cl)c3)c2c1,5.99,1,Moonshot
EDJ-MED-12c4873b-4,CNC(=O)C(C)(C)N1CC(C(=O)Nc2cncc3ccccc23)c2cc(Cl)ccc2C1=O,5.99,3,Moonshot
PET-UNK-dd44aeb6-2,O=C(Cc1cc(Cl)ccc1Cl)Nc1cncc2ccccc12,5.99,2,Moonshot
CHEMBL5219749,CC(C)C[C@H](NC(=O)OCC12CC3CC(CC(O)(C3)C1)C2)C(=O)N[C@@H](C[C@H]1CCNC1=O)C(O)S(=O)(=O)[O-].[Na+],5.99,1,ChEMBL
CHEMBL5430369,O=C1CCCC2=C1C(c1ccc(C(F)(F)F)cc1)N(C(=O)CCl)c1ccc([N+](=O)[O-])cc1N2,5.99,1,ChEMBL
CHEMBL397309,CC(C)=CC[C@@H](OC(=O)CC(C)(C)O)C1=CC(=O)c2c(O)ccc(O)c2C1=O,5.99,1,ChEMBL
CHEMBL5441438,C[C@@H](C(=O)O)[C@H](NC(=O)c1ncnc2[nH]ccc12)c1ccc(Br)cc1,5.99,1,ChEMBL
CHEMBL5556043,CN(C(=O)[C@H](Cc1ccccc1)NC(=O)COc1cccc(F)c1Br)N(C#N)Cc1ccc(Cl)cc1,5.99,1,ChEMBL
CHEMBL5574214,Cc1ccc(OCCN)cc1C(=O)N[C@H](C)c1cccc(-c2cnn(Cc3ccccc3)c2)c1,5.99,1,ChEMBL
MAT-POS-14f31916-5,O=C(Nc1cncc2sc(Cl)cc12)C1CCOc2ccc(Cl)cc21,5.99,1,Moonshot
CHEMBL5441408,C[C@H](C(=O)O)[C@@H](NC(=O)c1ncnc2[nH]ccc12)c1ccc(Br)cc1,5.99,1,ChEMBL
ALP-UNI-8d415491-3,O=C(Nc1cncc2cnccc12)C1CCNc2cc(Cl)c(Cl)cc21,5.98,1,Moonshot
CHEMBL1256832,Cl.Oc1cc2c(cc1O)[C@H]1c3ccccc3CN[C@@H]1CC2,5.98,1,ChEMBL
CHEMBL5179577,O=C(NCCCc1ccccc1)C(c1cccnc1)N(C(=O)c1ccco1)c1ccc(-c2ccccc2)cc1,5.98,1,ChEMBL
CHEMBL5426704,CC(=O)c1ccc2c(c1)N(C(=O)CSC#N)c1ccccc1S2,5.98,1,ChEMBL
CHEMBL5442085,Cc1cc(-c2cc3c(N[C@@H](c4ccc5c(c4)OCCO5)C(C)C)ncnc3[nH]2)n(C)n1,5.98,1,ChEMBL
PEI-IMP-668afc53-2,COc1ccc(-c2ccsc2S(=O)(=O)N2CCN(C(=O)CCl)CC2)cc1,5.98,1,Moonshot
MAT-POS-bfd29aac-2,N#CC1(CS(=O)(=O)N2Cc3ccc(Cl)cc3C(C(=O)Nc3cncc4cn[nH]c34)C2)CC1,5.98,1,Moonshot
CHEMBL5441584,CCc1n[nH]cc1-c1cc2c(N[C@@H](c3ccc4c(c3)OCCO4)C(C)C)ncnc2[nH]1,5.97,1,ChEMBL
CHEMBL5441771,CC(C)[C@@H](Nc1ncnc2[nH]c(C(=O)NCCC(F)F)cc12)c1ccc2c(c1)OCCO2,5.97,1,ChEMBL
RAL-THA-8416115c-1,O=C(Nc1cncc2ccccc12)C1CCN(Cc2ccccc2)c2ccc(Cl)cc21,5.97,1,Moonshot
MAT-POS-4223bc15-36,O=C(Nc1cncc2ccccc12)C1CN(C(=O)c2cnco2)Cc2ccc(Cl)cc21,5.97,1,Moonshot
CHEMBL119171,Nc1nc(S)c2ncn(C3OC(CO)C(O)C3O)c2n1,5.97,1,ChEMBL
CHEMBL5441545,CC(C)[C@@H](Nc1ncnc2[nH]ccc12)c1ccc2c(c1)OCCO2,5.97,1,ChEMBL
CHEMBL5442072,CC(C)[C@@H](Nc1ncnc2[nH]c(C(=O)NC3COC3)cc12)c1ccc2c(c1)OCCO2,5.97,1,ChEMBL
CHEMBL5441892,CC(C)[C@@H](Nc1ncnc2[nH]c(C(=O)NCc3cnco3)cc12)c1ccc2c(c1)OCCO2,5.97,1,ChEMBL
CHEMBL5557211,CN(C(=O)[C@H](Cc1ccccc1)NC(=O)COc1cccc(Cl)c1)N(C#N)Cc1ccc(Cl)cc1,5.97,1,ChEMBL
CHEMBL5562732,CN(C(=O)[C@H](Cc1ccccc1)NC(=O)COc1cccc2ccccc12)N(C#N)Cc1ccc(Cl)cc1,5.97,1,ChEMBL
CHEMBL5571934,Cc1ccc(OCCN)cc1C(=O)N[C@H](C)c1cccc(-c2ccc3c(c2)CCO3)c1,5.97,1,ChEMBL
CHEMBL5590536,Cc1ccc(NC2CNC2)cc1C(=O)N[C@H](C)c1cccc(-c2ccc(Cl)s2)c1,5.97,1,ChEMBL
CHEMBL6141896,O=C(/C=C/c1c(Cl)c(O)c(O)c(O)c1Cl)c1ccc(-c2ccc(F)cc2)cc1,5.97,1,ChEMBL
CHEMBL6159757,CCC(C(=O)Nc1ccccc1C)n1cccc2nc(SCc3ccc(F)cc3)nc1-2,5.97,1,ChEMBL
MAT-POS-de59a476-2,COC(C(=O)Nc1cncc2ccccc12)c1ccc(Cl)c(Cl)c1,5.97,1,Moonshot
MAT-POS-9db1e783-2,O=C(Nc1cncc2ccccc12)C1(CO)CCOc2ccc(Cl)cc21,5.96,1,Moonshot
MAT-POS-90fd5f68-23,O=C(Cc1cccc(Cl)c1)Nc1cncc2ccc(OCC(F)(F)F)cc12,5.96,1,Moonshot
RAL-THA-2d450e86-8,Cc1ccc(CC(=O)Nc2cncc3ccccc23)cc1Cl,5.96,1,Moonshot
CHEMBL456,C=C(CC)C(=O)c1ccc(OCC(=O)O)c(Cl)c1Cl,5.96,1,ChEMBL
CHEMBL5414337,CC(C)C[C@@H]1NC(=O)[C@H](NC(=O)N[C@@H](Cc2ccccc2)C(=O)O)CCCCNC(=O)[C@H](Cc2ccccc2)NC(=O)[C@H](Cc2c[nH]c3cc(Cl)c(O)cc23)N(C)C(=O)[C@H](CC(C)C)NC1=O,5.96,1,ChEMBL
CHEMBL5441663,CC(C)[C@H](Nc1ncnc2n[nH]cc12)c1ccc2c(c1)S(=O)(=O)CCC2,5.96,1,ChEMBL
CHEMBL5613930,CSc1nc2ccccc2n1C(=O)c1ccc(Cl)cc1,5.96,1,ChEMBL
CHEMBL5631847,C[C@H](NC(=O)[C@H](c1cccnc1)N(C(=O)C#CCCl)c1ccc(-c2ccccc2)cc1)c1ccccc1,5.96,1,ChEMBL
CHEMBL5567336,NC[C@@H](CC[C@H](N)C(=O)O)C[C@H]1O[C@@H](n2cnc3c(N)ncnc32)[C@H](O)[C@@H]1O,5.96,1,ChEMBL
CHEMBL5612706,Nc1ncnc2c1ncn2[C@@H]1O[C@H](CSCCNC(=O)NCCc2ccccc2)[C@@H](O)[C@H]1O,5.96,1,ChEMBL
CHEMBL5094158,CC1=C(C)C(=O)C(C(C)(C)CC(=O)N(CCCCSC[C@H]2O[C@@H](n3cnc4c(N)ncnc43)[C@H](O)[C@@H]2O)Cc2cccc(-c3ccc(Cl)cc3)c2)=C(C)C1=O,5.96,1,ChEMBL
CHEMBL1215331,N#Cc1ccc(N2N=C3c4ccc(C(=O)O)cc4CC[C@@H]3[C@@H]2C2CCCC2)cc1Cl,5.96,1,ChEMBL
CHEMBL6143597,Cc1ccc(NC(=O)NCCN)cc1C(=O)N[C@H](C)c1cccc2ccccc12,5.96,1,ChEMBL
CHEMBL6134367,Cc1ccc(NC[C@@]2(C)CCCN2)cc1C(=O)N[C@H](C)c1cccc2ccccc12,5.96,1,ChEMBL
CHEMBL6149768,Cc1ccc(NC[C@@H](N)CNC[C@H]2CCCN2)cc1C(=O)N[C@H](C)c1cccc2ccccc12,5.96,1,ChEMBL
CHEMBL6145539,Cc1ccc(NC(=O)CN2CCCC2)cc1C(=O)N[C@H](C)c1cccc2ccccc12,5.96,1,ChEMBL
CHEMBL6152633,CCOC(=O)/C=C/C(=O)NCC(=O)NCc1ccccc1C(=O)NC1(c2cc(-c3cnn(C)c3)cc(-c3ccn(CC)n3)c2)CC1,5.96,1,ChEMBL
CHEMBL6172907,CCC1CCC(OC(=O)N[C@@H](CC(C)C)C(=O)N[C@H](C=O)C[C@@H]2CCNC2=O)CC1,5.96,1,ChEMBL
MAT-POS-a5ef2d74-1,O=C(Nc1cncc2ccncc12)C1CCOc2cc(F)c(Cl)cc21,5.96,1,Moonshot
DAN-MCD-93e7aadc-1,O=C(NCC1CCCCC1)[C@@H]1CN(C(=O)CCl)CCN1S(=O)(=O)c1ccsc1,5.96,1,Moonshot
MAT-POS-90fd5f68-19,NC(=O)c1ccc2cncc(NC(=O)Cc3cccc(Cl)c3)c2c1,5.96,1,Moonshot
ERI-UCB-ce40166b-17,O=C1CC(Oc2cc(Cl)cc(OCCNC(=O)c3cc(=O)[nH]c4ccccc34)c2)N1,5.96,2,Moonshot
CHEMBL1703831,O=C(Cn1sc2cc(F)ccc2c1=O)Nc1ccccc1,5.96,1,ChEMBL
CHEMBL5441977,CC(C)[C@@H](Nc1ncnc2[nH]c(C(=O)NCCc3c[nH]nn3)cc12)c1ccc2c(c1)OCCO2,5.96,1,ChEMBL
ALP-POS-95f71980-21,CC(C)(C)c1ccc(N(C(=O)c2ccno2)C(C(=O)NCCc2cccc(F)c2)c2cccnc2)cc1,5.95,1,Moonshot
MAT-POS-24589f88-5,Cc1nc(CN2Cc3ccc(Cl)cc3C(C(=O)Nc3cncc4ccc(F)cc34)C2)cs1,5.95,1,Moonshot
ALP-UNI-b33a865d-1,O=C(Nc1cncc2ccccc12)C1CCN(Cc2cnc[nH]2)c2ccc(Cl)cc21,5.95,3,Moonshot
CHEMBL271023,[O-][S+](c1ccccc1)c1ccc2nnnn2n1,5.95,1,ChEMBL
CHEMBL5192637,CC(=O)Nc1cc(F)cc(CNC(=O)C2CCN([C@H](C)c3cccc4ccccc34)CC2)c1,5.95,1,ChEMBL
CHEMBL5176190,O=C(Cn1sc2cc(F)ccc2c1=O)NC1CCCCC1,5.95,1,ChEMBL
CHEMBL5421800,NC(=O)c1ccc2c(c1)C(=O)C(=O)N2Cc1cn(Cc2ccc(S(N)(=O)=O)cc2)nn1,5.95,1,ChEMBL
CHEMBL5400454,O=c1[nH]c(-c2cccc(F)c2F)nc2cc(O)c(O)c(O)c12,5.95,1,ChEMBL
CHEMBL5441634,CC(C)[C@@H](Nc1ncnc2[nH]c(-c3cnn(C4CC4)c3)cc12)c1ccc2c(c1)OCCO2,5.95,1,ChEMBL
CHEMBL5441481,Cc1nnc(CNC(=O)c2cc3c(N[C@@H](c4ccc5c(c4)OCCO5)C(C)C)ncnc3[nH]2)o1,5.95,1,ChEMBL
CHEMBL5441737,CC(C)[C@@H](Nc1ncnc2[nH]ccc12)c1ccc2c(c1)S(=O)(=O)NCC2,5.95,1,ChEMBL
CHEMBL5589705,Cc1ccc(NC2CNC2)cc1C(=O)N[C@H](C)c1cccc(-c2cc3ccccc3s2)c1,5.95,1,ChEMBL
MAT-POS-8d5af1ef-1,O=C1CC(C(=O)Nc2cncc3ccccc23)c2cc(Br)ccc2N1,5.95,1,Moonshot
MAT-POS-fb82b63d-1,O=C(Nc1cncc2ccccc12)C1NCCc2ccc(Cl)cc21,5.95,1,Moonshot
MAT-POS-90fd5f68-32,O=C(Cc1cccc(Cl)c1)Nc1cncc2ccc(OCCN3CCCC3)cc12,5.95,1,Moonshot
MAT-POS-97ec4bd1-2,CC(C)(O)c1ccc2cncc(NC(=O)C3CN(S(=O)(=O)CC4(C#N)CC4)Cc4ccc(Cl)cc43)c2c1,5.94,1,Moonshot
PET-UNK-b38839dc-1,COc1cc2c(NC(=O)Cc3cccc(Cl)c3)cncc2cc1F,5.94,2,Moonshot
CHO-MSK-00c5269a-2,COc1ccc(N(Cc2cccc(Cl)c2)C(=O)Cn2nnc3ccccc32)cc1,5.94,1,Moonshot
MAT-POS-4223bc15-16,O=C(Nc1cncc2ccccc12)C1CN(S(=O)(=O)N2CCCC2CO)Cc2ccc(Cl)cc21,5.94,1,Moonshot
PET-UNK-c9c1e0d8-3,O=C1C(c2cccc(Cl)c2)CCCN1c1cncc2ccccc12,5.94,1,Moonshot
DAN-MCD-7eba3d41-1,O=C(NC1CCCCC1)[C@@H]1CN(C(=O)CCl)CCN1S(=O)(=O)c1ccsc1,5.94,1,Moonshot
EDJ-MED-2791eece-10,O=C(Nc1cncc2ccccc12)C1c2cc(Cl)ccc2CCN1S(=O)(=O)C1CC1,5.94,1,Moonshot
ALP-POS-6f6ae286-1,O=C1NCC(C(=O)Nc2cncc3cc(F)ccc23)c2cc(Cl)ccc21,5.94,1,Moonshot
CHEMBL5185303,CC(C)C[C@H](NC(=O)OC1CC2(C1)CN(C(=O)C(C)C)C2)C(=O)N[C@H](C=O)C[C@H]1CCNC1=O,5.94,1,ChEMBL
CHEMBL5441471,CC(C)(C)[C@@H](Nc1ncnc2[nH]ccc12)c1ccc2c(c1)OCCO2,5.94,1,ChEMBL
CHEMBL5441781,CC(C)[C@@H](Nc1ncnc2[nH]c(-c3ccnn3C3CC3)cc12)c1ccc2c(c1)OCCO2,5.94,1,ChEMBL
CHEMBL5441504,CCn1ncc(-c2cc3c(N[C@@H](c4ccc5c(c4)OCCO5)C(C)C)ncnc3[nH]2)n1,5.94,1,ChEMBL
CHEMBL5568069,CN(C(=O)[C@H](Cc1ccccc1)NC(=O)COc1ccc(F)c(F)c1)N(C#N)Cc1ccc(Cl)cc1,5.94,1,ChEMBL
CHEMBL5563272,O=C(NCCC1CCOCC1)C1CN(c2ccc(Cl)c(Cl)c2)CCN1C(=O)c1cc(=O)[nH]c2ccccc12,5.94,1,ChEMBL
CHEMBL5569062,Cc1ccc(OCCN)cc1C(=O)N[C@H](C)c1cccc(-c2cnn(C(F)F)c2)c1,5.94,1,ChEMBL
CHEMBL5565009,Cc1ccc(OCCN)cc1C(=O)N[C@H](C)c1cccc(-c2ccn[nH]2)c1,5.94,1,ChEMBL
CHEMBL5589829,CN1C(=O)/C(=C2/C(=O)N(CCN3CCCC3)c3ccccc32)c2ccccc21.Cl,5.94,1,ChEMBL
CHEMBL5592351,Cc1ccc(NC2CNC2)cc1C(=O)N[C@H](C)c1cccc(-c2ccc(CNC(=O)C3CNC3)s2)c1,5.94,1,ChEMBL
CHEMBL5632672,CC#CC(=O)N(c1ccc(-c2ccccc2)cc1)C(C(=O)N[C@@H](C)c1ccccc1)c1cccnc1,5.94,1,ChEMBL
CHEMBL6144482,C[C@H](c1cccc2ccccc12)N(C)Cc1cn(CC(N)=O)c2ccccc12,5.94,1,ChEMBL
CHEMBL6108937,CC(c1cccc2ccccc12)N1CCC(C(=O)NCc2cccc(F)c2)CC1,5.94,1,ChEMBL
CHEMBL6171960,Cc1ncsc1-c1ccc(CNC(=O)[C@@H]2C[C@@H](O)CN2C(=O)[C@@H](NC(=O)CCOCCOCCOCCNC(=O)[C@]23CCC(C)(C)C[C@H]2[C@H]2CC[C@@H]4[C@@]5(C)CC[C@H](O)C(C)(C)[C@@H]5CC[C@@]4(C)[C@]2(C)CC3)C(C)(C)C)cc1,5.94,1,ChEMBL
EDJ-MED-c3ea9889-4,CNC(=O)CN1CC(C)(C(=O)Nc2cncc3cccc(Cl)c23)c2cc(Cl)ccc2S1(=O)=O,5.94,2,Moonshot
CHEMBL5441612,CO[C@@H]1CCC[C@H]1NC(=O)c1cc2c(N[C@@H](c3ccc4c(c3)OCCO4)C(C)C)ncnc2[nH]1,5.93,1,ChEMBL
ALP-POS-d9b6304e-1,CC(C)(C)c1ccc(N(C(=O)c2cocn2)C(C(=O)NCCc2cccc(F)c2)c2cc(=O)[nH]c3ccccc23)cc1,5.93,2,Moonshot
MAT-POS-ea426761-9,COc1cccc(C2=N/C(=C/c3sccc3C)C(=O)O2)c1,5.93,2,Moonshot
ALP-POS-305f6ec3-14,CC(C)(C)c1ccc(N(C(=O)c2c[nH]nn2)C(C(=O)NCCc2cccc(F)c2)c2cccnc2)cc1,5.93,1,Moonshot
NIR-THE-c331be7a-2,N#Cc1cccc(C2CN(C(=O)CCl)Cc3ccccc32)c1,5.93,1,Moonshot
CHEMBL5441489,CC(C)[C@@H](Nc1ncnc2[nH]ccc12)c1ccc2c(n1)OCCO2,5.93,1,ChEMBL
CHEMBL5441726,CNS(=O)(=O)c1cc2c(N[C@@H](c3ccc4c(c3)S(=O)(=O)CCC4)C(C)C)ncnc2[nH]1,5.93,1,ChEMBL
RAL-THA-176e263b-1,CCC1(C(=O)Nc2cncc3ccccc23)CNC(=O)c2ccc(Cl)cc21,5.93,2,Moonshot
CHEMBL5441797,CC(C)[C@@H](Nc1ncnc2[nH]c(-c3cn(C)nc3C3CC3)cc12)c1ccc2c(c1)OCCO2,5.92,1,ChEMBL
CHEMBL5182294,NC(=O)CCN(NC(=O)[C@H](CC1CCCCC1)NC(=O)OCc1ccccc1)C(=O)CF,5.92,1,ChEMBL
CHEMBL5190060,CC(C)C[C@H](NC(=O)OC1CCC2(C1)CN(C(=O)OC(C)(C)C)C2)C(=O)N[C@@H](C[C@H]1CCNC1=O)C(=O)C(O)S(=O)(=O)[O-].[Na+],5.92,1,ChEMBL
CHEMBL5426064,O=C1c2c(O)cc(O)cc2OC(c2cc(O)c(O)c(O)c2)[C@@H]1O,5.92,1,ChEMBL
CHEMBL5441550,Cc1cc(CNC(=O)c2cc3c(N[C@@H](c4ccc5c(c4)OCCO5)C(C)C)ncnc3[nH]2)[nH]n1,5.92,1,ChEMBL
CHEMBL5442161,CNC(=O)c1cc2c(N[C@H](c3ccc4c(c3)NC(=O)CO4)C(C)C)ncnc2[nH]1,5.92,1,ChEMBL
CHEMBL515155,O=C1Nc2ccccc2/C1=C1\C(=O)Nc2ccccc21,5.92,1,ChEMBL
CHEMBL5573244,O=C(O)CCCCCCCN1C(=O)/C(=C2/C(=O)Nc3ccccc32)c2cc(Br)ccc21,5.92,1,ChEMBL
CHEMBL5589680,Cc1ccc(NC2CNC2)cc1C(=O)N[C@H](C)c1cccc(-c2sccc2C)c1,5.92,1,ChEMBL
CHEMBL5591155,Cc1ccc(OC2CCNC2)cc1C(=O)N[C@H](C)c1cccc(-c2ccc(CN3CCCC3)s2)c1,5.92,1,ChEMBL
CHEMBL5632186,Cc1ccc2c(c1)cc(C(=O)NCCCNC(=O)n1cc(F)c(=O)[nH]c1=O)n2CC(C)C,5.92,1,ChEMBL
CHEMBL6148061,Cc1ccc(NC[C@]2(C)CCCN2)cc1C(=O)N[C@H](C)c1cccc2ccccc12,5.92,1,ChEMBL
MAT-POS-3b92565d-1,COc1ccc(Cl)cc1CC(=O)Nc1cncc2ccccc12,5.92,3,Moonshot
ALP-POS-d0876c20-21,CC(C)(C)c1ccc(N(C(=O)c2cocn2)C(C(=O)NCCc2cccc(F)c2)c2cnccn2)cc1,5.92,1,Moonshot
MAT-POS-c88128cb-1,CC(C)CS(=O)(=O)N1Cc2ccc(Cl)cc2C(C(=O)Nc2cncc3ccc(C(C)(C)O)cc23)C1,5.91,1,Moonshot
MAT-POS-7174c657-1,CNS(=O)(=O)c1cc(CNC[C@]2(C(=O)Nc3cncc4ccccc34)CCOc3ccc(Cl)cc32)ccc1F,5.91,1,Moonshot
CHEMBL1271764,CN1CCN(C2=C(Cl)C(=O)N(c3ccc(Cl)c(Cl)c3)C2=O)CC1,5.91,1,ChEMBL
CHEMBL154580,C=CC(=O)c1ccc2ccccc2c1,5.91,1,ChEMBL
CHEMBL5207613,Cc1nnc(SC(=O)c2cc3ccccc3[nH]2)o1,5.91,1,ChEMBL
CHEMBL413552,O=c1c(O)c(-c2ccc(O)c(O)c2)oc2cc(O)c(O)c(O)c12,5.91,1,ChEMBL
CHEMBL5532127,COc1cccc(OCC(=O)N[C@@H](Cc2ccccc2)C(=O)N(C)N(C#N)Cc2ccc(Cl)cc2)c1,5.91,1,ChEMBL
CHEMBL5561030,CN(C(=O)[C@H](Cc1ccccc1)NC(=O)COc1ccc(F)cc1)N(C#N)Cc1ccc(Cl)cc1,5.91,1,ChEMBL
CHEMBL5560122,COc1ccc(OCC(=O)N[C@@H](Cc2ccccc2)C(=O)N(C)N(C#N)Cc2ccc(Cl)cc2)cc1,5.91,1,ChEMBL
CHEMBL5559439,CNC(=O)c1cccc([N+](=O)[O-])c1N[C@@H]1CCCC[C@@H]1NC(=O)c1cc(=O)[nH]c2ccccc12,5.91,1,ChEMBL
CHEMBL5570272,C[C@H](c1cccc2ccccc12)N(C)Cc1ccc(N)cc1,5.91,1,ChEMBL
CHEMBL5592561,Cc1ccc(OCCN)cc1C(=O)N[C@H](C)c1cccc(-c2ccc(F)cc2)c1,5.91,1,ChEMBL
CHEMBL5640018,[O-][S+](CC1CC1)c1nnc(-c2ccc(Cl)cc2)o1,5.91,1,ChEMBL
MAT-POS-7174c657-6,O=C(N[C@@H](C(=O)Nc1cncc2ccccc12)c1cccc(Cl)c1)[C@@H]1CC[C@H](C(=O)N2CCCC2)O1,5.91,1,Moonshot
EDJ-MED-12c4873b-5,O=C(Nc1cncc2ccccc12)C1CN(C2CCNC2=O)Cc2ccc(Cl)cc21,5.91,1,Moonshot
MAT-POS-29385cc1-3,Cc1ccc2c(NC(=O)Cc3cccc(Cl)c3)cncc2c1,5.91,2,Moonshot
CHEMBL5442027,CC(C)[C@@H](Nc1ncnc2[nH]c(-c3ccc4nccn4c3)cc12)c1ccc2c(c1)OCCO2,5.91,1,ChEMBL
TAT-ENA-80bfd3e5-7,CSC1=C(C#N)C2(CCCCC2)C(C#N)=C(NC(=O)CCl)N1,5.9,2,Moonshot
CHEMBL5178643,CC(C)C[C@H](NC(=O)OC1CCC2(C1)CN(C(=O)OC(C)(C)C)C2)C(=O)N[C@H](C=O)C[C@H]1CCNC1=O,5.9,1,ChEMBL
CHEMBL5441950,CC(=O)N1CC(NC(=O)c2cc3c(N[C@@H](c4ccc5c(c4)OCCO5)C(C)C)ncnc3[nH]2)C1,5.9,1,ChEMBL
CHEMBL5571905,Cc1ccc(NCCNC(=N)N)cc1CN[C@H](C)c1cccc2ccccc12,5.9,1,ChEMBL
CHEMBL3913676,COc1ccc(-n2[se]c3ccccc3c2=O)cc1,5.9,1,ChEMBL
CHEMBL5629985,CC(C)(F)C(=O)N[C@H](C(=O)N1[C@@H]2CC[C@@H](C2)[C@H]1C(=O)N[C@@H](C[C@@H]1CCNC1=O)C(=O)c1nc2ccccc2s1)C(C)(C)C,5.9,1,ChEMBL
CHEMBL5632119,O=C(NCc1ccccn1)C(=O)[C@@H](Cc1ccccc1)NC(=O)[C@H]1CCC(=O)N1Cc1ccccc1,5.9,1,ChEMBL
PET-UNK-c9c1e0d8-4,O=C1C(c2cccc(Cl)c2)CCN1c1cncc2ccccc12,5.9,2,Moonshot
DAN-MCD-9950a804-1,O=C(NCCc1ccccc1)[C@@H]1CN(C(=O)CCl)CCN1S(=O)(=O)c1ccsc1,5.89,1,Moonshot
CHEMBL5403236,CN(Cc1cccs1)C(=O)[C@@H]1CN(C(=O)c2cccnc2)CCN1c1ccc(Cl)c(Cl)c1,5.89,1,ChEMBL
CHEMBL5430702,C[C@@H](NS(=O)(=O)c1cccc(N)c1)c1cccc2ccccc12,5.89,1,ChEMBL
CHEMBL5441749,CCn1nccc1-c1cc2c(N[C@@H](c3ccc4c(c3)OCCO4)C(C)C)ncnc2[nH]1,5.89,1,ChEMBL
CHEMBL5442146,CCNC(=O)c1cc2c(N[C@H](c3ccc4c(c3)S(=O)(=O)CCC4)C(C)C)ncnc2[nH]1,5.89,1,ChEMBL
CHEMBL5542926,COc1ccc(-c2noc(C(C)c3cccc4ccccc34)n2)cc1NCc1ccc(C(=O)O)s1,5.89,1,ChEMBL
CHEMBL5561138,O=C1N[C@@H](CC2CCCCC2)C(=O)N1c1cncc2ccccc12,5.89,1,ChEMBL
CHEMBL5555651,CN(C(=O)[C@H](Cc1ccccc1)NC(=O)COc1ccc(Cl)cc1)N(C#N)Cc1ccc(Cl)cc1,5.89,1,ChEMBL
CHEMBL5562979,O=C1CC2(CCN(C(=O)C3CN(c4ccc(Cl)c(Cl)c4)CCN3C(=O)c3cc(=O)[nH]c4ccccc34)CC2)C1,5.89,1,ChEMBL
CHEMBL5573502,Cc1ccc(OCC[N+](C)(C)C)cc1C(=O)N[C@H](C)c1cccc(-c2cccs2)c1,5.89,1,ChEMBL
CHEMBL5632201,C[C@H](NC(=O)C(c1cccnc1)N(C(=O)C#CC(C)(C)O)c1ccc(-c2ccccc2)cc1)c1ccccc1,5.89,1,ChEMBL
CHEMBL5631290,Cc1cn(C(=O)NCCCNC(=O)c2cc3cc(Cl)ccc3n2CC(C)C)c(=O)[nH]c1=O,5.89,1,ChEMBL
CHEMBL6102122,N#C[C@@H]1C[C@@]2(CN1C(=O)[C@H](CS(=O)(=O)Cc1ccccc1)NC(=O)[C@@H](NC(=O)C(F)(F)F)C1CC1)C(=O)Nc1ccccc12,5.89,1,ChEMBL
CHEMBL6163843,Cc1ccc(NC(=O)[C@@H]2CCCCN2)cc1C(=O)N[C@H](C)c1cccc2ccccc12,5.89,1,ChEMBL
CHEMBL6170973,Cc1ccc(NC(=O)CNCC2CC2)cc1C(=O)N[C@H](C)c1cccc2ccccc12,5.89,1,ChEMBL
CHEMBL6141994,C[C@H](c1cccc2ccccc12)N(C)Cc1ccc2cc[nH]c2c1,5.89,1,ChEMBL
CHEMBL6152709,C[C@H](c1cccc2ccccc12)N(C)Cc1ccc(B(O)O)cc1,5.89,1,ChEMBL
CHEMBL6150258,C[C@H](c1cccc2ccccc12)N1CCC(C(=O)NCC2CCOCC2)CC1,5.89,1,ChEMBL
CHEMBL6192227,COc1cc(OC)cc(C(=O)Nc2nc3c(s2)Cc2cc(OC)ccc2-3)c1,5.89,1,ChEMBL
ALP-POS-e0fe77e5-13,O=C1N(c2cncc3ccccc23)CCCC12CCNc1ccc(Cl)cc12,5.89,1,Moonshot
MAT-POS-9ff17035-3,O=C(Cc1cc(Cl)cc(Oc2cccnc2)c1)Nc1cncc2ccccc12,5.89,1,Moonshot
CHEMBL5441983,CC(C)[C@@H](Nc1ncnc2[nH]c(C(=O)NCc3nncn3C)cc12)c1ccc2c(c1)OCCO2,5.88,1,ChEMBL
CHEMBL5441506,CC(C)[C@@H](Nc1ncnc2[nH]c(C(=O)NCC3(CO)CC3)cc12)c1ccc2c(c1)OCCO2,5.88,1,ChEMBL
MAT-POS-f9802937-3,CN(C)C(=O)C[C@]1(C(=O)Nc2cncc3ccccc23)CCOc2ccc(Cl)cc21,5.88,1,Moonshot
MIC-UNK-50cce87d-1,O=C(Cc1cccc(Cl)c1)Nc1cncc2cccc(F)c12,5.88,2,Moonshot
ALP-POS-a2344586-3,CC(C)(C)c1ccc(N(C(=O)c2c[nH]cn2)C(C(=O)NCCc2cccc(F)c2)c2cc(=O)[nH]c3ccccc23)cc1,5.88,1,Moonshot
VLA-UCB-29506327-1,O=C1NC2(CCOc3ccc(Cl)cc32)C(=O)N1c1cncc2ccccc12,5.88,1,Moonshot
CHEMBL3665060,CN1CCN(C(=O)c2ccc(-c3ccc4c(C=O)c(O)ccc4c3)s2)CC1,5.88,1,ChEMBL
CHEMBL1380480,COc1cc(C(=S)N2CCOCC2)ccc1O,5.88,1,ChEMBL
CHEMBL9116,CNC(=O)ON(C(C)=O)C(=O)NC,5.88,1,ChEMBL
CHEMBL5441508,CC(C)[C@@H](Nc1ncnc2[nH]c(-c3cnn(C4(C(N)=O)CC4)c3)cc12)c1ccc2c(c1)OCCO2,5.88,1,ChEMBL
CHEMBL5441476,CC(C)[C@@H](Nc1ncnc2[nH]cnc12)c1ccc2c(c1)S(=O)(=O)CCC2,5.88,1,ChEMBL
CHEMBL5560644,CN1CCN(C(=O)C2CN(c3ccc(Cl)c(Cl)c3)CCN2C(=O)c2cc(=O)[nH]c3ccccc23)CC1,5.88,1,ChEMBL
CHEMBL5572124,CN1C(=O)/C(=C2/C(=O)N(CCCN)c3ccc(Br)cc32)c2ccccc21.Cl,5.88,1,ChEMBL
CHEMBL5208720,Nc1cccn([C@@H](CC2CC2)C(=O)N[C@@H](C[C@@H]2CCNC2=O)C(=O)C(=O)NCc2ccccc2)c1=O,5.87,1,ChEMBL
CHEMBL5207769,C=CC[C@H](NC(=O)/C=C/c1ccccc1)C(=O)N[C@H](C=O)C[C@@H]1CCCNC1=O,5.87,1,ChEMBL
CHEMBL5418919,O=c1c2c(O)c(O)c(O)cc2nc(-c2ccccc2)n1CCO,5.87,1,ChEMBL
CHEMBL5411233,COC(=O)/C=C/[C@H](C[C@@H]1CCNC1=O)NC(=O)[C@H](CC(C)C)NC(=O)OCc1ccccc1,5.87,1,ChEMBL
CHEMBL5441924,Cc1ncc(-c2cc3c(N[C@@H](c4ccc5c(c4)OCCO5)C(C)C)ncnc3[nH]2)o1,5.87,1,ChEMBL
CHEMBL5441626,CC(C)[C@@H](Nc1ncnc2[nH]c(C(=O)NCCc3cnco3)cc12)c1ccc2c(c1)OCCO2,5.87,1,ChEMBL
CHEMBL5561615,O=C(NCCCN1CCOCC1)C1CN(c2ccc(Cl)c(Cl)c2)CCN1C(=O)c1cc(=O)[nH]c2ccccc12,5.87,1,ChEMBL
CHEMBL583959,S=C(SSC(=S)N1CCCC1)N1CCCC1,5.87,1,ChEMBL
MAT-POS-24589f88-16,Cn1ccc(CN2Cc3ccc(Cl)cc3C(C(=O)Nc3cncc4ccc(F)cc34)C2)n1,5.87,1,Moonshot
MAT-POS-fce787c2-2,O=C(Cc1cc(Cl)cc(Cl)c1)Nc1cncc2ccccc12,5.86,1,Moonshot
CHEMBL60718,Cc1ccc(S(=O)(=O)N[C@@H](Cc2ccccc2)C(=O)CCl)cc1,5.86,1,ChEMBL
CHEMBL5397302,O=c1[nH]c(-c2ccccc2)nc2cc(O)c(O)c(O)c12,5.86,1,ChEMBL
CHEMBL5412979,O=c1[nH]c(C2CCCCC2)nc2cc(O)c(O)c(O)c12,5.86,1,ChEMBL
CHEMBL5594045,Cc1ccc(N)cc1C(=O)N[C@H](C)c1cccc(-c2ccc(CNC3CCCC3)s2)c1,5.86,1,ChEMBL
CHEMBL5583810,Cc1ccc(OC2CNC2)cc1C(=O)N[C@H](C)c1cccc(-c2ncc(CNC3CCCC3)o2)c1,5.86,1,ChEMBL
MAT-POS-61f37a1a-14,O=C1NC2(COc3ccc(Cl)cc32)C(=O)N1c1cncc2ccc(F)cc12,5.86,1,Moonshot
LON-WEI-9739a092-3,COc1cc(Br)ccc1Nc1cc(Cl)cc(CC(=O)Nc2cncc3ccccc23)c1,5.86,1,Moonshot
ALP-POS-82da25a3-1,O=C(Nc1cncc2cc(CO)ccc12)C1CCOc2ccc(Cl)cc21,5.86,1,Moonshot
CHEMBL5441822,CC(C)[C@@H](Nc1ncnc2[nH]c(-c3cnc4c(c3)CC(=O)N4)cc12)c1ccc2c(c1)OCCO2,5.86,1,ChEMBL
LON-WEI-4d77710c-10,O=C(NCc1ccc2c(c1)OCO2)c1nc(S(=O)(=O)Cc2ccccc2)ncc1Cl,5.85,2,Moonshot
RAL-THA-8416115c-13,O=C(Nc1cncc2ccccc12)C1CCN(Cc2ncn[nH]2)c2ccc(Cl)cc21,5.85,1,Moonshot
CHEMBL5179310,CC(C)C[C@H](NC(=O)[C@@H](NC(=O)C1CCCCC1)C(C)C)C(=O)N[C@H](C=O)C[C@@H]1CCCNC1=O,5.85,1,ChEMBL
CHEMBL5182755,CC(C)C[C@H](NC(=O)[C@@H](NC(=O)c1ccc(C(F)(F)F)cc1)C(C)C)C(=O)N[C@H](C=O)C[C@@H]1CCCNC1=O,5.85,1,ChEMBL
CHEMBL5178940,COc1ccc(S(=O)(=O)NC[C@H]2O[C@@H](n3cnc4c(N)ncnc43)[C@H](O)[C@@H]2O)c([N+](=O)[O-])c1,5.85,1,ChEMBL
CHEMBL5396421,N#C[C@H](C[C@@H]1CCNC1=O)NC(=O)C1CC2(CCCCC2)CN1C(=O)OCc1ccccc1,5.85,1,ChEMBL
CHEMBL5441629,CCn1ccc(-c2cc3c(N[C@@H](c4ccc5c(c4)OCCO5)C(C)C)ncnc3[nH]2)n1,5.85,1,ChEMBL
CHEMBL5441938,CC(C)[C@@H](Nc1ncnc2[nH]c(-c3cnn(C4CCC4)c3)cc12)c1ccc2c(c1)OCCO2,5.85,1,ChEMBL
CHEMBL5561848,CN(C(=O)[C@H](Cc1ccccc1)NC(=O)CCc1ccc(F)c(F)c1)N(C#N)Cc1ccc(Cl)cc1,5.85,1,ChEMBL
CHEMBL5570215,Cc1ccc(OC2CNC2)cc1C(=O)N[C@H](C)c1cccc2ccccc12,5.85,1,ChEMBL
CHEMBL5632123,COc1ccc2c(c1)cc(C(=O)NCCCNC(=O)n1cc(F)c(=O)[nH]c1=O)n2CC(C)C,5.85,1,ChEMBL
CHEMBL6144326,CC[C@H](C)[C@@H]1NC(=O)[C@@H](Cc2ccc(O)cc2)NC(=O)CSC[C@@H](C(N)=O)NC(=O)[C@H]([C@@H](C)CC)NC(=O)[C@@H]2CCCN2C(=O)[C@@H]2CCCN2C(=O)[C@H](Cc2ccccc2)NC(=O)[C@H](CO)NC(=O)[C@H](CCC(N)=O)NC1=O,5.85,1,ChEMBL
CHEMBL6148184,CC[C@H](C)[C@@H]1NC(=O)[C@@H](Cc2ccc(O)cc2)NC(=O)CSC[C@@H](C(N)=O)NC(=O)[C@H](C(C)C)NC(=O)[C@H](CC(C)C)NC(=O)[C@@H]2CCCN2C(=O)[C@H](Cc2ccccc2)NC(=O)[C@H]([C@@H](C)O)NC(=O)[C@H](CCC(N)=O)NC1=O,5.85,1,ChEMBL
CHEMBL6151475,CC[C@H](C)[C@@H]1NC(=O)[C@@H](Cc2ccc(O)cc2)NC(=O)CSC[C@@H](C(N)=O)NC(=O)[C@H](C(C)C)NC(=O)[C@H](CC(C)C)NC(=O)[C@@H]2CCCN2C(=O)[C@H](Cc2ccccc2)NC(=O)[C@H]([C@@H](C)O)NC(=O)[C@H](Cc2c[nH]cn2)NC1=O,5.85,1,ChEMBL
CHEMBL6144965,Cc1ccc(NC[C@H]2CCCCN2)cc1C(=O)N[C@H](C)c1cccc2ccccc12,5.85,1,ChEMBL
CHEMBL6152786,Cc1ccc(NC(=O)[C@H]2CCCN2)cc1C(=O)N[C@H](C)c1cccc2ccccc12,5.85,1,ChEMBL
CHEMBL6145963,Cc1ccc(NC(=O)C2CN(C(C)C)CCN2)cc1C(=O)N[C@H](C)c1cccc2ccccc12,5.85,1,ChEMBL
CHEMBL6151526,Cc1ccc(NC[C@@H]2CCCCN2C)cc1C(=O)N[C@H](C)c1cccc2ccccc12,5.85,1,ChEMBL
CHEMBL6103062,CC(c1cccc2ccccc12)N1CCC(C(=O)NCc2ccc(F)cc2)CC1,5.85,1,ChEMBL
CHEMBL6161069,CCC(C(=O)Nc1cc(NC2CCOCC2)ccc1C)n1cc(F)cc2nc(SCc3ccc(F)cc3)nc1-2,5.85,1,ChEMBL
ROB-IMP-e811baff-1,CNC(=O)Nc1ccc(N(Cc2ccsc2)C(=O)Cn2nnc3ccccc32)cc1,5.85,1,Moonshot
MAT-POS-7174c657-5,O=C(N[C@H](C(=O)Nc1cncc2ccccc12)c1cccc(Cl)c1)[C@@H]1CC[C@H](C(=O)N2CCCC2)O1,5.85,1,Moonshot
MAT-POS-7ddaf7de-3,O=C(Nc1cncc2cc(CN3CC4(CNC4)C3)ccc12)C1CCOc2ccc(Cl)cc21,5.84,1,Moonshot
ALP-UNI-3735e77e-1,O=C1C(c2ccc(Cl)c(Cl)c2)CCCN1c1cncc2ccccc12,5.84,2,Moonshot
CHEMBL55400,Nc1ccc2cc3ccc(N)cc3nc2c1,5.84,1,ChEMBL
CHEMBL4857861,CCOc1ccccc1CN(OC)C(=O)CSc1c[nH]c2cccc(Br)c12,5.84,1,ChEMBL
CHEMBL5395882,O=c1[nH]c(-c2ccccc2F)nc2cc(O)c(O)c(O)c12,5.84,1,ChEMBL
CHEMBL5441465,CC(C)[C@@H](Nc1ncnc2[nH]c(C3CCS(=O)(=O)CC3)cc12)c1ccc2c(c1)OCCO2,5.84,1,ChEMBL
CHEMBL5442117,COc1ccc([C@H](CC(=O)O)NC(=O)c2ncnc3[nH]ccc23)cc1,5.84,1,ChEMBL
CHEMBL2348244,N[C@H]1C(=O)N[C@@H]2Cc3ccc(c(Cl)c3)Oc3cc4cc(c3O)Oc3ccc(cc3Cl)[C@@H](O)[C@@H]3NC(=O)[C@H](NC(=O)[C@@H]4NC(=O)[C@@H](NC2=O)c2cc(O)cc(c2)Oc2cc1ccc2O)c1ccc(O)c(c1)-c1c(O)cc(O)cc1[C@@H](C(=O)O)NC3=O,5.84,1,ChEMBL
CHEMBL6120738,CC(C)C[C@@H]1NC(=O)[C@H](Cc2ccccc2)NC(=O)[C@@H](Cc2ccc(O)cc2)NC(=O)CSC[C@@H](C(=O)NCC(N)=O)NC(=O)CNC(=O)[C@H](Cc2ccccc2)NC(=O)[C@H]([C@@H](C)O)NC(=O)[C@H](Cc2ccc(O)cc2)NC(=O)[C@H](CCCNC(=N)N)NC(=O)[C@H](Cc2ccc(O)cc2)NC(=O)[C@@H]2CCCN2C(=O)[C@@H]2CCCN2C1=O,5.84,1,ChEMBL
CHEMBL6150853,C[C@H](c1cccc2ccccc12)N(C)Cc1c(F)cc(N)cc1F,5.84,1,ChEMBL
VLA-UCB-05e51b3f-10,C=CC(=O)N(C(=O)[C@H]1CCOc2ccc(Cl)cc21)c1cncc2ccccc12,5.84,1,Moonshot
PET-UNK-e274cad4-6,Cn1ccc2cncc(NC(=O)Cc3cccc(Cl)c3)c21,5.84,1,Moonshot
EDJ-MED-827e7cb4-6,CCC1(C(=O)Nc2cncc3ccc(S(C)(=O)=O)cc23)CNC(=O)c2ccc(Cl)cc21,5.84,1,Moonshot
JIN-POS-6dc588a4-11,O=C(Cc1cccc(Cl)c1)Nc1cncc2cc(F)ccc12,5.83,1,Moonshot
MAT-POS-86c60949-3,O=C(Nc1cncc2ccc(CN3CC4(CNC4)C3)cc12)C1CCOc2ccc(Cl)cc21,5.83,1,Moonshot
EDJ-MED-2f867453-1,CC1(C(=O)Nc2cncc3ccccc23)CNc2ccc(Cl)cc21,5.83,1,Moonshot
CHEMBL3545085,CC(C)c1cc(CNc2nc(Nc3cc(C4CC4)[nH]n3)cc(N3CCN(C)CC3)n2)on1,5.83,1,ChEMBL
CHEMBL5174138,CC(C)C[C@H](NC(=O)[C@H](CC1CCCCC1)NC(=O)/C=C/c1ccccc1)C(=O)N[C@H](C=O)C[C@@H]1CCCNC1=O,5.83,1,ChEMBL
CHEMBL5204664,O=C(NCC(c1ccccc1)c1ccccc1)C(c1cccnc1)N(C(=O)c1ccco1)c1ccc(-c2ccccc2)cc1,5.83,1,ChEMBL
CHEMBL5408630,O=c1[nH]c(-c2ccccc2C(F)(F)F)nc2cc(O)c(O)c(O)c12,5.83,1,ChEMBL
CHEMBL5419145,O=c1c2c(O)c(O)c(O)cc2nc(-c2ccccc2)n1-c1ccc(-c2ccccc2)cc1,5.83,1,ChEMBL
CHEMBL5441826,CC(=O)c1ccc(-c2cc3c(N[C@@H](c4ccc5c(c4)OCCO5)C(C)C)ncnc3[nH]2)o1,5.83,1,ChEMBL
CHEMBL5441486,CC(C)[C@@H](Nc1ncnc2[nH]c(C(=O)NC3(CF)COC3)cc12)c1ccc2c(c1)OCCO2,5.83,1,ChEMBL
CHEMBL5441398,COc1ccc([C@H](Cc2nnn[nH]2)NC(=O)c2ncnc3[nH]ccc23)cc1,5.83,1,ChEMBL
CHEMBL5556766,CN1C(=O)[C@H](CCc2ccccc2)NC(=O)COCCOc2ccc(F)cc2CN1C#N,5.83,1,ChEMBL
CHEMBL5570169,Cc1ccc(OCCN)cc1C(=O)N[C@H](C)c1cccc(-c2c(C)noc2C)c1,5.83,1,ChEMBL
CHEMBL5575882,Cc1ccc(OCCN)cc1C(=O)N[C@H](C)c1cccc(-c2cn[nH]c2)c1,5.83,1,ChEMBL
CHEMBL5592713,Cc1ccc(NC2CNC2)cc1C(=O)N[C@H](C)c1cccc(-c2sc(CN[C@H]3CC[C@@H](O)C3)cc2C)c1,5.83,1,ChEMBL
CHEMBL5647650,O=S(=O)(Cc1ccc2cnccc2c1)c1nnc(-c2ccc(Cl)cc2)o1,5.83,1,ChEMBL
CHEMBL6141701,Nc1ncnc2c1ncn2[C@@H]1O[C@H](C(=O)Nc2ccc3c(C(F)(F)F)cc(=O)oc3c2)[C@@H](O)[C@H]1O,5.83,1,ChEMBL
CHEMBL121516,S=C(SSC(=S)N1CCCCC1)N1CCCCC1,5.83,1,ChEMBL
MAT-POS-fce787c2-6,O=C(Nc1cncc2ccccc12)C(F)(F)c1ccc(Cl)c(Cl)c1,5.83,1,Moonshot
MAT-POS-bbbbc21a-3,O=C(Cc1cc(Cl)cc2c1OCC2)Nc1cncc2ccccc12,5.83,1,Moonshot
RUB-POS-1325a9ea-14,Cn1ncc2cncc(NC(=O)Cc3cccc(Cl)c3)c21,5.83,2,Moonshot
CHEMBL5568874,CN1C(=O)/C(=C2/C(=O)N(CCN)c3ccccc32)c2cc(Br)ccc21.Cl,5.83,1,ChEMBL
LON-WEI-9739a092-9,CCS(=O)(=O)N1CCN(c2cc(Cl)cc(CC(=O)Nc3cncc4ccccc34)c2)CC1,5.82,1,Moonshot
CHEMBL5175589,C[C@H](c1cccc2ccccc12)N1CCC(C(=O)NCc2cccc(NC(=O)CN(C)C)c2)CC1,5.82,1,ChEMBL
CHEMBL50894,O=C1Cc2c([nH]c3ccc([N+](=O)[O-])cc23)-c2ccccc2N1,5.82,1,ChEMBL
CHEMBL296586,O=C1Cc2c([nH]c3ccc(Br)cc23)-c2ccccc2N1,5.82,1,ChEMBL
CHEMBL5182169,CC(=O)OCC(=O)[C@H](C[C@@H]1CCNC1=O)NC(=O)[C@H](CC(C)C)NC(=O)OCc1cccc(Cl)c1,5.82,1,ChEMBL
CHEMBL2103913,CCCCCCCCCC(=O)N[C@H]1[C@H](Oc2c3cc4cc2Oc2ccc(cc2Cl)[C@@H](O[C@@H]2O[C@H](CO)[C@@H](O)[C@H](O)[C@H]2NC(C)=O)[C@@H]2NC(=O)[C@H](NC(=O)[C@@H]4NC(=O)[C@H]4NC(=O)[C@H](Cc5ccc(c(Cl)c5)O3)NC(=O)[C@H](N)c3ccc(O)c(c3)Oc3cc(O)cc4c3)c3ccc(O)c(c3)-c3c(O[C@H]4O[C@H](CO)[C@@H](O)[C@H](O)[C@@H]4O)cc(O)cc3[C@@H](C(=O)O)NC2=O)O[C@H](CO)[C@@H](O)[C@@H]1O,5.82,1,ChEMBL
CHEMBL5399253,COc1cccc2[nH]c(C(=O)N3CC4(CCCC4)CC3C(=O)N[C@H](C=O)C[C@@H]3CCNC3=O)cc12,5.82,1,ChEMBL
CHEMBL5441595,CC(C)[C@@H](Nc1ncnc2[nH]c(C(=O)N[C@H]3[C@@H]4CN(C)C[C@@H]43)cc12)c1ccc2c(c1)OCCO2,5.82,1,ChEMBL
CHEMBL5563616,COCCn1cc(-c2cccc([C@@H](C)NC(=O)c3cc(OCCN)ccc3C)c2)cn1,5.82,1,ChEMBL
CHEMBL5088866,CC(=O)Nc1ccc(C)c(C(=O)N[C@H](C)c2cccc(-c3ccc(CN[C@H]4CC[C@@H](O)C4)s3)c2)c1,5.82,1,ChEMBL
CHEMBL5632978,Cn1c(C(=O)NCCCNC(=O)n2cc(F)c(=O)[nH]c2=O)cc2ccccc21,5.82,1,ChEMBL
CHEMBL294018,O=C1C=C2C(=CCOC2O)O1,5.82,1,ChEMBL
CHEMBL6149231,CNCCCNc1ccc(C)c(C(=O)N[C@H](C)c2cccc3ccccc23)c1,5.82,1,ChEMBL
CHEMBL6152863,Cc1ccc(NCC2CCNC2)cc1C(=O)N[C@H](C)c1cccc2ccccc12,5.82,1,ChEMBL
CHEMBL6149975,Cc1ccc(NC(=O)N2CCCN(C)CC2)cc1C(=O)N[C@H](C)c1cccc2ccccc12,5.82,1,ChEMBL
CHEMBL6120334,Cc1ccc(NC[C@H]2CCCCN2C)cc1C(=O)N[C@H](C)c1cccc2ccccc12,5.82,1,ChEMBL
CHEMBL6114931,Cc1ccc(NC[C@H]2CCCN2C)cc1C(=O)N[C@H](C)c1cccc2ccccc12,5.82,1,ChEMBL
CHEMBL6120731,Cc1ccc(NC(=O)C2CNCCN2)cc1C(=O)N[C@H](C)c1cccc2ccccc12,5.82,1,ChEMBL
CHEMBL6142817,Cc1ccc(NCC2CN(C)CCN2)cc1C(=O)N[C@H](C)c1cccc2ccccc12,5.82,1,ChEMBL
MAT-POS-a54ce14d-3,CNC(=O)CN1C[C@H](C(=O)Nc2cncc3ccccc23)c2cc(Cl)ccc2C1=O,5.82,1,Moonshot
EDJ-MED-2791eece-7,CN(C)C(=O)CN1CCc2ccc(Cl)cc2C1C(=O)Nc1cncc2ccccc12,5.81,1,Moonshot
EDJ-MED-b774e9fe-3,CNS(=O)(=O)N1CCc2ccc(Cl)cc2C1C(=O)Nc1cncc2ccccc12,5.81,2,Moonshot
CHEMBL5198323,NC(=S)N/N=C/c1ccc(Cc2ccccc2)o1,5.81,1,ChEMBL
CHEMBL5175405,OCC1Cc2c(-c3cc(-c4ccccc4)ccn3)cccc2-c2c(O)ccc(-c3ccc(Br)cc3)c21,5.81,1,ChEMBL
CHEMBL5280512,Cc1ccccc1Cn1c(=O)sn(-c2cccc3ccccc23)c1=O,5.81,1,ChEMBL
CHEMBL5436202,O=c1[nH]c(-c2ccc(F)cc2F)nc2cc(O)c(O)c(O)c12,5.81,1,ChEMBL
CHEMBL5441814,O=C(O)C[C@@H](NC(=O)c1ncnc2[nH]ccc12)c1ccc(Br)cc1,5.81,1,ChEMBL
CHEMBL5575341,Cc1ccc(OCCN)cc1C(=O)N[C@H](C)c1cccc(-c2ccc(F)cc2F)c1,5.81,1,ChEMBL
CHEMBL5595528,Cc1ccc(NC2CNC2)cc1C(=O)N[C@H](C)c1cccc(-c2ncc(CNC3CCCC3)s2)c1,5.81,1,ChEMBL
CHEMBL6142245,Cc1ccc(NC(=O)C2CN(C)C2)cc1C(=O)N[C@H](C)c1cccc2ccccc12,5.81,1,ChEMBL
CHEMBL6145421,C[C@H](c1cccc2ccccc12)N(C)Cc1cccc(O)c1,5.81,1,ChEMBL
MAT-POS-4223bc15-22,COC(=O)CN1Cc2ccc(Cl)cc2C(C(=O)Nc2cncc3ccccc23)C1,5.81,1,Moonshot
PET-UNK-bb7ffe78-2,O=C(Cc1cc(Cl)cc(OC(F)(F)F)c1)Nc1cncc2ccccc12,5.81,1,Moonshot
MAK-UNK-7c9d1431-9,O=C(CCl)N1CCN(S(=O)(=O)c2ccccc2)CC1,5.81,2,Moonshot
CHEMBL5442110,CC(C)[C@@H](Nc1ncnc2[nH]c(-c3ccoc3)cc12)c1ccc2c(c1)OCCO2,5.8,1,ChEMBL
MAT-POS-ea426761-13,O=c1oc(Nc2ccccc2)nc2ccccc12,5.8,3,Moonshot
MAT-POS-96f51285-4,CS(=O)(=O)c1ccc2cncc(NC(=O)C3CCOc4cc(F)c(Cl)cc43)c2c1,5.8,1,Moonshot
CHEMBL2368547,O=C(O)c1cc(O)c2c(c1)[C@H]([C@H]1c3cc(C(=O)O)cc(O)c3C(=O)c3c(O[C@@H]4O[C@H](CO)[C@@H](O)[C@H](O)[C@H]4O)cccc31)c1cccc(O[C@@H]3O[C@H](CO)[C@@H](O)[C@H](O)[C@H]3O)c1C2=O,5.8,1,ChEMBL
CHEMBL4065616,CCC(CC)COC(=O)[C@H](C)N[P@](=O)(OC[C@H]1O[C@@](C#N)(c2ccc3c(N)ncnn23)[C@H](O)[C@@H]1O)Oc1ccccc1,5.8,1,ChEMBL
CHEMBL187266,Cc1coc2c1C(=O)C(=O)c1c-2ccc2c1CCCC2(C)C,5.8,1,ChEMBL
CHEMBL5195352,NC(=S)N/N=C/c1ccc(-c2ccc(C(=O)O)c(O)c2)o1,5.8,1,ChEMBL
CHEMBL5170392,O=C(O)Cn1sc2cc(F)ccc2c1=O,5.8,1,ChEMBL
CHEMBL5190212,O=C(NCc1cccs1)[C@@H]1CN(C(=O)C(F)(F)S(=O)(=O)F)CCN1c1ccc(Cl)c(Cl)c1,5.8,1,ChEMBL
CHEMBL5202165,CC1(C)[C@H](C(=O)OCc2c(F)cc(F)cc2F)N2C(=O)[C@@H](NC(=O)COc3ccccc3)[C@H]2S1(=O)=O,5.8,1,ChEMBL
CHEMBL5407311,O=C1CCCC2=C1C(C1CCCCC1)N(C(=O)CCl)c1ccc([N+](=O)[O-])cc1N2,5.8,1,ChEMBL
CHEMBL5404766,O=c1ccc(-c2cn(-c3cc(Cl)cc(Cl)c3)c(=O)n(-c3cccnc3)c2=O)c[nH]1,5.8,1,ChEMBL
CHEMBL5592033,Cc1ccc(OC2CNC2)cc1C(=O)N[C@H](C)c1cccc(-c2ccc(CN3C(=O)[C@@H]4CC[C@H]3C4)s2)c1,5.8,1,ChEMBL
CHEMBL5633196,CC(C)Cn1c(C(=O)NCCCNC(=O)n2ccc(=O)[nH]c2=O)cc2cc(Cl)ccc21,5.8,1,ChEMBL
CHEMBL6142600,Cc1ccc(NC(=O)[C@@H](N)CN)cc1C(=O)N[C@H](C)c1cccc2ccccc12,5.8,1,ChEMBL
CHEMBL6163929,Cc1ccc(NC(=O)N2CCN(C)CC2)cc1C(=O)N[C@H](C)c1cccc2ccccc12,5.8,1,ChEMBL
CHEMBL6163474,C[C@H](c1cccc2ccccc12)N(C)Cc1ccc2[nH]ccc2c1,5.8,1,ChEMBL
CHEMBL6102434,CCn1ccc(-c2cc(-c3cnn(C)c3)cc(C3(NC(=O)c4ccccc4CNC(=O)CNC(=O)/C=C/C(=O)N4CC(F)(F)C4)CC3)c2)n1,5.8,1,ChEMBL
MAT-POS-90fd5f68-1,NC(=O)c1ccc2c(NC(=O)Cc3cccc(Cl)c3)cncc2c1,5.8,1,Moonshot
LON-WEI-ff7b210a-5,CCOC(=O)c1nc(S(C)(=O)=O)ncc1Cl,5.8,1,Moonshot
PET-UNK-7fb4f80a-1,CS(=O)(=O)Oc1ccc2c(NC(=O)Cc3cccc(Cl)c3)cncc2c1,5.8,1,Moonshot
EDJ-MED-b774e9fe-2,CS(=O)(=O)N1CCc2ccc(Cl)cc2C1C(=O)Nc1cncc2ccccc12,5.79,2,Moonshot
MAT-POS-54c4bf04-3,O=C(c1cncc2ccccc12)N1CCN(c2cccc(Cl)c2)CC1,5.79,1,Moonshot
MAT-POS-777f5926-3,N#CC1(CS(=O)(=O)N2Cc3ccc(Cl)cc3[C@@H](C(=O)Nc3cncc4ccccc34)C2)CNC1,5.79,1,Moonshot
CHEMBL5442107,CC(C)[C@@H](Nc1ncnc2[nH]c(C(=O)NC34CC(C#N)(C3)C4)cc12)c1ccc2c(c1)OCCO2,5.79,1,ChEMBL
CHEMBL5441819,CC(C)[C@@H](Nc1ncnc(N)c1Cl)c1ccc2c(c1)S(=O)(=O)CCC2,5.79,1,ChEMBL
CHEMBL5565973,COc1ccc2c(c1)/C(=C1\C(=O)Nc3ccccc31)C(=O)N2CCCCCCCC(=O)O,5.79,1,ChEMBL
CHEMBL6152838,C[C@@H](NC(=O)c1ccccc1CCC(=O)NNC(=O)/C=C/C(=O)OCC1CCCC1)c1cccc2ccccc12,5.79,1,ChEMBL
ALP-POS-c59291d4-2,CCC(=O)Nc1ccc(N(Cc2ccsc2)C(=O)Cn2nnc3ccccc32)cc1,5.79,1,Moonshot
MAK-UNK-d4768348-1,O=C(CCl)N1CCN(S(=O)(=O)C2=CC[SH]=C2)CC1,5.79,1,Moonshot
MAT-POS-ee51dedd-2,O=C(CCl)N1CCN(S(=O)(=O)c2ccsc2)CC1,5.79,1,Moonshot
MAT-POS-90fd5f68-37,O=C(Cc1cccc(Cl)c1)Nc1cncc2ccc(C(=O)O)cc12,5.79,1,Moonshot
DAN-MCD-3bfdcef2-1,Cc1cccc(C)c1NC(=O)[C@@H]1CN(C(=O)CCl)CCN1S(=O)(=O)c1ccsc1,5.79,1,Moonshot
CHEMBL5441954,CC(C)[C@@H](Nc1ncnc2[nH]c(C(=O)NCC3(F)CC3)cc12)c1ccc2c(c1)OCCO2,5.79,1,ChEMBL
CHEMBL1473252,Cc1c(S(=O)(=O)[O-])oc2c1C(=O)C(=O)c1c-2ccc2c1CCCC2(C)C.[Na+],5.78,1,ChEMBL
CHEMBL5406509,O=C1CCCC2=C1C(c1ccccc1)N(C(=O)CCl)c1ccc([N+](=O)[O-])cc1N2,5.78,1,ChEMBL
CHEMBL5441930,CC(C)[C@@H](Nc1ncnc2[nH]c(-c3cc(O)nc4ccccc34)cc12)c1ccc2c(c1)S(=O)(=O)CCC2,5.78,1,ChEMBL
CHEMBL5542340,Cc1ccc(NCCN)cc1CN(C)[C@H](C)c1cccc2ccccc12,5.78,1,ChEMBL
CHEMBL5591998,Cc1ccc(NC2CNC2)cc1C(=O)N[C@H](C)c1cccc(-c2ccc(CN)s2)c1,5.78,1,ChEMBL
CHEMBL5596853,COc1ccc(C(=O)Oc2cncc(Cl)c2)c(OC)c1,5.78,1,ChEMBL
CHEMBL5630407,O=C1NCC[C@H]1C[C@H](NC(=O)[C@@H]1[C@H]2CC[C@H](C2)N1C(=O)[C@@H](NS(=O)(=O)C(F)(F)F)C12CC3CC(CC(C3)C1)C2)C(=O)c1nc2ccccc2s1,5.78,1,ChEMBL
CHEMBL5631419,CCC#CC(=O)N(c1ccc(-c2ccccc2)cc1)C(C(=O)N[C@@H](C)c1ccccc1)c1cccnc1,5.78,1,ChEMBL
CHEMBL6103523,CC(C)C[C@@H]1NC(=O)[C@H](Cc2ccccc2)NC(=O)[C@@H]2CCCN2C(=O)[C@H]([C@@H](C)O)NC(=O)[C@H]([C@@H](C)O)NC(=O)[C@H]([C@@H](C)O)NC(=O)[C@H](Cc2c[nH]cn2)NC(=O)[C@H](Cc2ccccc2)NC(=O)[C@H](C)NC(=O)[C@H](C(C)C)NC(=O)[C@@H](Cc2ccc(O)cc2)NC(=O)CSC[C@@H](C(=O)NCC(N)=O)NC(=O)[C@@H]2CCCN2C(=O)[C@@H]2CCCN2C1=O,5.78,1,ChEMBL
KAD-UNI-80f122c8-3,O=C(CC1(C(=O)Nc2cncc3ccccc23)CCOc2ccc(Cl)cc21)N1CCC2CS(=O)(=O)CC2C1,5.78,1,Moonshot
MAT-POS-853c0ffa-1,CNC(=O)CN1CC2(CCN(c3cncc4cccc(Cl)c34)C2=O)c2cc(Cl)ccc2C1=O,5.78,2,Moonshot
MAT-POS-90fd5f68-2,CNC(=O)c1ccc2c(NC(=O)Cc3cccc(Cl)c3)cncc2c1,5.77,1,Moonshot
CHEMBL454129,CC1(C)OC2=C(C(=O)C(=O)c3ccccc32)C1n1cc(-c2ccccc2)nn1,5.77,1,ChEMBL
CHEMBL5220147,CC(C)C[C@H](NC(=O)OC1CC2CCC(C1)N2C(=O)OC(C)(C)C)C(=O)N[C@@H](C[C@H]1CCNC1=O)C(O)S(=O)(=O)[O-].[Na+],5.77,1,ChEMBL
CHEMBL5441844,CC(C)[C@@H](Nc1ncnc2[nH]c(C(=O)NCC3(C#N)CC3)cc12)c1ccc2c(c1)OCCO2,5.77,1,ChEMBL
CHEMBL5594115,Cc1ccc(N)cc1C(=O)N[C@H](C)c1cccc(-c2ccc(CN3CCCC3)s2)c1,5.77,1,ChEMBL
CHEMBL6143352,Cc1ccc(NC(=O)C2CN(C)CCN2C)cc1C(=O)N[C@H](C)c1cccc2ccccc12,5.77,1,ChEMBL
CHEMBL6160921,Cc1ccc(NC(=O)C2CN(C)CCN2)cc1C(=O)N[C@H](C)c1cccc2ccccc12,5.77,1,ChEMBL
CHEMBL6133995,Cc1ccc(Nc2ccncc2)cc1C(=O)N[C@H](C)c1cccc2ccccc12,5.77,1,ChEMBL
CHEMBL6120927,Cc1ccc(NC(=O)[C@@H](N)CCCCN)cc1C(=O)N[C@H](C)c1cccc2ccccc12,5.77,1,ChEMBL
MAT-POS-8a69d52e-7,C[C@@H]1COc2ccc(Cl)cc2[C@@H]1C(=O)Nc1cncc2ccccc12,5.77,1,Moonshot
RAL-THA-2d450e86-26,O=C(Cc1cc(F)ccc1F)Nc1cncc2ccccc12,5.77,1,Moonshot
MAT-POS-d8472c4f-2,COC(=O)[C@H]1CC[C@@H](CNC(C(=O)Nc2cncc3ccccc23)c2cccc(Cl)c2)O1,5.77,1,Moonshot
CHEMBL5441961,CC(C)[C@@H](Nc1ncnc2[nH]c(-c3ccc(S(N)(=O)=O)cc3)cc12)c1ccc2c(c1)OCCO2,5.76,1,ChEMBL
CHEMBL5441533,CC(C)[C@@H](Nc1ncnc2[nH]c(C(=O)NCc3c[nH]cn3)cc12)c1ccc2c(c1)OCCO2,5.76,1,ChEMBL
MAT-POS-24589f88-13,CNS(=O)(=O)c1cc(CNCC2(C(=O)Nc3cncc4ccccc34)CCOc3ccc(Cl)cc32)ccc1F,5.76,1,Moonshot
ALP-POS-f1807566-1,O=C1NCC(C(=O)Nc2cncc3ccccc23)c2cc(F)cc(F)c21,5.76,2,Moonshot
CHEMBL111654,Sc1nc2ccccc2s1,5.76,1,ChEMBL
CHEMBL1201073,O=C(O)[C@@H](S)[C@@H](S)C(=O)O,5.76,1,ChEMBL
CHEMBL3233815,C[C@H](c1cccc2ccccc12)N1CCC(C(=O)NCc2cccc(F)c2)CC1,5.76,1,ChEMBL
CHEMBL5397992,CC(C)(C)OC(=O)CC[C@H](NC(=O)CNC(=O)OC(C)(C)C)C(=O)CCl,5.76,1,ChEMBL
CHEMBL5441767,COc1ccc([C@@H](Cc2nn[nH]n2)NC(=O)c2nc(C)nc3[nH]ccc23)cc1,5.76,1,ChEMBL
CHEMBL5442037,CC(C)[C@@H](Nc1ncnc2[nH]c(C(=O)NCC3(CO)CCC3)cc12)c1ccc2c(c1)OCCO2,5.76,1,ChEMBL
CHEMBL5070941,C=CC[C@H](NC(=O)CCl)C(=O)N[C@@H](Cc1c[nH]c2ccccc12)C(=O)NCc1ccccc1,5.76,1,ChEMBL
CHEMBL3248487,S=C(SSc1ccccc1)N1CCOCC1,5.76,1,ChEMBL
MAT-POS-1f3f1a6f-4,O=C(Nc1cncc2ccccc12)C(NCC1CC1)c1ccc(Cl)c(Cl)c1,5.76,1,Moonshot
MAT-POS-97ec4bd1-1,COC1(CS(=O)(=O)N2Cc3ccc(Cl)cc3C(C(=O)Nc3cncc4ccc(C(C)(C)O)cc34)C2)CC1,5.75,1,Moonshot
CHEMBL516703,CC1=C(C)C(=O)O[C@@H]([C@@H](C)[C@@]2(O)CC[C@H]3[C@@H]4[C@@H]5O[C@@H]5[C@@]5(O)CC=CC(=O)[C@]5(C)[C@H]4CC[C@@]32C)C1,5.75,1,ChEMBL
CHEMBL5177329,Nc1cccc2sn(CC(=O)Nc3ccccc3)c(=O)c12,5.75,1,ChEMBL
CHEMBL5417362,O=c1[nH]c(-c2ccccc2OC(F)(F)F)nc2cc(O)c(O)c(O)c12,5.75,1,ChEMBL
CHEMBL5408702,O=C(NCc1ccc(Br)s1)[C@@H]1CN(C(=O)c2cccnc2)CCN1c1ccc(Cl)c(Cl)c1,5.75,1,ChEMBL
CHEMBL5441647,CC(C)[C@@H](Nc1ncnc2[nH]c(C(=O)NCCn3cncn3)cc12)c1ccc2c(c1)OCCO2,5.75,1,ChEMBL
CHEMBL5441701,CNC(=O)c1cc2c(N[C@H](c3ccc4c(c3)S(=O)(=O)CCC4)C(C)C)ncnc2[nH]1,5.75,1,ChEMBL
CHEMBL5441519,CCNC(=O)c1cc2c(N[C@H](c3ccnc(N)c3)C(C)C)ncnc2[nH]1,5.75,1,ChEMBL
CHEMBL5558299,CC(c1nc(-c2ccc(-c3ccc(C(=O)O)s3)cc2)no1)c1cccc2ccccc12,5.75,1,ChEMBL
CHEMBL5571829,C[C@H](c1cccc(-c2cccs2)c1)N(C)Cc1ccc(O)cc1,5.75,1,ChEMBL
CHEMBL5595314,CC(=O)Nc1ccc(C)c(C(=O)N[C@H](C)c2cccc(-c3ccc(CNC4CCCC4)s3)c2)c1,5.75,1,ChEMBL
CHEMBL5087429,COc1cc(F)ccc1-n1[se]c2ccccc2c1=O,5.75,1,ChEMBL
CHEMBL5613122,CCc1ccc(C(=O)n2c(SC)nc3ccccc32)cc1,5.75,1,ChEMBL
CHEMBL6142140,O=C(CCc1cc(O)c(O)c(O)c1)c1ccc(F)cc1,5.75,1,ChEMBL
CHEMBL275938,O=C(O)C1=CC(=C(c2ccc(O)c(C(=O)O)c2)c2ccc(O)c(C(=O)O)c2)C=CC1=O,5.75,1,ChEMBL
CHEMBL6142285,Cc1ccc(NC(=O)CCN)cc1C(=O)N[C@H](C)c1cccc2ccccc12,5.75,1,ChEMBL
CHEMBL6168038,Cc1ccc(NCC(C)(C)N)cc1C(=O)N[C@H](C)c1cccc2ccccc12,5.75,1,ChEMBL
CHEMBL6160206,Cc1ccc(NC(=O)C2CCN2)cc1C(=O)N[C@H](C)c1cccc2ccccc12,5.75,1,ChEMBL
CHEMBL6163236,Cc1ccc(NC2CCN(C[C@H]3CCCN3)CC2)cc1C(=O)N[C@H](C)c1cccc2ccccc12,5.75,1,ChEMBL
CHEMBL6151750,Cc1ccc(NC(=O)[C@@]2(C)CCCN2)cc1C(=O)N[C@H](C)c1cccc2ccccc12,5.75,1,ChEMBL
CHEMBL6134539,Cc1ccc(NC(=O)CN2CCCCC2)cc1C(=O)N[C@H](C)c1cccc2ccccc12,5.75,1,ChEMBL
ALP-POS-02c6a514-52,CC(C)(C)c1ccc(N(C(=O)c2ccn[nH]2)C(C(=O)NCCc2cccc(F)c2)c2cccnc2)cc1,5.75,1,Moonshot
LON-WEI-4d77710c-19,O=C(O)[C@@H](c1ccccc1)N1Cc2ccccc2C1=O,5.75,2,Moonshot
VLA-UNK-82501c2c-2,O=C(Cc1ccc(Cl)c(Cl)c1)Nc1cncc2ccncc12,5.75,1,Moonshot
ALP-POS-d2866bdf-1,CN(C)c1ccc(N(Cc2ccsc2)C(=O)Cn2nnc3ccccc32)cc1,5.75,1,Moonshot
PET-UNK-bb7ffe78-1,CCc1cc(Cl)cc(CC(=O)Nc2cncc3ccccc23)c1,5.75,1,Moonshot
MAT-POS-7174c657-4,NS(=O)(=O)c1ccc(CNC[C@]2(C(=O)Nc3cncc4ccccc34)CCOc3ccc(Cl)cc32)cc1F,5.74,1,Moonshot
MAT-POS-f9802937-5,CNC(=O)C[C@]1(C(=O)Nc2cncc3ccccc23)CCOc2ccc(Cl)cc21,5.74,1,Moonshot
CHEMBL460499,CCCCCCNC(=O)n1cc(F)c(=O)[nH]c1=O,5.74,1,ChEMBL
CHEMBL5175491,C[C@H](NC(=O)C(c1cccnc1)N(C(=O)c1ccco1)c1ccc(-c2ccccn2)cc1)c1ccccc1,5.74,1,ChEMBL
CHEMBL5177264,O=Cc1ccnc(-c2cccc3c2CC(CO)c2c(-c4ccc(Br)cc4)ccc(O)c2-3)c1,5.74,1,ChEMBL
CHEMBL5399795,N#Cc1ccc2c(c1)NC1=C(C(=O)CCC1)C(c1ccc(C(F)(F)F)cc1)N2C(=O)CCl,5.74,1,ChEMBL
CHEMBL5562077,O=C1c2c(O)cc(OP(=O)(Oc3ccccc3)Oc3ccccc3)cc2O[C@H](c2cc(O)c(O)c(O)c2)[C@H]1O,5.74,1,ChEMBL
CHEMBL5555257,CN(C(=O)[C@H](Cc1ccccc1)NC(=O)COc1ccc(Cl)cc1Cl)N(C#N)Cc1ccc(Cl)cc1,5.74,1,ChEMBL
CHEMBL6101994,Nc1ncnc2c1ncn2[C@@H]1O[C@H](C(=O)Nc2ccc3c(c2)OCCO3)[C@@H](O)[C@H]1O,5.74,1,ChEMBL
ALP-POS-9c80c481-1,CNC(=O)COCC1(C(=O)Nc2cncc3ccccc23)CCOc2ccc(Cl)cc21,5.74,1,Moonshot
RAL-THA-2d450e86-12,N#Cc1cccc(CC(=O)Nc2cncc3ccccc23)c1,5.74,1,Moonshot
MAK-UNK-8be7dca9-1,O=C(Nc1cncc2cc(CN3CCNCC3)ccc12)C1CCOc2ccc(Cl)cc21,5.74,1,Moonshot
CHEMBL5441386,CC(C)[C@@H](Nc1ncnc2[nH]ccc12)c1ccc2c(c1)S(=O)(=O)CCC2,5.74,1,ChEMBL
CHEMBL5442042,COc1nn(C)cc1-c1cc2c(N[C@@H](c3ccc4c(c3)OCCO4)C(C)C)ncnc2[nH]1,5.74,1,ChEMBL
VLA-UNK-82501c2c-1,O=C(Cc1ccc(Cl)c(Cl)c1)Nc1cncc2cnccc12,5.73,1,Moonshot
RAL-THA-2d450e86-10,O=C(Cc1cccc(F)c1)Nc1cncc2ccccc12,5.73,1,Moonshot
CHEMBL4303376,Cc1ccccc1N(C)C(=O)c1ccc([S+]([O-])c2nccs2)c([N+](=O)[O-])c1,5.73,1,ChEMBL
CHEMBL3233822,COc1cc(CNC(=O)C2CCN([C@H](C)c3cccc4ccccc34)CC2)ccn1,5.73,1,ChEMBL
CHEMBL418052,Nc1ncnc2c1ncn2[C@@H]1O[C@H](CSCC[C@H](N)C(=O)O)[C@@H](O)[C@H]1O,5.73,1,ChEMBL
CHEMBL5398303,N#CSCC(=O)N1c2ccccc2Sc2ccccc21,5.73,1,ChEMBL
CHEMBL5415275,Cc1ccc(-c2nc3cc(O)c(O)c(O)c3c(=O)[nH]2)cc1,5.73,1,ChEMBL
CHEMBL5441883,CC(C)[C@@H](Nc1ncnc2[nH]c(-c3cc[nH]n3)cc12)c1ccc2c(c1)OCCO2,5.73,1,ChEMBL
CHEMBL5557049,O=C1CC2CN(C(=O)C3CN(c4ccc(Cl)c(Cl)c4)CCN3C(=O)c3cc(=O)[nH]c4ccccc34)CC2C1,5.73,1,ChEMBL
CHEMBL6161841,C[C@H](c1cccc2ccccc12)N(C)Cc1cc(N)ccc1Cl,5.73,1,ChEMBL
CHEMBL6145244,CCC(C(=O)Nc1cc(NC2CCOC2)ccc1C)n1cc(F)cc2nc(SCc3ccc(F)cc3)nc1-2,5.73,1,ChEMBL
MAT-POS-c88128cb-15,CC1(C(=O)Nc2cncc3cccc(Cl)c23)CNS(=O)(=O)c2ccc(Cl)cc21,5.73,1,Moonshot
MAT-POS-916a2c5a-1,COc1ccc(C2CC(c3cccs3)=NN2C(=O)CCl)cc1OC,5.73,1,Moonshot
EDJ-MED-2791eece-3,COCCN1CCc2ccc(Cl)cc2C1C(=O)Nc1cncc2ccccc12,5.73,1,Moonshot
PAU-UNI-8cdd41c7-1,O=C(CCl)N1CCN(Cc2cc(Cl)cc(Cl)c2)CC1,5.72,1,Moonshot
JIN-POS-6dc588a4-14,O=C(Cc1cccc(Cl)c1)Nc1cncc2cc[nH]c12,5.72,1,Moonshot
CHEMBL4845924,COc1ccccc1CNC(=O)CSc1c[nH]c2c(-c3ccccc3)cccc12,5.72,1,ChEMBL
CHEMBL5220774,CC(C)C[C@H](NC(=O)OC1CC2CCC(C1)N2C(=O)OC(C)(C)C)C(=O)N[C@H](C=O)C[C@H]1CCNC1=O,5.72,1,ChEMBL
CHEMBL5418478,O=C1CCCC2=C1C(C1CCCC1)N(C(=O)CCl)c1ccc([N+](=O)[O-])cc1N2,5.72,1,ChEMBL
CHEMBL5441516,CC(C)[C@@H](Nc1ncnc2[nH]c([C@@H]3CCOC3)cc12)c1ccc2c(c1)OCCO2,5.72,1,ChEMBL
CHEMBL5442153,CC(C)[C@@H](Nc1ncnc2[nH]c(-c3cnn(C(C)C)n3)cc12)c1ccc2c(c1)OCCO2,5.72,1,ChEMBL
CHEMBL5441403,CNCc1cc(-c2cc3c(N[C@H](c4ccc5c(c4)S(=O)(=O)CCC5)C(C)C)ncnc3[nH]2)co1,5.72,1,ChEMBL
CHEMBL5442154,CC(C)[C@@H](Nc1ncnc2[nH]ccc12)c1ccc2c(c1)SCCO2,5.72,1,ChEMBL
CHEMBL5505843,Cc1ccc(-c2noc(C(C)c3ccc4c(c3)[nH]c3ccc(Cl)cc34)n2)cc1NCc1ccc(C(=O)O)s1,5.72,1,ChEMBL
CHEMBL5557683,CC(C)CCOc1cc(O)c2c(=O)c(O)c(-c3cc(O)c(O)c(O)c3)oc2c1,5.72,1,ChEMBL
CHEMBL5632676,CCn1c(C(=O)NCCCNC(=O)n2cc(F)c(=O)[nH]c2=O)cc2ccccc21,5.72,1,ChEMBL
CHEMBL6148330,Cc1ccc(NC(=O)[C@@H](CN)NC[C@@H]2CCCN2)cc1C(=O)N[C@H](C)c1cccc2ccccc12,5.72,1,ChEMBL
CHEMBL6163332,Cc1ccc(NC(=O)[C@@H](N)CCN)cc1C(=O)N[C@H](C)c1cccc2ccccc12,5.72,1,ChEMBL
CHEMBL6146022,Cc1ccc(NC2CCN(S(C)(=O)=O)CC2)cc1C(=O)N[C@H](C)c1cccc2ccccc12,5.72,1,ChEMBL
CHEMBL6171581,C[C@@H](NC(=O)c1ccccc1CCC(=O)NNC(=O)/C=C/C#N)c1cccc2ccccc12,5.72,1,ChEMBL
CHEMBL5441619,CC(C)[C@@H](Nc1ncnc2[nH]c(-c3cnn(C(C)C)c3C#N)cc12)c1ccc2c(c1)OCCO2,5.71,1,ChEMBL
ALP-POS-b0bc6a46-10,O=C(NCCc1cccc(F)c1)C(c1cccnc1)N(Cc1ccccc1C1CCC1)C(=O)c1ccco1,5.71,2,Moonshot
EDJ-MED-4c7486ba-9,O=C(NC[C@@]1(C(=O)Nc2cncc3ccccc23)CCOc2ccc(Cl)cc21)[C@]1(O)CCSC1,5.71,2,Moonshot
MAT-POS-24589f88-9,NS(=O)(=O)c1ccc(CNCC2(C(=O)Nc3cncc4ccccc34)CCOc3ccc(Cl)cc32)cc1F,5.71,1,Moonshot
CHEMBL5198265,C[C@H](NC(=O)C(c1cccnc1)N(C(=O)c1ccco1)c1ccc([Si](C)(C)C)cc1)c1ccccc1,5.71,1,ChEMBL
CHEMBL5441708,CC(C)[C@@H](Nc1ncnc2[nH]cc(C(=O)N(C)C)c12)c1ccc2c(c1)OCCO2,5.71,1,ChEMBL
CHEMBL5441594,CNC(=O)c1c[nH]c2ncnc(N[C@@H](c3ccc4c(c3)S(=O)(=O)CCC4)C(C)C)c12,5.71,1,ChEMBL
CHEMBL5555548,CC(C)C[C@H](NC(=O)OCC1CCN(Cc2ccco2)C1=O)C(=O)N[C@H](C=O)C[C@@H]1CCNC1=O,5.71,1,ChEMBL
CHEMBL5570043,Cc1ccc(OCCN)cc1C(=O)N[C@H](C)c1cccc(-c2c[nH]nc2C)c1,5.71,1,ChEMBL
CHEMBL5590671,Cc1ccc(NC2CNC2)cc1C(=O)N[C@H](C)c1cccc(-c2sc(CNC3CCCC3)cc2C)c1,5.71,1,ChEMBL
CHEMBL5593629,Cc1csc(-c2cccc([C@@H](C)NC(=O)c3cc(NC4CNC4)ccc3C)c2)c1,5.71,1,ChEMBL
CHEMBL6144059,CC(C)C[C@@H]1NC(=O)[C@H](Cc2ccccc2)NC(=O)[C@@H]2CCCN2C(=O)[C@H]([C@@H](C)O)NC(=O)[C@H]([C@@H](C)O)NC(=O)[C@H]([C@@H](C)O)NC(=O)[C@H](Cc2c[nH]cn2)NC(=O)[C@H](Cc2ccccc2)NC(=O)[C@H]([C@@H](C)O)NC(=O)[C@H](C(C)C)NC(=O)[C@@H](Cc2ccc(O)cc2)NC(=O)CSC[C@@H](C(=O)NCC(N)=O)NC(=O)[C@H](C)NC(=O)[C@@H]2CCCN2C1=O,5.71,1,ChEMBL
CHEMBL6142352,COc1ncc(-c2cc(-c3cnc(OC)nc3)cc([C@@H](C)NC(=O)c3cc(OCCN(C)C)ccc3C)c2)cn1,5.71,1,ChEMBL
CHEMBL6164997,CCOC(=O)[C@@H]1CCN(Cc2ccc(-c3cccc([C@@H](C)NC(=O)c4cc(NC5CNC5)ccc4C)c3)s2)C1,5.71,1,ChEMBL
BEN-DND-f2e727cd-5,O=C(Nc1cncc2ccccc12)C1CNCc2ccc(Cl)cc21,5.71,2,Moonshot
EDJ-MED-2791eece-11,CN(C)S(=O)(=O)N1CCc2ccc(Cl)cc2C1C(=O)Nc1cncc2ccccc12,5.71,1,Moonshot
SIM-SYN-f15aaa3a-1,O=C(CCl)N1CCN(C(c2ccccc2)c2ccccc2)CC1,5.7,1,Moonshot
MAT-POS-9ff17035-2,O=C(Cc1cc(Cl)cc(Oc2cccc(=O)[nH]2)c1)Nc1cncc2ccccc12,5.7,1,Moonshot
DAN-MCD-cb24a79d-1,O=C(CCl)N1CCN(S(=O)(=O)c2ccsc2)[C@H](C(=O)N2CCN(c3ccccc3)CC2)C1,5.7,1,Moonshot
MAT-POS-500f4700-2,O=C(Nc1cnc2ccccn12)C1CCNc2cc(Cl)c(Cl)cc21,5.7,1,Moonshot
LEE-CAM-7ab9b158-3,O=C(COCC1(C(=O)Nc2cncc3ccccc23)CCOc2ccc(Cl)cc21)Nc1ncc[nH]1,5.7,1,Moonshot
MAT-POS-edabd372-1,CC1NC(=O)c2ccc(Cl)cc2C1C(=O)Nc1cncc2ccc(S(C)(=O)=O)cc12,5.7,1,Moonshot
EDJ-MED-4c7486ba-8,NS(=O)(=O)c1[nH]ncc1C(=O)NC[C@@]1(C(=O)Nc2cncc3ccccc23)CCOc2ccc(Cl)cc21,5.7,2,Moonshot
ALP-POS-5bb456a5-8,O=C(C[C@]1(C(=O)Nc2cncc3ccccc23)CCOc2ccc(Cl)cc21)N1CCN(C2CCOC2)CC1,5.7,1,Moonshot
CHEMBL1256915,CN1CC[C@@]2(C)c3cc(O)ccc3N(C)[C@@H]12.O=C(O)/C=C/C(=O)O,5.7,1,ChEMBL
CHEMBL5279597,O=C(Oc1ccc(O)c(O)c1)c1cc(=O)c2c(O)cccc2o1,5.7,1,ChEMBL
CHEMBL5396515,CCSC(=S)NCc1cccnc1,5.7,1,ChEMBL
CHEMBL5441794,CC(C)[C@@H](Nc1ncnc2[nH]c(-c3ccc(C#N)nc3)cc12)c1ccc2c(c1)OCCO2,5.7,1,ChEMBL
CHEMBL5564927,CC(C)C[C@H](NC(=O)OCC1CCN(Cc2ccco2)C1=O)C(=O)N[C@@H](C[C@@H]1CCNC1=O)C(O)S(=O)(=O)[O-].[Na+],5.7,1,ChEMBL
CHEMBL5563508,C=CC(=O)N[C@H](CC(=C)C)C(=O)N1C[C@@H](C(=O)N[C@H](Cc2ccccc2)C(=O)NC)[C@H](c2cccc(C(F)(F)F)c2)C1,5.7,1,ChEMBL
CHEMBL5407572,N#C[C@H](C[C@@H]1CCNC1=O)NC(=O)[C@H](CC1CCCCC1)NC(=O)C(F)(F)F,5.7,1,ChEMBL
NIR-THE-c331be7a-6,Cc1cccc(C2CN(C(=O)CCl)Cc3ccccc32)c1,5.7,1,Moonshot
BEN-DND-f2e727cd-6,CN1Cc2ccc(Cl)cc2C(C(=O)Nc2cncc3ccccc23)C1,5.7,2,Moonshot
MAT-POS-fce787c2-4,O=C(Nc1cncc2ccccc12)C(O)c1ccc(Cl)c(Cl)c1,5.7,2,Moonshot
CHEMBL5441841,O=C(N[C@@H](Cc1nn[nH]n1)c1ccc(Br)cc1)c1ncnc2[nH]ccc12,5.7,1,ChEMBL
EDJ-MED-6af13d92-3,COc1ccccc1OCCNC(=O)c1cc(=O)[nH]c2cccc(OC)c12,5.69,1,Moonshot
RAL-THA-2d450e86-9,O=C(Cc1ccc(Cl)c(F)c1)Nc1cncc2ccccc12,5.69,1,Moonshot
CHEMBL243652,O=C(CC1Sc2ncnn2C1=O)Nc1ccc(Br)cc1,5.69,1,ChEMBL
CHEMBL449298,Nc1ccc(O)c2ncccc12,5.69,1,ChEMBL
CHEMBL549695,Cc1ccc(N)cc1C(=O)N[C@H](C)c1cccc2ccccc12,5.69,1,ChEMBL
CHEMBL5192248,Cc1cc(C)nc(SC(=O)c2cc3ccccc3[nH]2)n1,5.69,1,ChEMBL
CHEMBL5186446,O=C[C@H](C[C@@H]1CCCNC1=O)NC(=O)[C@@H](NC(=O)/C=C/c1ccccc1)c1ccccc1,5.69,1,ChEMBL
CHEMBL5418419,Nc1ncnc2c1ncn2[C@@H]1O[C@H](CSCCNS(=O)(=O)c2ccccc2[N+](=O)[O-])[C@@H](O)[C@H]1O,5.69,1,ChEMBL
CHEMBL5423655,COc1ccc(C2C3=C(CCCC3=O)Nc3cc([N+](=O)[O-])ccc3N2C(=O)CCl)cc1,5.69,1,ChEMBL
CHEMBL5436025,O=C1CCCC2=C1C(c1ccc(OC(F)(F)F)cc1)N(C(=O)CCl)c1ccc([N+](=O)[O-])cc1N2,5.69,1,ChEMBL
CHEMBL5441847,CC(C)c1n[nH]cc1-c1cc2c(N[C@@H](c3ccc4c(c3)OCCO4)C(C)C)ncnc2[nH]1,5.69,1,ChEMBL
CHEMBL5557565,C[C@H](c1cccc(-c2ccc(CN3CCCC3)s2)c1)N(C)Cc1c[nH]c2ccccc12,5.69,1,ChEMBL
CHEMBL5647191,CC[S+]([O-])c1nnc(-c2ccc(Cl)cc2)o1,5.69,1,ChEMBL
CHEMBL6191510,O=C(N/N=C/c1cc(O)c(Br)c(O)c1)c1ccc(CSc2cccc3cccnc23)cc1,5.69,1,ChEMBL
ALP-POS-d0876c20-5,CC(C)(C)c1ccc(N(C(=O)c2cocn2)C(C(=O)NCCc2cccc(F)c2)c2ccnnc2)cc1,5.69,1,Moonshot
LON-WEI-4d77710c-32,N#Cc1ccc(CN2CCC(C3CCNC3)CC2)cc1,5.69,2,Moonshot
ALP-UNI-dbb9503d-2,COC1(c2cccc(Cl)c2)CCCN(c2cncc3ccccc23)C1=O,5.68,1,Moonshot
CHEMBL188434,CCn1c(-c2nonc2N)nc2cncc(CNC3CCNCC3)c21,5.68,1,ChEMBL
CHEMBL5190583,O=C(NCCN1C(=O)C=CC1=O)c1cc2ccccc2[nH]1,5.68,1,ChEMBL
CHEMBL5195979,Nc1ncnc2c1ncn2[C@@H]1O[C@H](CNS(=O)(=O)c2cccc([N+](=O)[O-])c2Cl)[C@@H](O)[C@H]1O,5.68,1,ChEMBL
CHEMBL1964546,Nc1ccc2cc3ccc(N)cc3nc2c1.O=S(=O)(O)O,5.68,1,ChEMBL
CHEMBL5441923,COc1ccc([C@@H](NC(=O)c2[nH]cnc3nccc2-3)C(C)c2nnn[nH]2)cc1,5.68,1,ChEMBL
CHEMBL5555157,CC(c1nc(-c2cc(NCc3ccc(C(=O)O)cc3)ccc2Br)no1)c1cccc2ccccc12,5.68,1,ChEMBL
CHEMBL5558504,CC(c1noc(-c2ccc(-c3ccc(C(=O)O)s3)cc2)n1)c1cccc2ccccc12,5.68,1,ChEMBL
CHEMBL5556824,O=C(C1CN(c2ccc(Cl)c(Cl)c2)CCN1C(=O)c1cc(=O)[nH]c2ccccc12)N1CC2(COC2)C1,5.68,1,ChEMBL
CHEMBL5077179,O=c1c2ccccc2[se]n1-c1c(F)cccc1F,5.68,1,ChEMBL
CHEMBL5612084,CSc1nc2ccccc2n1C(=O)c1cccc(C)c1,5.68,1,ChEMBL
RUB-POS-1325a9ea-12,O=C(Cc1cccc(Cl)c1)Nc1cncc2cn[nH]c12,5.68,1,Moonshot
MAT-POS-173a45da-1,O=C(Cc1cncc2ccccc12)N(CCC1CCCCC1)c1cccc(Cl)c1,5.68,1,Moonshot
MAT-POS-d8472c4f-1,O=C1N(c2cncc3ccccc23)CCC1(O)c1cccc(Cl)c1,5.67,1,Moonshot
CHEMBL5171052,C[C@H](c1cccc2ccccc12)N1CCC(C(=O)NCC2CCN(C)CC2)CC1,5.67,1,ChEMBL
CHEMBL5195867,CC(C)(C)CC(C)(C)NC(=O)C(c1cccnc1)N(C(=O)c1ccco1)c1ccc(-c2ccccc2)cc1,5.67,1,ChEMBL
CHEMBL5441925,COc1ccc([C@@H](CC(=O)O)NC(=O)c2ncnc3[nH]ccc23)cc1,5.67,1,ChEMBL
CHEMBL5441669,Cc1cc(-c2cc3c(N[C@@H](c4ccc5c(c4)OCCO5)C(C)C)ncnc3[nH]2)nn1C,5.67,1,ChEMBL
CHEMBL5442077,CC(C)[C@@H](Nc1ncnc2[nH]c(C(=O)NCCc3cn[nH]c3)cc12)c1ccc2c(c1)OCCO2,5.67,1,ChEMBL
CHEMBL5441879,CC(C)[C@H](Nc1ncnc(N)c1Cl)c1ccc2c(c1)S(=O)(=O)CCC2,5.67,1,ChEMBL
CHEMBL4218391,O=C(O)[C@H](O)Cc1ccc(O)c(O)c1,5.67,1,ChEMBL
MAT-POS-90fd5f68-14,O=C(Cc1cccc(Cl)c1)Nc1cncc2cc(OCCN3CCCC3)ccc12,5.67,1,Moonshot
CHEMBL5441956,CC(C)[C@@H](Nc1ncnc2[nH]c(-c3ccnc(C#N)c3)cc12)c1ccc2c(c1)OCCO2,5.67,1,ChEMBL
CHEMBL5442087,CC(C)[C@@H](Nc1ncnc2[nH]c(C(=O)NC3CN(C)C3)cc12)c1ccc2c(c1)OCCO2,5.67,1,ChEMBL
LON-WEI-8f408cad-3,O=C(CCl)N1CCN(S(=O)(=O)c2cccs2)CC1,5.66,3,Moonshot
ERI-UCB-a0b0dbcb-2,O=C(c1cc(=O)[nH]c2ccccc12)N1CCN(c2cccc(Cl)c2)CC1,5.66,1,Moonshot
DAN-LON-a5fc619e-8,O=C(CCl)N1CC2CC1CN2Cc1cccc(Cl)c1,5.66,1,Moonshot
MAT-POS-61f37a1a-1,CC(C)(C)OC(=O)NC(CCO)CNCC1(C(=O)Nc2cncc3ccccc23)CCOc2ccc(Cl)cc21,5.66,1,Moonshot
ALP-POS-02c6a514-55,CC(C)(C)c1ccc(N(C(=O)c2ccco2)C(C(=O)NCCN2CCOCC2)c2cccnc2)cc1,5.66,1,Moonshot
CHEMBL363535,Cc1coc2c1C(=O)C(=O)c1c-2ccc2c(C)cccc12,5.66,1,ChEMBL
CHEMBL5188555,CN(Cc1cn(C2C3=C(OC2(C)C)c2ccccc2C(=O)C3=O)nn1)C1=CC(=O)c2ccccc2C1=O,5.66,1,ChEMBL
CHEMBL1405735,CCC(C)c1ccc(N(C(=O)c2ccco2)C(C(=O)NC2CCCC2)c2cccnc2)cc1,5.66,1,ChEMBL
CHEMBL5402316,O=C(COC(=O)c1cc(-c2ccoc2)n[nH]1)Nc1ccc(Br)cc1,5.66,1,ChEMBL
CHEMBL5406405,Cc1ccc(S(=O)(=O)NCCSC[C@H]2O[C@@H](n3cnc4c(N)ncnc43)[C@H](O)[C@@H]2O)cc1,5.66,1,ChEMBL
CHEMBL5412310,N#C[C@H](C[C@@H]1CCNC1=O)NC(=O)C1CC2(CCCC2)CN1C(=O)OCc1ccccc1,5.66,1,ChEMBL
CHEMBL5424971,CNc1ncnc2c1ncn2[C@@H]1O[C@H](CNS(=O)(=O)c2ccc(C)c(Cl)c2)[C@@H](O)[C@H]1O,5.66,1,ChEMBL
CHEMBL1382760,CC(=O)c1cc(O)c2ccccc2c1O,5.66,1,ChEMBL
CHEMBL6142267,COc1cc(CNC(=O)C2CCN(C(C)c3ccc(F)c4ccccc34)CC2)ccn1,5.66,1,ChEMBL
CHEMBL6146574,CCn1ccc(-c2cc(-c3cnn(C)c3)cc([C@@H](C)NC(=O)c3ccccc3CCC(=O)NNC(=O)C(Cl)Cl)c2)n1,5.66,1,ChEMBL
CHEMBL4862535,Cc1c(Cl)cncc1OC(=O)c1cccc2[nH]ccc12,5.66,1,ChEMBL
MED-COV-4280ac29-37,COCCc1ccc(Cl)cc1CN1CCN(C(=O)CCl)CC1,5.66,1,Moonshot
MAT-POS-90fd5f68-39,COCc1ccc2cncc(NC(=O)Cc3cccc(Cl)c3)c2c1,5.66,1,Moonshot
EDG-MED-ba1ac7b9-18,CC1Cn2nccc2CN1C(=O)CC1(C(=O)Nc2cncc3ccccc23)CCOc2ccc(Cl)cc21,5.66,1,Moonshot
MAT-POS-24589f88-14,CN1CCN(c2cncc3ccccc23)C(=O)C1c1cccc(Cl)c1,5.66,1,Moonshot
LON-WEI-4d77710c-64,O=S(=O)(Nc1ccccc1SCc1cccc(Cl)c1F)c1cc(Cl)sc1Cl,5.65,2,Moonshot
CHEMBL128251,O=C(O)CCCCCCCCCCCCCCc1ccc(I)cc1,5.65,1,ChEMBL
CHEMBL121556,S=C(SSC(=S)N1CCOCC1)N1CCOCC1,5.65,1,ChEMBL
CHEMBL5442149,c1nc(N[C@@H](c2ccc3c(c2)OCCO3)C2CCCC2)c2cc[nH]c2n1,5.65,1,ChEMBL
CHEMBL5442069,CC(C)[C@@H](Nc1cc(NCC(F)(F)F)ncn1)c1ccc2c(c1)S(=O)(=O)CCC2,5.65,1,ChEMBL
CHEMBL5567940,CN(C(=O)[C@H](Cc1ccccc1)NC(=O)[C@@H](Nc1ccc([N+](=O)[O-])cc1[N+](=O)[O-])C(C)(C)C)N(C#N)Cc1ccc(Cl)cc1,5.65,1,ChEMBL
CHEMBL5542904,O=C(C1CN(c2ccc(Cl)c(Cl)c2)CCN1C(=O)c1cc(=O)[nH]c2ccccc12)N1CCC2(CC1)COC2,5.65,1,ChEMBL
CHEMBL5575393,Cc1ccc(OCCN)cc1C(=O)N[C@H](C)c1cccc(-c2ccccc2O)c1,5.65,1,ChEMBL
MAT-POS-c0609ef7-1,O=C(Cc1cccc(Cl)c1)Nc1cncc2cc(C(F)F)ccc12,5.65,1,Moonshot
MAT-POS-4223bc15-28,COCCN1Cc2ccc(Cl)cc2C(C(=O)Nc2cncc3ccccc23)C1,5.64,1,Moonshot
ALP-POS-a2344586-1,CC(C)(C)c1ccc(N(C(=O)c2ccco2)C(C(=O)NCCc2cccc(F)c2)c2cc(=O)[nH]c3ccccc23)cc1,5.64,1,Moonshot
EDJ-MED-cf4b0d25-3,O=C(Nc1cncc2ccccc12)C(NC(=O)[C@@H]1CCCO1)c1cccc(Cl)c1,5.64,1,Moonshot
CHEMBL1271993,O=C1C(Cl)=C(N2CCOCC2)C(=O)N1c1ccc(Cl)c(Cl)c1,5.64,1,ChEMBL
CHEMBL1532997,O=c1[nH]sc2cc(F)ccc12,5.64,1,ChEMBL
CHEMBL5183136,CC1(C)[C@H](C(=O)OCc2ccccc2)N2C(=O)[C@@H](NC(=O)COCc3ccccc3)[C@H]2S1(=O)=O,5.64,1,ChEMBL
CHEMBL5436099,Cc1cccc(-c2nc3cc(O)c(O)c(O)c3c(=O)[nH]2)c1,5.64,1,ChEMBL
CHEMBL3894673,Cc1ccc(-n2[se]c3ccccc3c2=O)cc1,5.64,1,ChEMBL
CHEMBL5641652,[O-][S+](c1nnc(-c2ccc(Cl)cc2)o1)C1CCOC1,5.64,1,ChEMBL
CHEMBL5441576,CC(C)[C@@H](Nc1ncnc2[nH]c(-c3cccc4c3CN(C)C4=O)cc12)c1ccc2c(c1)OCCO2,5.63,1,ChEMBL
CHO-MSK-00c5269a-1,Cc1ccc(N(Cc2cccc(Cl)c2)C(=O)Cn2nnc3ccccc32)cc1,5.63,1,Moonshot
CHEMBL226652,Sc1nnnn1-c1ccccc1,5.63,1,ChEMBL
CHEMBL472940,Oc1ccc2ccccc2c1SSc1c(O)ccc2ccccc12,5.63,1,ChEMBL
CHEMBL2354521,COc1cccc(C(=O)CCN[C@@H](C)[C@H](O)c2ccccc2)c1.Cl,5.63,1,ChEMBL
CHEMBL5402611,Cc1ccc(C2C3=C(CCCC3=O)Nc3cc([N+](=O)[O-])ccc3N2C(=O)CCl)cc1,5.63,1,ChEMBL
CHEMBL5441784,CC(C)[C@@H](Nc1ncnc2[nH]ccc12)c1ccc2c(c1)C(=O)NCC2,5.63,1,ChEMBL
CHEMBL5575331,C[C@H](c1cccc2ccccc12)N(C)Cc1cccc(N)c1,5.63,1,ChEMBL
CHEMBL5549902,C[C@H](c1cccc(-c2cccs2)c1)N(C)Cc1c[nH]c2cc(F)ccc12,5.63,1,ChEMBL
CHEMBL5570702,C[C@H](c1cccc(-c2cccs2)c1)N(C)Cc1ccc2cn[nH]c2c1,5.63,1,ChEMBL
CHEMBL5078359,Cc1ccc(N)cc1C(=O)NC(C)c1cccc2ccccc12,5.63,1,ChEMBL
CHEMBL6160575,O=C(CCl)Nc1sc(-c2ccccc2)cc1C(=O)NC1CC1,5.63,1,ChEMBL
CHEMBL6191170,O=C(N/N=C/c1cc(F)c(F)cc1O)c1ccc(CSc2cccc3cccnc23)cc1,5.63,1,ChEMBL
ALP-POS-88a7a97e-39,CC(C)(C)c1ccc(N(C(=O)c2cocn2)C(C(=O)NC2CC(F)(F)C2)c2cccnc2)cc1,5.63,1,Moonshot
EDJ-MED-ee07cf00-18,O=C(CN1CCN(C2CC2)C1=O)NC(C(=O)Nc1cncc2ccccc12)c1cccc(Cl)c1,5.63,1,Moonshot
MAT-POS-83f73d0a-1,CC1(CS(=O)(=O)N2Cc3ccc(Cl)cc3C(C(=O)Nc3cncc4ccc(C(C)(C)O)cc34)C2)CS(=O)(=O)C1,5.63,2,Moonshot
MAT-POS-8293a91a-2,O=C(Nc1cncc2ccccc12)C(NC(=O)[C@H]1CC[C@H](C(=O)N2CCCC2)O1)c1cccc(Cl)c1,5.62,1,Moonshot
ALP-POS-88a7a97e-6,COC(=O)[C@@H]1CC[C@H](NC(=O)C(c2cccnc2)N(C(=O)c2cocn2)c2ccc(C(C)(C)C)cc2)C1,5.62,1,Moonshot
MAT-POS-a3f7f96a-1,O=C(Nc1cncc2ccccc12)C12CCC(O1)c1cc(Cl)ccc12,5.62,1,Moonshot
CHEMBL5179067,CC(C)(C)OC(=O)Nc1cccn([C@H](CC2CCCCC2)C(=O)N[C@H](C[C@@H]2CCNC2=O)C(=O)C(=O)NC2CC2)c1=O,5.62,1,ChEMBL
CHEMBL5201546,Cc1ccc(N)cc1C(=O)N[C@@H](C)c1cccc2ccccc12,5.62,1,ChEMBL
CHEMBL5093083,Cc1ccc(N(C)C2CNC2)cc1C(=O)N[C@H](C)c1cccc2ccccc12,5.62,1,ChEMBL
CHEMBL5190048,Nc1ncnc2c1ncn2[C@@H]1O[C@H](CNS(=O)(=O)c2ccc3ccccc3c2)[C@@H](O)[C@H]1O,5.62,1,ChEMBL
CHEMBL5170500,CC(C)(C)OC(=O)Nc1cccn([C@@H](CC2CCCCC2)C(=O)N[C@@H](C[C@@H]2CCNC2=O)C(=O)C(=O)NCc2ccccc2)c1=O,5.62,1,ChEMBL
CHEMBL5180821,CC(C)(C)c1ccc(N(C(=O)c2ccco2)C(C(=O)NC2CCCCC2)c2cccnc2)cc1,5.62,1,ChEMBL
CHEMBL5277714,CC(C)(C)OC(=O)Nc1cccn([C@@H](CC2CCCCC2)C(=O)N[C@@H](C[C@@H]2CCNC2=O)C(=O)C(=O)NC2CC2)c1=O,5.62,1,ChEMBL
CHEMBL5287352,CCCCCCCC(=O)NCC(=O)N[C@@H](Cc1ccccc1)C(=O)N[C@H](C=O)Cc1c[nH]cn1,5.62,1,ChEMBL
CHEMBL5564967,CC(C)(C)c1ccc(N(C(=O)c2ccco2)[C@@H](C(=O)NC2CCCCC2)c2cccnc2)cc1,5.62,1,ChEMBL
CHEMBL5594527,Cc1ccc(NC2CNC2)cc1C(=O)N[C@H](C)c1cccc(-c2ccc(CNC(=O)C3CCNCC3)s2)c1,5.62,1,ChEMBL
CHEMBL5590827,CC(=O)Nc1ccc(C)c(C(=O)N[C@H](C)c2cccc(-c3ccc(CN4CCCC4)s3)c2)c1,5.62,1,ChEMBL
CHEMBL5613891,CSc1nc2ccccc2n1C(=O)c1ccsc1,5.62,1,ChEMBL
CHEMBL5632782,O=C(NCCCNC(=O)n1cc(F)c(=O)[nH]c1=O)c1ccc2cc[nH]c2c1,5.62,1,ChEMBL
CHEMBL6120570,Oc1cc(CCCc2ccc(F)cc2)cc(O)c1O,5.62,1,ChEMBL
LON-WEI-4d77710c-74,CCOC(=O)c1ccc(NC(=O)CC2SC(=O)N(c3ccccc3)C2=O)cc1,5.62,2,Moonshot
EDJ-MED-dd2a8363-4,Cc1cccn2ncc(NC(=O)C3CNC(=O)c4ccc(Cl)cc43)c12,5.62,1,Moonshot
DAN-MCD-1a622181-1,O=C(NCCc1ccccc1)[C@H]1CN(C(=O)CCl)CCN1S(=O)(=O)c1ccsc1,5.61,1,Moonshot
MAT-POS-24589f88-12,NS(=O)(=O)c1ccc(CNCC2(C(=O)Nc3cncc4ccccc34)CCOc3ccc(Cl)cc32)cc1,5.61,1,Moonshot
MAT-POS-90fd5f68-3,CN(C)C(=O)c1ccc2c(NC(=O)Cc3cccc(Cl)c3)cncc2c1,5.61,1,Moonshot
ALP-POS-88a7a97e-16,CSCCNC(=O)C(c1cccnc1)N(C(=O)c1cocn1)c1ccc(C(C)(C)C)cc1,5.61,1,Moonshot
CHEMBL1200471,[O-][n+]1ccccc1[S-].[O-][n+]1ccccc1[S-].[Zn+2],5.61,1,ChEMBL
CHEMBL2105734,COCC[n+]1c2c(n(Cc3cnccn3)c1C)C(=O)c1ccccc1C2=O.[Br-],5.61,1,ChEMBL
CHEMBL5196047,C[C@H](NC(=O)C(c1cccnc1)N(C(=O)c1ccno1)c1ccc(-c2ccccc2)cc1)c1ccccc1,5.61,1,ChEMBL
CHEMBL5433579,O=C1CCCC2=C1C(C1CCC1)N(C(=O)CCl)c1ccc([N+](=O)[O-])cc1N2,5.61,1,ChEMBL
CHEMBL5441765,CC(C)[C@@H](Nc1ncnc2[nH]c(-c3ccn(C(C)C)n3)cc12)c1ccc2c(c1)OCCO2,5.61,1,ChEMBL
CHEMBL5441706,CCCn1nccc1-c1cc2c(N[C@@H](c3ccc4c(c3)OCCO4)C(C)C)ncnc2[nH]1,5.61,1,ChEMBL
CHEMBL5562122,O=c1c(O)c(-c2cc(O)c(O)c(O)c2)oc2cc(OCC3CCCC3)cc(O)c12,5.61,1,ChEMBL
CHEMBL5562474,CC(C)(C)NC(=O)[C@@H](c1cccnc1)N(C(=O)c1ccno1)c1ccc(-c2ccccc2)cc1,5.61,1,ChEMBL
CHEMBL5566394,C[C@H](c1cccc(-c2cccs2)c1)N(C)Cc1c[nH]c2ccccc12,5.61,1,ChEMBL
CHEMBL1062,CC(=O)[C@@]1(O)CC[C@H]2[C@@H]3CCC4=CC(=O)CC[C@]4(C)[C@H]3CC[C@@]21C,5.61,1,ChEMBL
CHEMBL5583650,COCCn1c[n+](Cc2cnccn2)c2c1C(=O)c1ccccc1C2=O.[Br-],5.61,1,ChEMBL
CHEMBL6151360,C[C@H](c1cccc2ccccc12)N(C)Cc1ccc2[nH]nnc2c1,5.61,1,ChEMBL
EDJ-MED-2791eece-12,CNC(=O)N1CCc2ccc(Cl)cc2C1C(=O)Nc1cncc2ccccc12,5.61,1,Moonshot
CHEMBL5612821,CSc1nc2ccccc2n1C(=O)c1ccccc1,5.61,1,ChEMBL
DAR-DIA-0587064e-15,O=C(Nc1cncc2ccccc12)C1CCOc2c(OCC3CC3)cc(Cl)cc21,5.6,2,Moonshot
CHEMBL1908391,Cc1ccc(NC(=O)c2ccc(CN3CCN(C)CC3)cc2)cc1Nc1nc(-c2cccnc2)cs1,5.6,1,ChEMBL
CHEMBL5193830,CC(C)(C)c1ccc(N(C(=O)c2ccco2)C(C(=O)NC2CCCC2)c2cccnc2)cc1,5.6,1,ChEMBL
CHEMBL5175369,CC(C)C[C@H](NC(=O)OC1CN(C(=O)OC(C)(C)C)C1)C(=O)N[C@H](C=O)C[C@H]1CCNC1=O,5.6,1,ChEMBL
CHEMBL5205491,CC(C)C[C@H](NC(=O)OC1(C)CN(C(=O)OC(C)(C)C)C1)C(=O)N[C@@H](C[C@H]1CCNC1=O)C(=O)C(O)S(=O)(=O)[O-].[Na+],5.6,1,ChEMBL
CHEMBL5286815,CC(=O)NCC(=O)N[C@@H](Cc1ccccc1)C(=O)N[C@H](C=O)Cc1c[nH]cn1,5.6,1,ChEMBL
CHEMBL5282983,Clc1ccc(-c2c(-n3ccnc3)c(-c3ccc(Br)cc3)nn2-c2ccc(Cl)c(Cl)c2)cc1,5.6,1,ChEMBL
CHEMBL5280472,CC1=C(C(=O)OCCc2ccccc2)C(c2ccccc2[N+](=O)[O-])C2C(=O)CCCC2N1,5.6,1,ChEMBL
CHEMBL5397697,CC(C)C[C@H](NC(=O)OCc1ccccc1)C(=O)N[C@H](/C=C/C(=O)OCc1ccccc1)CCC(N)=O,5.6,1,ChEMBL
CHEMBL5441972,CC(C)[C@@H](Nc1ncnc2[nH]c(-c3cnc(C#N)nc3)cc12)c1ccc2c(c1)OCCO2,5.6,1,ChEMBL
CHEMBL5556914,CC(C)(C)c1ccc(N(C(=O)c2ccco2)[C@@H](C(=O)NC2CCCC2)c2cccnc2)cc1,5.6,1,ChEMBL
CHEMBL5570100,Cc1ccc(NC2CCNCC2)cc1CN(C)[C@H](C)c1cccc2ccccc12,5.6,1,ChEMBL
CHEMBL5633051,C[C@H](NC(=O)C(c1cccnc1)N(C(=O)C#CC(C)(C)C)c1ccc(-c2ccccc2)cc1)c1ccccc1,5.6,1,ChEMBL
CHEMBL5631345,CC(C)Cn1c(C(=O)NCCCNC(=O)n2cc(F)c(=O)[nH]c2=O)cc2cc(OC(F)(F)F)ccc21,5.6,1,ChEMBL
CHEMBL6161221,S=C(SSc1ccccc1)N1CCCCC1,5.6,1,ChEMBL
MAT-POS-61f37a1a-11,COC(=O)CCc1nocc1CNCC1(C(=O)Nc2cncc3ccccc23)CCOc2ccc(Cl)cc21,5.6,1,Moonshot
EDG-MED-ba1ac7b9-19,CC1c2nncn2CCN1C(=O)CC1(C(=O)Nc2cncc3ccccc23)CCOc2ccc(Cl)cc21,5.6,1,Moonshot
MAT-POS-806462de-1,C[C@@]1(C(=O)Nc2cncc3ccccc23)CNS(=O)(=O)c2ccc(Cl)cc21,5.6,1,Moonshot
MAT-POS-bfd29aac-1,Cn1ncc2cncc(NC(=O)C3CN(S(=O)(=O)CC4(C#N)CC4)Cc4ccc(Cl)cc43)c21,5.6,1,Moonshot
CHEMBL5441409,COc1ccc([C@@H](Cc2nnn[nH]2)NC(=O)c2ncnc3[nH]ccc23)cc1,5.59,1,ChEMBL
CHEMBL5441908,Cc1cocc1-c1cc2c(N[C@@H](c3ccc4c(c3)OCCO4)C(C)C)ncnc2[nH]1,5.59,1,ChEMBL
RAL-THA-8416115c-9,CN(C)C(=O)CN1CCC(C(=O)Nc2cncc3ccccc23)c2cc(Cl)ccc21,5.59,1,Moonshot
CHEMBL4303503,C=C1C(=O)[C@]23[C@H](O)[C@H]1CC[C@@H]2[C@@]12CO[C@]3(O)C[C@@H]1C(C)(C)CC[C@@H]2O,5.59,1,ChEMBL
CHEMBL52,CC(Cc1ccc(O)c(O)c1)C(C)Cc1ccc(O)c(O)c1,5.59,1,ChEMBL
CHEMBL5182370,C[C@H](NC(=O)C(c1cccnc1)N(C(=O)c1ccco1)c1ccc(-c2ccco2)cc1)c1ccccc1,5.59,1,ChEMBL
CHEMBL5437572,O=C1CCCC2=C1C(C1CC1)N(C(=O)CCl)c1ccc([N+](=O)[O-])cc1N2,5.59,1,ChEMBL
CHEMBL5442114,CC(C)[C@@H](Nc1ncnc2[nH]c(C(=O)Nc3cn[nH]c3)cc12)c1ccc2c(c1)OCCO2,5.59,1,ChEMBL
CHEMBL5441985,COc1ccc([C@@H](NC(=O)c2ncnc3[nH]ccc23)C(C)(C)c2nnn[nH]2)cc1,5.59,1,ChEMBL
CHEMBL6192474,O=C(N/N=C/c1ccc(F)cc1)c1ccc(CSc2cccc3cccnc23)cc1,5.59,1,ChEMBL
LON-WEI-9739a092-2,O=C(Cc1cc(Cl)cc(Nc2ccc(C(F)(F)F)cn2)c1)Nc1cncc2ccccc12,5.59,1,Moonshot
CHEMBL5441801,CNS(=O)(=O)c1c[nH]c2ncnc(N[C@@H](c3ccc4c(c3)OCCO4)C(C)C)c12,5.58,1,ChEMBL
MAT-POS-281d2ee9-1,CC(C(N)=O)c1cc(Cl)cc(CC(=O)Nc2cncc3ccccc23)c1,5.58,1,Moonshot
CHEMBL505308,Br.Oc1cc2c(cc1O)C(c1ccccc1)CNCC2,5.58,1,ChEMBL
CHEMBL5406269,CCSc1ccc2c(c1)N(C(=O)CSC#N)c1ccccc1S2,5.58,1,ChEMBL
CHEMBL5562393,CN1C(=O)[C@H](Cc2ccccc2)NC(=O)COCCOCCOc2ccc(F)cc2CN1C#N,5.58,1,ChEMBL
CHEMBL5567760,CN(CC1COCCO1)C(=O)C1CN(c2ccc(Cl)c(Cl)c2)CCN1C(=O)c1cc(=O)[nH]c2ccccc12,5.58,1,ChEMBL
CHEMBL5563853,C[C@H](c1cccc(-c2cccs2)c1)N(C)Cc1c[nH]c2ccc(F)cc12,5.58,1,ChEMBL
CHEMBL5629950,O=C(NCCCNC(=O)n1cc(F)c(=O)[nH]c1=O)c1cc2ccccc2[nH]1,5.58,1,ChEMBL
CHEMBL6146237,C[C@H](c1cccc2ccccc12)N(C)Cc1cc(O)ccc1Cl,5.58,1,ChEMBL
CHEMBL6170580,C[C@@H](NC(=O)c1ccccc1CCC(=O)NNC(=O)/C=C/C(=O)O)c1cccc2ccccc12,5.58,1,ChEMBL
MED-COV-4280ac29-15,O=C(CCl)N1CCN(Cc2cccc(Cl)c2)CC1,5.58,4,Moonshot
PET-UNK-bb7ffe78-3,CCCc1cc(Cl)cc(CC(=O)Nc2cncc3ccccc23)c1,5.58,1,Moonshot
ALP-POS-88a7a97e-40,COC(=O)[C@@H]1C[C@H](NC(=O)C(c2cccnc2)N(C(=O)c2cocn2)c2ccc(C(C)(C)C)cc2)CN1C(=O)OC(C)(C)C,5.58,1,Moonshot
CHEMBL5441878,CC(C)[C@@H](Nc1ncnc2[nH]ccc12)c1ccc2c(n1)NC(=O)CO2,5.58,1,ChEMBL
PET-UNK-7fb4f80a-2,CS(=O)(=O)Oc1ccc2cncc(NC(=O)Cc3cccc(Cl)c3)c2c1,5.57,1,Moonshot
CHEMBL3233809,CC(=O)Nc1cccc(CNC(=O)C2CCN([C@H](C)c3cccc4ccccc34)CC2)c1,5.57,1,ChEMBL
CHEMBL5172081,Nc1ncnc2c1ncn2[C@@H]1O[C@H](CNC(=O)c2ccc3ccccc3c2)[C@@H](O)[C@H]1O,5.57,1,ChEMBL
CHEMBL5176045,O=C(NC1CCCCC1)C(c1cccnc1)N(C(=O)c1ccco1)c1ccc(-c2ccccc2)cc1,5.57,1,ChEMBL
CHEMBL221518,CC(=O)N[C@H](C(=O)N[C@H](C(=O)N[C@@H](CC(C)C)C(=O)N[C@@H](C[C@@H]1CCNC1=O)C(=O)Cn1[nH]c(=O)c2ccccc2c1=O)C(C)OCc1ccccc1)C(C)C,5.57,1,ChEMBL
CHEMBL5406209,O=c1[nH]c(-c2ccc(F)c(F)c2)nc2cc(O)c(O)c(O)c12,5.57,1,ChEMBL
CHEMBL5441886,COc1cc(Nc2ccc(C(=O)N[C@@H]3c4cccc(O)c4C[C@@H]3C(=O)O)cc2)[nH]n1,5.57,1,ChEMBL
CHEMBL5441468,CC(C)[C@@H](Nc1ncnc2[nH]c(-c3ccoc3C#N)cc12)c1ccc2c(c1)OCCO2,5.57,1,ChEMBL
CHEMBL5598437,CCCCCCCCc1ccc(-n2[se]c3ccccc3c2=O)cc1,5.57,1,ChEMBL
CHEMBL5614078,CSc1nc2ccccc2n1C(=O)c1ccc(C(F)(F)F)cc1,5.57,1,ChEMBL
CHEMBL6169168,C[C@H](c1cccc2ccccc12)N(C)Cc1cc(O)cc(O)c1,5.57,1,ChEMBL
CHEMBL6166863,CC[C@@H](C)[C@@H](NC(=O)c1ccc(-c2cccc([C@@H](C)NC(=O)c3cc(N)ccc3C)c2)s1)C(=O)OC,5.57,1,ChEMBL
CHEMBL6193143,O=C(N/N=C/c1ccc(F)cc1O)c1ccc(CSc2cccc3cccnc23)cc1,5.57,1,ChEMBL
MAT-POS-90fd5f68-10,CN(c1ccc2c(NC(=O)Cc3cccc(Cl)c3)cncc2c1)S(C)(=O)=O,5.57,1,Moonshot
MIH-UNI-e573136b-5,NS(=O)(=O)CCc1ccccc1CN1CCN(C(=O)CCl)CC1,5.57,1,Moonshot
LON-WEI-2e27a2e5-1,CC(C)(C)c1ccc(N(C(=O)c2ccco2)C(C(=O)NCCc2cccc(F)c2)c2cccnc2)cc1,5.57,1,Moonshot
MAT-POS-e6dd326d-5,CN(C)S(=O)(=O)NCC1(C(=O)Nc2cncc3ccccc23)CCOc2ccc(Cl)cc21,5.56,1,Moonshot
EDJ-MED-827e7cb4-1,CS(=O)(=O)c1ccc2cncc(NC(=O)C3CNC(=O)c4ccc(Cl)cc43)c2c1,5.56,1,Moonshot
DAR-DIA-fb20be43-7,COc1cc(CN2CCN(C(=O)CCl)CC2)c2ccccc2c1,5.56,1,Moonshot
BEN-DND-c852c98b-1,N#Cc1ccc2cncc(NC(=O)C3CCOc4ccc(Cl)cc43)c2c1,5.56,1,Moonshot
CHEMBL5092396,O=c1c2ccccc2[se]n1-c1cccc(C(F)(F)F)c1,5.56,1,ChEMBL
CHEMBL5432498,Cc1cc(C(=O)Nc2cccc(N3CCNC3=O)c2C)sc1C=O,5.56,1,ChEMBL
CHEMBL5573157,Cc1ccc(OCCN)cc1C(=O)N[C@H](C)c1cccc(-c2ccnn2C)c1,5.56,1,ChEMBL
CHEMBL3964347,O=c1c2ccccc2[se]n1-c1ccc(F)cc1,5.56,1,ChEMBL
CHEMBL5088374,O=c1c2ccccc2[se]n1-c1ccc(Br)cc1,5.56,1,ChEMBL
CHEMBL5624531,CC(C)(C)OC[C@H](NS(=O)(=O)C(F)(F)F)C(=O)N1[C@@H]2CC[C@@H](C2)[C@H]1C(=O)N[C@@H](C[C@@H]1CCNC1=O)C(=O)c1nc2ccccc2s1,5.56,1,ChEMBL
EDJ-MED-ee07cf00-14,O=C(Cn1nc2n(c(=O)c1=O)CCC2)NC(C(=O)Nc1cncc2ccccc12)c1cccc(Cl)c1,5.56,1,Moonshot
ALP-POS-88a7a97e-30,CC(C)(C)c1ccc(N(C(=O)c2cocn2)C(C(=O)NC2CCOC2)c2cccnc2)cc1,5.56,1,Moonshot
EDJ-MED-cf4b0d25-2,O=C(Nc1cncc2ccccc12)C(NC[C@@H]1CC[C@H](C(=O)N2CCCC2)O1)c1cccc(Cl)c1,5.56,1,Moonshot
ALP-POS-5bb456a5-1,CC1CN(S(C)(=O)=O)CCC1NC(=O)CC1(C(=O)Nc2cncc3ccccc23)CCOc2ccc(Cl)cc21,5.56,2,Moonshot
CHEMBL5441733,CC(C)[C@@H](Nc1ncnc2[nH]ccc12)c1ccc2c(c1)NC(=O)[C@@H](C)O2,5.55,1,ChEMBL
ALP-POS-88a7a97e-17,CCOC(=O)CCNC(=O)C(c1cccnc1)N(C(=O)c1cocn1)c1ccc(C(C)(C)C)cc1,5.55,1,Moonshot
MAT-POS-24589f88-11,O=C(NC1(C(=O)Nc2cncc3ccccc23)CCOc2ccc(Cl)cc21)C1CCC(C(=O)N2CCCC2)O1,5.55,1,Moonshot
TAT-ENA-80bfd3e5-32,Cc1cc(C(=O)CCl)c(C)n1CC1COc2ccccc2O1,5.55,2,Moonshot
CHEMBL286080,Oc1cc2c(cc1O)C(c1ccccc1)CNCC2,5.55,1,ChEMBL
CHEMBL5193842,C#CC(=O)N1CCN(c2ccc(Cl)c(Cl)c2)[C@H](C(=O)NCc2cccs2)C1,5.55,1,ChEMBL
CHEMBL5188357,COc1ccc(OCC(=O)N[C@@H]2C(=O)N3[C@@H](C(=O)OCc4ccccc4)C(C)(C)S(=O)(=O)[C@H]23)cc1,5.55,1,ChEMBL
CHEMBL5396631,C#C[C@H](C[C@@H]1CCNC1=O)NC(=O)[C@@H]1[C@@H]2[C@H](CN1C(=O)COc1ccc(OC(F)(F)F)cc1)C2(C)C,5.55,1,ChEMBL
CHEMBL5442059,O=C(Nc1cccc2c(C(=O)N[C@@H]3c4ccccc4C[C@@H]3C(=O)O)c[nH]c12)NC1CC1,5.55,1,ChEMBL
CHEMBL5441604,CC(C)[C@@H](Nc1ncnc2[nH]ccc12)c1ccc2c(c1)CCCS2(=O)=O,5.55,1,ChEMBL
CHEMBL5441690,Cc1cc(-c2cc3c(N[C@@H](c4ccc5c(c4)OCCO5)C(C)C)ncnc3[nH]2)[nH]n1,5.55,1,ChEMBL
CHEMBL4094994,COC(=O)Cn1sc2ccccc2c1=O,5.55,1,ChEMBL
CHEMBL5573491,C[C@H](c1cccc2ccccc12)N(C)Cc1ccc(O)cc1F,5.55,1,ChEMBL
CHEMBL5575356,Cc1ccc(OC2CN(C(=N)N)C2)cc1C(=O)N[C@H](C)c1cccc2ccccc12,5.55,1,ChEMBL
CHEMBL5574506,CC(C)C[C@H](NC(=O)CCl)C(=O)N[C@@H](Cc1c[nH]c2ccccc12)C(=O)NCc1ccccc1,5.55,1,ChEMBL
CHEMBL5591929,Cc1ccc(OC2CNC2)cc1C(=O)N[C@H](C)c1cccc(-c2ccc(CNC3CCCC3)o2)c1,5.55,1,ChEMBL
CHEMBL6165859,C[C@H](c1cccc2ccccc12)N(C)Cc1ccc(OCC(N)=O)cc1,5.55,1,ChEMBL
CHEMBL6165151,CC(C)(C)c1ccc(N(C(=O)c2cnc[nH]2)[C@@H](C(=O)NC2CCCCC2)c2cccnc2)cc1,5.55,1,ChEMBL
MAT-POS-90fd5f68-13,CN(C)CCOc1ccc2c(NC(=O)Cc3cccc(Cl)c3)cncc2c1,5.55,1,Moonshot
CHEMBL5441742,O=C(O)C[C@@H](NC(=O)c1ncnc2[nH]ccc12)c1ccc(F)cc1,5.54,1,ChEMBL
CHEMBL5441538,Cc1nc(C(=O)N[C@@H](CC(=O)O)c2ccc(Br)cc2)c2cc[nH]c2n1,5.54,1,ChEMBL
EDJ-MED-b774e9fe-1,CC(=O)N1CCc2ccc(Cl)cc2C1C(=O)Nc1cncc2ccccc12,5.54,2,Moonshot
MAT-POS-e9e99895-13,CN1CCC(C(=O)NC(C)(C(=O)Nc2cncc3ccccc23)c2ccc(Cl)c(Cl)c2)C1,5.54,1,Moonshot
CHEMBL5271977,C=CC(=O)N(c1ccc(C(C)(C)C)cc1)[C@H](C(=O)NCCc1cccc(F)c1)c1cccnc1,5.54,2,ChEMBL+Moonshot
EDG-MED-70ae9412-1,O=C(Cn1ccnc1)NCC1(C(=O)Nc2cncc3ccccc23)CCOc2ccc(Cl)cc21,5.54,1,Moonshot
DAN-MCD-3ec20f87-1,O=C(CCl)N1CCN(S(=O)(=O)c2ccsc2)[C@H](C(=O)N2CCOCC2)C1,5.54,1,Moonshot
CHEMBL5206233,Nc1ncnc2c1ncn2[C@@H]1O[C@H](CNS(=O)(=O)c2ccc(Br)c([N+](=O)[O-])c2)[C@@H](O)[C@H]1O,5.54,1,ChEMBL
CHEMBL221519,CC(=O)N[C@H](C(=O)N[C@H](C(=O)N[C@@H](CC(C)C)C(=O)N[C@@H](C[C@@H]1CCNC1=O)C(=O)Cn1[nH]c(=O)c2ccccc2c1=O)C(C)O)C(C)C,5.54,1,ChEMBL
CHEMBL5405232,COc1ccc2c(c1)N(C(=O)CSC#N)c1ccccc1S2,5.54,1,ChEMBL
CHEMBL5405362,O=c1[nH]c(/C=C/c2ccccc2)nc2cc(O)c(O)c(O)c12,5.54,1,ChEMBL
CHEMBL5415934,CNc1ncnc2c1ncn2[C@@H]1O[C@H](CNS(=O)(=O)c2ccc(C)c([N+](=O)[O-])c2)[C@@H](O)[C@H]1O,5.54,1,ChEMBL
CHEMBL6163677,COC(=O)Cc1ccc(CNc2ccc(C)c(C(=O)N[C@H](C)c3cccc4ccccc34)c2)cc1,5.54,1,ChEMBL
CHEMBL6192988,COc1cc(F)ccc1/C=N/NC(=O)c1ccc(CSc2cccc3cccnc23)cc1,5.54,1,ChEMBL
MAT-POS-c20a539d-4,CC(C)(O)c1ccc2c(NC(=O)Cc3cccc(Cl)c3)cncc2c1,5.54,1,Moonshot
CHEMBL5441918,O=C(O)C[C@@H](NC(=O)c1ncnc2[nH]ccc12)c1ccc(Cl)cc1,5.54,1,ChEMBL
CHEMBL5441482,CC(C)[C@@H](Nc1ncnc2[nH]ccc12)c1ccc2c(c1)S(=O)(=O)CO2,5.54,1,ChEMBL
ALP-POS-d0876c20-17,CC(C)(C)c1ccc(N(C(=O)c2cocn2)C(C(=O)NCCc2cccc(F)c2)c2cncnc2)cc1,5.53,1,Moonshot
MAT-POS-5d65ec79-1,CN(C)C(=O)CC1(C(=O)Nc2cncc3ccccc23)CCOc2ccc(Cl)cc21,5.53,1,Moonshot
ALP-POS-95f71980-26,O=C(NCCc1cccc(F)c1)C(c1cccnc1)N(C(=O)c1cocn1)c1cnn(-c2ccccc2)c1,5.53,1,Moonshot
CHEMBL6193550,O=C(N/N=C/c1c(Cl)nc(Cl)nc1Cl)c1ccc(CSc2cccc3cccnc23)cc1,5.53,1,ChEMBL
CHEMBL6190854,O=C(N/N=C/c1cccc(F)c1O)c1ccc(CSc2cccc3cccnc23)cc1,5.53,1,ChEMBL
EDG-MED-5d232de5-7,O=C1[C@@H](c2cccc(Cl)c2)CCN1c1cncc2ccccc12,5.53,1,Moonshot
LON-WEI-adc59df6-47,C=CC(=O)N(c1ccc(C(C)(C)C)cc1)C(C(=O)NCCc1cccc(F)c1)c1cccnc1,5.53,1,Moonshot
CHEMBL5441798,O=C(O)C[C@H](NC(=O)c1ncnc2[nH]ccc12)c1ccc(Br)cc1,5.53,1,ChEMBL
CHEMBL5442144,CC(C)[C@@H](Nc1ncnc2[nH]c(-c3ccnn3C(C)C)cc12)c1ccc2c(c1)OCCO2,5.53,1,ChEMBL
CHEMBL5441575,CC(C)[C@@H](Nc1ncnc2[nH]c(C(=O)NCC(C)(C)C#N)cc12)c1ccc2c(c1)OCCO2,5.53,1,ChEMBL
EDJ-MED-bbe8e3da-2,COc1cccc2[nH]c(=O)cc(C(=O)NCCOc3ccccc3OCC3CC3)c12,5.52,1,Moonshot
MAT-POS-fb82b63d-3,CN1CCc2ccc(Cl)cc2C1C(=O)Nc1cncc2ccccc12,5.52,1,Moonshot
MAT-POS-90fd5f68-28,CN(c1ccc2cncc(NC(=O)Cc3cccc(Cl)c3)c2c1)S(C)(=O)=O,5.52,1,Moonshot
CHEMBL28,O=c1cc(-c2ccc(O)cc2)oc2cc(O)cc(O)c12,5.52,1,ChEMBL
CHEMBL488755,CN(C)CCNc1nc2cc(O)ccc2c2c1C(=O)c1ccccc1-2,5.52,1,ChEMBL
CHEMBL5183479,C#CCOC(=O)[C@@H]1N2C(=O)[C@@H](NC(=O)COc3ccccc3)[C@H]2S(=O)(=O)C1(C)C,5.52,1,ChEMBL
CHEMBL5208016,CC(C)C[C@H](NC(=O)OC1CN(C(=O)OC(C)(C)C)C1)C(=O)N[C@@H](C[C@H]1CCNC1=O)C(=O)C(O)S(=O)(=O)[O-].[Na+],5.52,1,ChEMBL
CHEMBL5409319,C#C[C@H](C[C@@H]1CCNC1=O)NC(=O)[C@@H]1[C@@H]2[C@H](CN1C(=O)COc1ccc(C(F)(F)F)cc1)C2(C)C,5.52,1,ChEMBL
CHEMBL5440889,CC(C)(C)OC(=O)CC[C@H](NC(=O)CNC(=O)OC(C)(C)C)C(=O)COC(=O)c1c(Cl)cccc1Cl,5.52,1,ChEMBL
CHEMBL5441962,CC(C)[C@H](Nc1ncnc2[nH]c(C(=O)N[C@@H]3CCN(C)C3)cc12)c1ccc2c(c1)S(=O)(=O)CCC2,5.52,1,ChEMBL
CHEMBL5575204,COc1cc(O)ccc1CN(C)[C@@H](C)c1cccc(-c2ccc(CN3CCCC3)s2)c1,5.52,1,ChEMBL
CHEMBL5612353,COc1ccc(C(=O)n2c(SC)nc3ccccc32)cc1,5.52,1,ChEMBL
EDJ-MED-ee07cf00-12,NC(=O)c1ccc(OCC(=O)NC(C(=O)Nc2cncc3ccccc23)c2cccc(Cl)c2)cc1,5.52,1,Moonshot
JOR-UNI-2fc98d0b-12,O=C(Nc1cccnc1)N(CCC1CCCCC1)c1cccc(Cl)c1,5.51,1,Moonshot
MAT-POS-61f37a1a-10,COC(=O)c1cnc(Cn2ccc(CNCC3(C(=O)Nc4cncc5ccccc45)CCOc4ccc(Cl)cc43)n2)cn1,5.51,1,Moonshot
CHEMBL5441732,CC(=O)c1ccc(-c2cc3c(N[C@@H](c4ccc5c(c4)OCCO5)C(C)C)ncnc3[nH]2)[nH]1,5.51,1,ChEMBL
CHEMBL5441993,Cn1ncc(-c2cc3c(N[C@H](c4ccc5c(n4)OCCO5)C(C)(C)C)ncnc3[nH]2)c1C#N,5.51,1,ChEMBL
CHEMBL5441949,CCNC(=O)c1cc2c(NC3(c4ccc5c(c4)S(=O)(=O)CCC5)CCC3)ncnc2[nH]1,5.51,1,ChEMBL
CHEMBL5556568,O=C1CCCN1CN1C(=O)N(c2cncc3ccccc23)C(=O)C12CC(C1CCC1)C2,5.51,1,ChEMBL
CHEMBL5575326,Cc1cc(OCCN)ccc1C(=O)N[C@H](C)c1cccc(-c2cccs2)c1,5.51,1,ChEMBL
CHEMBL5633928,O=C(c1ccc2cc[nH]c2c1)N1CCC(CCCNC(=O)n2cc(F)c(=O)[nH]c2=O)CC1,5.51,1,ChEMBL
CHEMBL6141582,CNC(=O)C1CCN([C@H](C)c2cccc3ccccc23)CC1,5.51,1,ChEMBL
CHEMBL6144662,Cc1ccc(CNC(=O)c2ccc(C(C)(C)C)cc2)cc1C(=O)N[C@H](C)c1cccc2ccccc12,5.51,1,ChEMBL
CHEMBL6103390,C=CC(=O)NNC(=O)CCc1ccccc1C(=O)N[C@H](C)c1cc(-c2cnn(C)c2)cc(-c2ccn(CC)n2)c1,5.51,1,ChEMBL
BEN-DND-4f474d93-1,O=C(Nc1cncc2cnccc12)[C@@H]1CCOc2ccc(Cl)cc21,5.51,1,Moonshot
MAT-POS-f39f51fd-1,O=C1CC(C(=O)Nc2cncc3ccccc23)c2cc(Cl)cc(Cl)c2N1,5.51,1,Moonshot
DAR-DIA-0587064e-10,O=C(Nc1cncc2ccccc12)C1CCOc2c(OCCC(F)(F)F)cc(Cl)cc21,5.5,2,Moonshot
CHEMBL444186,CC(CN1CC(=O)NC(=O)C1)N1CC(=O)NC(=O)C1,5.5,1,ChEMBL
CHEMBL566136,CCOC(=O)c1c(N)sc(-c2ccccc2)c1C,5.5,1,ChEMBL
CHEMBL1608472,Cc1cc(C)cc(N2C(=O)CC(Sc3nc[nH]n3)C2=O)c1,5.5,1,ChEMBL
CHEMBL4518490,CCC[C@@H](C=O)NC(=O)[C@H](CC(C)C)NC(=O)[C@H](CC(C)C)NC(=O)OCc1ccccc1,5.5,1,ChEMBL
CHEMBL5441782,CC(C)[C@H](Nc1ncnc2[nH]c(C(=O)N[C@H]3CCN(C)C3)cc12)c1ccc2c(c1)S(=O)(=O)CCC2,5.5,1,ChEMBL
CHEMBL5559018,CC1=NN(c2ccc(Cl)cc2)C(=O)/C1=C\c1ccc(OCc2cn(CC(=O)NCc3ccc(C(=O)O)cc3)nn2)cc1,5.5,1,ChEMBL
CHEMBL5523537,O=c1c(O)c(-c2cc(O)c(O)c(O)c2)oc2cc(OP(=O)(Oc3ccccc3)Oc3ccccc3)cc(O)c12,5.5,1,ChEMBL
CHEMBL5590176,Cc1ccc(NC2CNC2)cc1C(=O)N[C@H](C)c1cccc(-c2sc(CN3CCCC3)cc2C)c1,5.5,1,ChEMBL
CHEMBL3736478,Fc1cccc(COc2ccc(Nc3ncnc4ccccc34)cc2Cl)c1,5.5,1,ChEMBL
ALP-POS-c0c213c9-6,CC(C)(C(N)=O)c1ccc(N(Cc2ccsc2)C(=O)Cn2nnc3ccccc32)cc1,5.5,1,Moonshot
CHEMBL5190812,O=C(Nc1ccccc1)n1sc2cc(F)ccc2c1=O,5.5,1,ChEMBL
DAR-DIA-fb20be43-4,CCNc1ncc(C#N)cc1CN1CCN(C(=O)CCl)CC1,5.49,3,Moonshot
MAT-POS-14f31916-4,Cc1nc2c(NC(=O)C3CCOc4ccc(Cl)cc43)cncc2s1,5.49,1,Moonshot
TAT-ENA-80bfd3e5-36,CCN(c1ccccc1)S(=O)(=O)c1ccc(OC)c(NC(=O)CCl)c1,5.49,2,Moonshot
CHEMBL5173857,C#CC[C@H](NC(=O)/C=C/c1ccccc1)C(=O)N[C@H](C=O)C[C@@H]1CCCNC1=O,5.49,1,ChEMBL
CHEMBL5176434,CC(=O)OCC1Cc2c(-c3cc(C=O)ccn3)cccc2-c2c(O)ccc(-c3ccc(Br)cc3)c21,5.49,1,ChEMBL
CHEMBL5442094,COC(=O)c1c[nH]c(-c2cc3c(N[C@@H](c4ccc5c(c4)OCCO5)C(C)C)ncnc3[nH]2)c1,5.49,1,ChEMBL
LON-WEI-4d77710c-70,N#Cc1cnn(C(=O)c2cccs2)c1C1CC1,5.49,2,Moonshot
MAR-UCB-f313ec4d-2,COc1ccccc1OCCNC(=O)c1cncc2ccccc12,5.49,2,Moonshot
MAT-POS-51833a24-1,O=C(Nc1cnc2ccccn12)C1CCOc2ccc(Cl)cc21,5.49,1,Moonshot
CHEMBL5442047,CC(C)[C@@H](Nc1ncnc2[nH]cc(S(N)(=O)=O)c12)c1ccc2c(c1)OCCO2,5.49,1,ChEMBL
CHEMBL5441617,COC(=O)c1c[nH]c2ncnc(N[C@@H](c3ccc4c(c3)OCCO4)C(C)C)c12,5.49,1,ChEMBL
MAT-POS-b4d6b7fc-6,CNC(=O)CN1Cc2ccc(Cl)cc2C2(CCN(c3cncc4cccc(Cl)c34)C2=O)C1,5.48,2,Moonshot
LON-WEI-8f408cad-2,O=C(CCl)N1CCN(S(=O)(=O)c2c(F)cccc2F)CC1,5.48,3,Moonshot
CHEMBL5189811,CC(=O)OCC1Cc2c(-c3ccc(Cl)cn3)cccc2-c2c(O)ccc(-c3ccc(Br)cc3)c21,5.48,1,ChEMBL
CHEMBL5205703,CC(C)C[C@H](NC(=O)OC1CC2(C1)CN(C(=O)OC(C)(C)C)C2)C(=O)N[C@H](C=O)C[C@H]1CCNC1=O,5.48,1,ChEMBL
CHEMBL5398507,CCC(=O)c1ccc2c(c1)N(C(=O)CSC#N)c1ccccc1S2,5.48,1,ChEMBL
CHEMBL5395848,CC1CC(=O)C2=C(C1)Nc1cc([N+](=O)[O-])ccc1N(C(=O)CCl)C2c1ccc(C(F)(F)F)cc1,5.48,1,ChEMBL
CHEMBL5441913,CC(C)[C@@H](Nc1ncnc2[nH]c(C(=O)Nc3cnoc3)cc12)c1ccc2c(c1)OCCO2,5.48,1,ChEMBL
CHEMBL5561594,O=C1CCN(C(=O)C2CN(c3ccc(Cl)c(Cl)c3)CCN2C(=O)c2cc(=O)[nH]c3ccccc23)CC1,5.48,1,ChEMBL
CHEMBL5085970,COc1ccc(F)cc1-n1[se]c2ccccc2c1=O,5.48,1,ChEMBL
CHEMBL5631646,O=C(NCCCC1CCCCC1)n1cc(F)c(=O)[nH]c1=O,5.48,1,ChEMBL
CHEMBL6102572,Cc1ccc(NC(=O)CN)cc1C(=O)N[C@H](C)c1cccc2ccccc12,5.48,1,ChEMBL
ALP-POS-869ac754-2,O=C(Nc1cncc2ccccc12)C1CCOc2c1ccc(Cl)c2Cl,5.48,1,Moonshot
MAT-POS-5d65ec79-2,CNC(=O)CC1(C(=O)Nc2cncc3ccccc23)CCOc2ccc(Cl)cc21,5.48,1,Moonshot
MAT-POS-e6dd326d-9,CC(=O)NCC1(C(=O)Nc2cncc3ccccc23)CCOc2ccc(Cl)cc21,5.48,1,Moonshot
MAT-POS-90fd5f68-21,CN(C)C(=O)c1ccc2cncc(NC(=O)Cc3cccc(Cl)c3)c2c1,5.48,1,Moonshot
CHEMBL5441625,Cc1noc2ncc(-c3cc4c(N[C@@H](c5ccc6c(c5)OCCO6)C(C)C)ncnc4[nH]3)cc12,5.47,1,ChEMBL
CHEMBL5441434,CC(C)[C@@H](Nc1ncnc2[nH]c(-c3cnn(C)c3C#N)cc12)c1ccc2c(n1)NC(=O)CO2,5.47,1,ChEMBL
MAT-POS-932d1078-4,COC[C@]1(C(=O)Nc2cncc3ccccc23)CCOc2cc(Cl)c(Cl)cc21,5.47,1,Moonshot
MAT-POS-7ddaf7de-4,Cc1c(N)cncc1NC(=O)C1CCOc2ccc(Cl)cc21,5.47,1,Moonshot
MAT-POS-1f3f1a6f-1,NC(C(=O)Nc1cncc2ccccc12)c1ccc(Cl)c(Cl)c1,5.47,1,Moonshot
CHEMBL4303154,C/C=C1\C(OC2OC(CO)C(O)C(O)C2O)OC=C(C(=O)OC)C1CC(=O)OCCc1ccc(O)c(O)c1,5.47,1,ChEMBL
CHEMBL3747259,O=C(/C=C/c1ccc(O)c2c1[C@@H](C(=O)O[C@H](Cc1ccc(O)c(O)c1)C(=O)O)[C@H](c1ccc(O)c(O)c1)O2)O[C@H](Cc1ccc(O)c(O)c1)C(=O)O,5.47,1,ChEMBL
CHEMBL3928799,O=C(Nc1ccccc1O)c1ccccc1[Se][Se]c1ccccc1C(=O)Nc1ccccc1O,5.47,1,ChEMBL
CHEMBL5286682,O=C(NCCNC(=S)Nc1ccc(O)c(O)c1)c1cc(=O)c2c(O)cccc2o1,5.47,1,ChEMBL
CHEMBL372816,CC(=O)N[C@H](C(=O)N[C@H](C(=O)N[C@@H](CC(C)C)C(=O)N[C@@H](C[C@@H]1CCNC1=O)C(=O)Cn1[nH]c(=O)c2c([N+](=O)[O-])cccc2c1=O)C(C)O)C(C)C,5.47,1,ChEMBL
CHEMBL5424014,CC(C)[C@H](NC(=O)OC(C)(C)C)C(=O)N1CCCC[C@H]1C(=O)N[C@H](C=O)C[C@@H]1CCNC1=O,5.47,1,ChEMBL
CHEMBL5439502,CC1CC(=O)C2=C(C1)Nc1cc([N+](=O)[O-])ccc1N(C(=O)CCl)C2c1ccccc1,5.47,1,ChEMBL
CHEMBL5397709,Cc1ccc(C2C3=C(CC(C)CC3=O)Nc3cc([N+](=O)[O-])ccc3N2C(=O)CCl)cc1,5.47,1,ChEMBL
CHEMBL5427720,CNc1ncnc2c1ncn2[C@@H]1O[C@H](CNS(=O)(=O)c2ccc(Br)c([N+](=O)[O-])c2)[C@@H](O)[C@H]1O,5.47,1,ChEMBL
CHEMBL5557307,Cc1ccc(-c2noc([C@@H](C)c3ccc(-c4ccccc4)c(F)c3)n2)cc1NCc1ccc(C(=O)O)s1,5.47,1,ChEMBL
CHEMBL5569772,C[C@H](c1cccc(-c2ccc(CN3CCCC3)s2)c1)N(C)Cc1cccc2[nH]ccc12,5.47,1,ChEMBL
CHEMBL5571953,Cc1ccc(OCCN)cc1C(=O)N[C@H](C)c1cccc(-c2ccn(C)c2C)c1,5.47,1,ChEMBL
CHEMBL5597956,Cc1cc(Cl)ccc1C(=O)Oc1cncc(Cl)c1,5.47,1,ChEMBL
CHEMBL5631334,CC(C)(C)OC(=O)N1CCC(CCCNC(=O)n2cc(F)c(=O)[nH]c2=O)CC1,5.47,1,ChEMBL
ALP-POS-88a7a97e-13,CC(C)(C)OC(=O)NCCCNC(=O)C(c1cccnc1)N(C(=O)c1cocn1)c1ccc(C(C)(C)C)cc1,5.47,1,Moonshot
PET-UNK-3c72d439-1,O=C(Cc1cc(Cl)ccn1)Nc1cncc2ccccc12,5.47,1,Moonshot
MAT-POS-4223bc15-26,O=C(Nc1cncc2ccccc12)C1CN(CC(F)(F)F)Cc2ccc(Cl)cc21,5.47,1,Moonshot
CHEMBL5612687,Cc1ccc(C(=O)n2c(C)nc3ccccc32)cc1,5.46,1,ChEMBL
MAT-POS-5369c344-7,O=C(Nc1cncc2ccccc12)C1CCOc2c(OCc3ccncc3)cc(Cl)cc21,5.46,1,Moonshot
CHEMBL5182830,CC(C)(C)[C@H](NC(=O)/C=C/c1ccccc1)C(=O)N[C@H](C=O)C[C@@H]1CCCNC1=O,5.46,1,ChEMBL
CHEMBL5172628,Nc1ncnc2c1ncn2[C@@H]1O[C@H](CNS(=O)(=O)c2ccc(C(F)(F)F)cc2[N+](=O)[O-])[C@@H](O)[C@H]1O,5.46,1,ChEMBL
CHEMBL154,COc1ccc2cc([C@H](C)C(=O)O)ccc2c1,5.46,1,ChEMBL
CHEMBL5441725,CC(C)[C@@H](Nc1ncnc2[nH]c(-c3cccc(CN4CCS(=O)(=O)CC4)c3)cc12)c1ccc2c(c1)OCCO2,5.46,1,ChEMBL
CHEMBL6133701,O=C(O)/C=C/c1c(Cl)c(O)c(O)c(O)c1Br,5.46,1,ChEMBL
MAT-POS-61f37a1a-4,Cn1nnc(CNC(=O)OC(C)(C)C)c1CNCC1(C(=O)Nc2cncc3ccccc23)CCOc2ccc(Cl)cc21,5.46,1,Moonshot
LON-WEI-8f408cad-7,O=C(CCl)N1CCN(Cc2ccsc2)CC1,5.46,3,Moonshot
CHEMBL5441645,CC(C)[C@@H](Nc1ncnc2[nH]ccc12)c1cnn(C)c1,5.46,1,ChEMBL
CHEMBL5442095,COCCC1(NC(=O)c2cc3c(N[C@@H](c4ccc5c(c4)OCCO5)C(C)C)ncnc3[nH]2)CC1,5.46,1,ChEMBL
CHEMBL4175014,CCCOc1ccc(-c2cc(OCCN3CCc4cc(OC)c(OC)cc4C3)c3c(OC)cc(OC)cc3n2)cc1,5.45,1,ChEMBL
CHEMBL1201236,C[C@@](Cc1ccc(O)c(O)c1)(NN)C(=O)O,5.45,1,ChEMBL
CHEMBL5180645,Nc1ncnc2c1ncn2[C@@H]1O[C@H](CNS(=O)(=O)c2cccc([N+](=O)[O-])c2)[C@@H](O)[C@H]1O,5.45,1,ChEMBL
CHEMBL5430534,O=c1[nH]c(-c2ccc3ccccc3c2)nc2cc(O)c(O)c(O)c12,5.45,1,ChEMBL
CHEMBL5441687,CC(C)[C@@H](Nc1ncnc2[nH]c(-c3cnc(C4CC4)o3)cc12)c1ccc2c(c1)OCCO2,5.45,1,ChEMBL
NIR-THE-0d6461ce-8,Cc1cc(Cl)cc(CC2CCN(C(=O)CCl)CC2)c1,5.45,1,Moonshot
ALP-POS-a3de0cb1-1,CCC(=O)Nc1ccc(N(Cc2ccccc2)C(=O)Nn2nnc3ccccc32)cc1,5.45,1,Moonshot
EDJ-MED-827e7cb4-4,CS(=O)(=O)c1ccc2cncc(NC(=O)C3CNC(=O)c4c(F)cc(F)cc43)c2c1,5.44,1,Moonshot
TRY-UNI-2eddb1ff-7,Cc1ccncc1NC(=O)Cc1cc(Cl)cc(OC2CC(=O)N2)c1,5.44,2,Moonshot
CHEMBL4303331,C[C@@H]1O[C@@H](Oc2c(-c3cc(O)c(O)c(O)c3)oc3cc(O)cc(O)c3c2=O)[C@@H](O)[C@H](O)[C@H]1O,5.44,1,ChEMBL
CHEMBL5177564,CC1(C)[C@H](C(=O)OCc2ccc(F)cc2F)N2C(=O)[C@@H](NC(=O)COc3ccccc3)[C@H]2S1(=O)=O,5.44,1,ChEMBL
CHEMBL5207499,CC(C)C[C@H](NC(=O)OC1(C)CN(C(=O)OC(C)(C)C)C1)C(=O)N[C@H](C=O)C[C@H]1CCNC1=O,5.44,1,ChEMBL
CHEMBL5436573,N#C[C@H](C[C@@H]1CCNC1=O)NC(=O)C1CC2(CCCC2)CN1C(=O)OCc1cccc(Cl)c1,5.44,1,ChEMBL
CHEMBL5394565,CC1CC(=O)C2=C(C1)Nc1cc([N+](=O)[O-])ccc1N(C(=O)CCl)C2C1CCCCC1,5.44,1,ChEMBL
CHEMBL5556552,Cc1ccc(-c2noc(C(C)c3ccc(CC(C)C)cc3)n2)cc1NCc1ccc(C(=O)O)s1,5.44,1,ChEMBL
CHO-MSK-00c5269a-5,O=C(Cn1nnc2ccccc21)N(Cc1cccc(Cl)c1)c1ccc(N2CCCCC2)cc1,5.44,1,Moonshot
ALP-POS-88a7a97e-25,CC(C)(C)OC(=O)N1CCC(NC(=O)C(c2cccnc2)N(C(=O)c2cocn2)c2ccc(C(C)(C)C)cc2)C1,5.44,1,Moonshot
DAN-MCD-1c3944e2-1,Cc1ccc(S(=O)(=O)N2CCN(C(=O)CCl)C[C@H]2C(=O)NCc2ccccc2)cc1,5.44,1,Moonshot
EDJ-MED-e4b030d8-8,Cc1c(Cl)ccc2c1[C@H](C(=O)Nc1cncc3ccccc13)CCO2,5.44,1,Moonshot
CHEMBL4870398,O=C(CSc1c[nH]c2ccccc12)N(Cc1ccccc1)Cc1ccccc1,5.43,1,ChEMBL
CHO-MSK-00c5269a-4,O=C(Cn1nnc2ccccc21)N(Cc1cccc(Cl)c1)c1ccc(N2CCOCC2)cc1,5.43,1,Moonshot
CHEMBL5421327,CC1(C)CC(=O)C2=C(C1)Nc1cc([N+](=O)[O-])ccc1N(C(=O)CCl)C2c1ccc(C(F)(F)F)cc1,5.43,1,ChEMBL
CHEMBL5437199,CC1C2=C(CCCC2=O)Nc2cc([N+](=O)[O-])ccc2N1C(=O)CCl,5.43,1,ChEMBL
CHEMBL5441788,CC(C)[C@@H](Nc1ncnc2[nH]cc(S(=O)(=O)N(C)C)c12)c1ccc2c(c1)OCCO2,5.43,1,ChEMBL
CHEMBL6134432,Cc1cc(=O)oc2cc(SC[C@H]3O[C@@H](n4cnc5c(N)ncnc54)[C@H](O)[C@@H]3O)ccc12,5.43,1,ChEMBL
CHEMBL6149076,O=C(Nc1ccccc1)c1cccc(COc2ccc(Nc3ncnc4ccccc34)cc2Cl)c1,5.43,1,ChEMBL
ALP-UNI-8e43a71e-16,NS(=O)(=O)c1ccc(CNC(=O)CC2(C(=O)Nc3cncc4ccccc34)CCOc3ccc(Cl)cc32)cc1,5.43,1,Moonshot
MIK-ENA-5d9157e9-6,C[C@@]1(C(=O)Nc2cncc3c2CCCC3)CNS(=O)(=O)c2ccc(Cl)cc21,5.43,1,Moonshot
NAU-LAT-64f4b287-4,COc1ccc2c(c1)CN(C(=O)CCl)C(c1ccccc1)C2,5.43,1,Moonshot
CHEMBL5611899,CCSc1nc2ccccc2n1C(=O)c1ccc(C)cc1,5.42,1,ChEMBL
EDG-MED-ba1ac7b9-23,O=C(CC1(C(=O)Nc2cncc3ccccc23)CCOc2ccc(Cl)cc21)N1C[C@@H]2C[C@H]1CN2CC(F)F,5.42,1,Moonshot
MAT-POS-6344a35d-1,COc1cccc(Oc2cc(Cl)cc(NC(=O)Cc3cncc4ccccc34)c2)n1,5.42,1,Moonshot
KAD-UNI-80f122c8-2,CC(=O)N1CC2CC1CN2C(=O)CC1(C(=O)Nc2cncc3ccccc23)CCOc2ccc(Cl)cc21,5.42,2,Moonshot
STU-CHA-6cae54d3-1,O=C(CCl)N1CCN(Cc2cc(Cl)ccc2CNC(=O)N2CCOCC2)CC1,5.42,1,Moonshot
ERI-UCB-a0b0dbcb-4,O=C(c1cc(=O)[nH]c2ccccc12)N1CCN(c2cccc(C(F)(F)F)c2)CC1,5.42,1,Moonshot
ALP-UNI-c3ef0aba-3,CC(C)(C)c1ccc(N(C(=O)CCC#N)C(C(=O)NCCc2cccc(F)c2)c2cccnc2)cc1,5.42,1,Moonshot
CHEMBL4869436,O=C(CSc1c[nH]c2cccc(Br)c12)N(Cc1ccccc1)Cc1ccccc1,5.42,1,ChEMBL
CHEMBL486027,COC(=O)c1ccc(O)c(O)c1,5.42,1,ChEMBL
CHEMBL403516,CC(=O)O[C@H](CC=C(C)C)C1=CC(=O)c2c(O)ccc(O)c2C1=O,5.42,1,ChEMBL
CHEMBL1467,Oc1ncnc2[nH]ncc12,5.42,1,ChEMBL
CHEMBL5560940,O=C1N(c2cncc3ccccc23)C(=O)C2(CC(C3CCC3)C2)N1Cc1ccn[nH]1,5.42,1,ChEMBL
CHEMBL5612009,CSc1nc2ccccc2n1C(=O)c1ccc(F)cc1,5.42,1,ChEMBL
CHEMBL5632539,CCC(=O)C(=O)N(c1ccc(-c2ccccc2)cc1)C(C(=O)N[C@@H](C)c1ccccc1)c1cccnc1,5.42,1,ChEMBL
CHEMBL5632793,O=C(NCCCCCCc1ccccc1)n1cc(F)c(=O)[nH]c1=O,5.42,1,ChEMBL
CHEMBL5633832,Cn1ccc2ccc(C(=O)NCCCNC(=O)n3cc(F)c(=O)[nH]c3=O)cc21,5.42,1,ChEMBL
CHEMBL6145498,Cc1ccc(NC(N)=O)cc1C(=O)N[C@H](C)c1cccc2ccccc12,5.42,1,ChEMBL
CHEMBL6152046,Cc1ccc(NC(=O)C2(N)CC2)cc1C(=O)N[C@H](C)c1cccc2ccccc12,5.42,1,ChEMBL
MAT-POS-90fd5f68-38,O=C(Cc1cccc(Cl)c1)Nc1cncc2cc(C(=O)O)ccc12,5.42,1,Moonshot
LON-WEI-8f408cad-4,O=C(CCl)N1CCN(S(=O)(=O)c2cccc(F)c2)CC1,5.42,4,Moonshot
CHEMBL5441952,CC(C)[C@@H](Nc1ncnc2[nH]c(-c3cnn(C4CCC4)n3)cc12)c1ccc2c(c1)OCCO2,5.42,1,ChEMBL
ALP-POS-88a7a97e-46,CSCCCNC(=O)C(c1cccnc1)N(C(=O)c1cocn1)c1ccc(C(C)(C)C)cc1,5.41,1,Moonshot
MAT-POS-e6dd326d-4,CS(=O)(=O)NCC1(C(=O)Nc2cncc3ccccc23)CCOc2ccc(Cl)cc21,5.41,1,Moonshot
CHEMBL324842,O=C(/C=C/c1ccc(O)c(O)c1)O[C@H](Cc1ccc(O)c(O)c1)C(=O)O,5.41,1,ChEMBL
CHEMBL64925,CC(C)C[C@@H](C=O)NC(=O)[C@H](CC(C)C)NC(=O)[C@H](CC(C)C)NC(=O)OCc1ccccc1,5.41,1,ChEMBL
CHEMBL5180964,C#CC[C@H](NC(=O)/C=C/c1ccccc1)C(=O)N[C@H](C=O)C[C@@H]1CCNC1=O,5.41,1,ChEMBL
CHEMBL5193986,CC(C)(C)c1ccc(N(C(=O)c2ccco2)C(C(=O)NC2CC2)c2cccnc2)cc1,5.41,1,ChEMBL
CHEMBL5421429,Cc1ccc(C2C3=C(CC(C)(C)CC3=O)Nc3cc([N+](=O)[O-])ccc3N2C(=O)CCl)cc1,5.41,1,ChEMBL
CHEMBL5555695,Cc1ccc(-c2noc(C(C)c3ccc(N4Cc5ccccc5C4=O)cc3)n2)cc1NCc1ccc(C(=O)O)s1,5.41,1,ChEMBL
CHEMBL5558921,CC(C)(C)c1ccc(N(C(=O)c2ccco2)[C@@H](C(=O)NC2CC2)c2cccnc2)cc1,5.41,1,ChEMBL
CHEMBL466532,CNc1ccc(C(=O)Oc2cncc(Cl)c2)cc1,5.41,1,ChEMBL
CHEMBL5633197,O=C(NCCCCc1ccccc1)n1cc(F)c(=O)[nH]c1=O,5.41,1,ChEMBL
CHEMBL5632889,O=C(Cc1ccccc1)N1CCC(CCCNC(=O)n2cc(F)c(=O)[nH]c2=O)CC1,5.41,1,ChEMBL
CHEMBL6192489,O=C(N/N=C/c1c(O)ccc2ccccc12)c1ccc(CSc2cccc3cccnc23)cc1,5.41,1,ChEMBL
EDJ-MED-dd2a8363-2,O=C(Nc1cnn2ccccc12)C1CCS(=O)(=O)c2ccc(Cl)cc21,5.41,1,Moonshot
ALP-POS-88a7a97e-9,CC(C)(C)c1ccc(N(C(=O)c2cocn2)C(C(=O)NC2CCOCC2)c2cccnc2)cc1,5.41,1,Moonshot
ALP-POS-b0bc6a46-12,CC(C)(C)c1cnc(N(C(=O)c2ccco2)C(C(=O)NCCc2cccc(F)c2)c2cccnc2)s1,5.4,2,Moonshot
CHEMBL929,CC(C)Nc1cccnc1N1CCN(C(=O)c2cc3cc(NS(C)(=O)=O)ccc3[nH]2)CC1.CS(=O)(=O)O,5.4,1,ChEMBL
CHEMBL14193,O=Cc1ccc(O)cc1,5.4,1,ChEMBL
CHEMBL5181942,NC(=O)c1ccc(-c2ccc(/C=N/NC(N)=S)o2)cc1,5.4,1,ChEMBL
CHEMBL5439420,N#CSCC(=O)N1c2ccccc2Oc2ccccc21,5.4,1,ChEMBL
CHEMBL5400055,CCN(C[C@H]1O[C@@H](n2cnc3c(=O)[nH]cnc32)[C@H](O)[C@@H]1O)S(=O)(=O)c1ccc(OC)c(C#N)c1,5.4,1,ChEMBL
CHEMBL5542893,CC(c1nc(-c2ccc(N(C)Cc3ccc(C(=O)O)s3)cc2)no1)c1cccc2ccccc12,5.4,1,ChEMBL
CHEMBL5542229,Cc1ccc(-c2noc([C@H](C)c3ccc(-c4ccccc4)c(F)c3)n2)cc1NCc1ccc(C(=O)O)s1,5.4,1,ChEMBL
CHEMBL5557409,N#Cc1ccccc1-c1cc(-c2cc(Cl)cc(Cl)c2)c(=O)n(-c2cccnc2)c1,5.4,1,ChEMBL
CHEMBL5593580,Cc1ccccc1NC(=O)C1c2cccc[n+]2CC(=O)N1C,5.4,1,ChEMBL
CHEMBL5613346,COc1ccc(C(=O)n2c(SC)nc3ccccc32)cc1OC,5.4,1,ChEMBL
CHEMBL5631988,COC(=O)/C=C/C(=O)N(c1ccc(-c2ccccc2)cc1)C(C(=O)N[C@@H](C)c1ccccc1)c1cccnc1,5.4,1,ChEMBL
CHEMBL6166397,O=c1nc(/C=C/c2cccc(-c3ccc(O)c(O)c3)c2)cc(C(F)(F)F)[nH]1,5.4,1,ChEMBL
CHEMBL6142772,C[C@H](c1cccc2ccccc12)N(C)Cc1n[nH]c2ccc(O)cc12,5.4,1,ChEMBL
CHEMBL6146174,Clc1cc(Nc2ncnc3ccccc23)ccc1OCc1ccccc1,5.4,1,ChEMBL
ALP-POS-88a7a97e-15,COC(=O)C1CC(NC(=O)C(c2cccnc2)N(C(=O)c2cocn2)c2ccc(C(C)(C)C)cc2)C1,5.4,1,Moonshot
ALP-POS-c59291d4-3,O=C(Nc1ccc(N(Cc2ccsc2)C(=O)Cn2nnc3ccccc32)cc1)C1CC1,5.4,1,Moonshot
MAT-POS-e9e99895-10,CC(NC(=O)CN)(C(=O)Nc1cncc2ccccc12)c1ccc(Cl)c(Cl)c1,5.4,1,Moonshot
EDJ-MED-37aac4bd-2,COCC1(C(=O)Nc2cncc3ccccc23)CCOc2cc(Cl)c(Cl)cc21,5.39,1,Moonshot
MAT-POS-1f3f1a6f-3,CC(=O)NC(C(=O)Nc1cncc2ccccc12)c1ccc(Cl)c(Cl)c1,5.39,1,Moonshot
MAR-TRE-6a44bbf2-24,Cc1noc(C)c1S(=O)(=O)N1CCN(C(=O)CCl)CC1,5.39,1,Moonshot
ALP-POS-88a7a97e-34,CC(C)(C)c1ccc(N(C(=O)c2cocn2)C(C(=O)NC2COC2)c2cccnc2)cc1,5.39,1,Moonshot
ALP-POS-ddb41b15-4,COc1cccc(CCN(C(=O)c2cc(=O)[nH]c3ccccc23)c2cccc(Cl)c2)c1,5.39,1,Moonshot
CHEMBL464274,O=C(/C=C/CCc1ccc(O)c(O)c1)CCc1ccc(O)c(O)c1,5.39,1,ChEMBL
CHEMBL1965444,NC(=S)N/N=C/c1ccc(-c2ccccc2)o1,5.39,1,ChEMBL
CHEMBL5170916,O=C(NC1CCCC1)C(c1cccnc1)N(C(=O)c1ccco1)c1ccc(-c2ccccc2)cc1,5.39,1,ChEMBL
CHEMBL5189663,CC1(C)[C@H](C(=O)OCc2ccccc2)N2C(=O)[C@@H](NC(=O)COC3CCCCC3)[C@H]2S1(=O)=O,5.39,1,ChEMBL
CHEMBL5199371,CC(C)C[C@H](NC(=O)OCC1CN(S(C)(=O)=O)C1)C(=O)N[C@@H](C[C@H]1CCNC1=O)C(=O)C(O)S(=O)(=O)[O-].[Na+],5.39,1,ChEMBL
CHEMBL5278945,CC(c1ccc(O)c(O)c1)c1cc(=O)c2c(O)cccc2o1,5.39,1,ChEMBL
CHEMBL5288969,CC(C)C(=O)Nc1ccc(N(C(=O)Cn2nnc3ccccc32)C(C(=O)NC(C)(C)C)c2ccn(C)c2)cc1,5.39,1,ChEMBL
CHEMBL5074774,COc1cccc(-n2[se]c3ccccc3c2=O)c1,5.39,1,ChEMBL
CHEMBL5089978,CC(C)(C)c1ccc(N(C(=O)c2c[nH]cn2)C(C(=O)NC2CCCCC2)c2cccnc2)cc1,5.39,1,ChEMBL
CHEMBL5407708,CC(C)(C)c1nc2cc(O)c(O)c(O)c2c(=O)[nH]1,5.39,1,ChEMBL
CHEMBL5426918,O=C1CCCC2=C1C(c1ccc(F)cc1F)N(C(=O)CCl)c1ccc([N+](=O)[O-])cc1N2,5.39,1,ChEMBL
CHEMBL5441746,CC(C)[C@@H](Nc1ncnc2[nH]cc(C#N)c12)c1ccc2c(c1)OCCO2,5.39,1,ChEMBL
CHEMBL5441630,CC(C)[C@@H](Nc1ncnc2[nH]c(-c3ccnn3CC3CC3)cc12)c1ccc2c(c1)OCCO2,5.39,1,ChEMBL
CHEMBL5441849,CC(C)[C@@H](Nc1ncnc2[nH]ccc12)c1ccc2nn[nH]c2c1,5.39,1,ChEMBL
CHEMBL5517794,Cc1ccc(-c2noc(C(C)c3cccc(-c4cccs4)c3)n2)cc1NCc1ccc(C(=O)O)s1,5.39,1,ChEMBL
MAT-POS-777f5926-2,O=C1NCC[C@H]1N1Cc2ccc(Cl)cc2[C@H](C(=O)Nc2cncc3ccccc23)C1,5.39,1,Moonshot
MAT-POS-e9e99895-3,CC(NC(=O)C1CCC(=O)NC1)(C(=O)Nc1cncc2ccccc12)c1ccc(Cl)c(Cl)c1,5.39,1,Moonshot
MAT-POS-e194df51-2,N#CC1(CS(=O)(=O)N2Cc3ccc(Cl)cc3[C@@H](C(=O)Nc3cncc4ccccc34)C2)CC1,5.39,1,Moonshot
CHEMBL259018,CC(C)(C)OC(=O)NCCc1nnc(S(=O)(=O)Cc2ccc(Cl)cc2Cl)o1,5.38,1,ChEMBL
CHEMBL218394,CC(C)(C)NC(=O)N[C@H](C(=O)N1C[C@H]2[C@@H]([C@H]1C(=O)NC(CC1CCC1)C(=O)C(N)=O)C2(C)C)C(C)(C)C,5.38,1,ChEMBL
CHEMBL187460,C[C@H]1COC2=C1C(=O)C(=O)c1c2ccc2c1CCCC2(C)C,5.38,1,ChEMBL
CHEMBL5082224,O=C(c1cc(=O)[nH]c(=O)[nH]1)N1CCN(c2ccc(Cl)c(Cl)c2)CC1,5.38,1,ChEMBL
CHEMBL5203660,N#Cc1cc(-c2ccc(/C=N/NC(N)=S)o2)ccc1O,5.38,1,ChEMBL
CHEMBL5427783,CO[C@@H]1C[C@@H](C(=O)N[C@H](C=O)C[C@@H]2CCNC2=O)N(C(=O)[C@@H](NC(=O)OC(C)(C)C)C(C)C)C1,5.38,1,ChEMBL
CHEMBL5417240,CC1CC(=O)C2=C(C1)Nc1cc([N+](=O)[O-])ccc1N(C(=O)CCl)C2c1ccc(OC(F)(F)F)cc1,5.38,1,ChEMBL
CHEMBL5441475,O=C(O)C[C@@H](NC(=O)c1ncnc2[nH]ccc12)c1ccccc1,5.38,1,ChEMBL
CHEMBL5441684,O=C(O)C[C@@H](NC(=O)c1ncnc2[nH]ccc12)c1ccc(Nc2nnc(C3CC3)o2)cc1,5.38,1,ChEMBL
CHEMBL5441936,CC(C)[C@@H](Nc1ncnc2[nH]c(C(=O)NCc3ncccn3)cc12)c1ccc2c(c1)OCCO2,5.38,1,ChEMBL
CHEMBL5558026,CC(c1nc(-c2ccc(Nc3ccc(C(=O)O)cc3)cc2)no1)c1cccc2ccccc12,5.38,1,ChEMBL
CHEMBL5567958,C=C(Cl)C(=O)N(c1ccc(-c2ccccc2)cc1)[C@@H](C(=O)N[C@@H](C)c1ccccc1)c1cccnc1,5.38,1,ChEMBL
CHEMBL5632113,C=C(Cl)C(=O)N(c1ccc(-c2ccccc2)cc1)C(C(=O)N[C@@H](C)c1ccccc1)c1cccnc1,5.38,1,ChEMBL
CHEMBL5632377,CC(C)C#CC(=O)N(c1ccc(-c2ccccc2)cc1)C(C(=O)N[C@@H](C)c1ccccc1)c1cccnc1,5.38,1,ChEMBL
CHEMBL6133652,CC[C@H](C(=O)Nc1cc(NC2CCNCC2)ccc1C)n1cc(Cl)cc2nc(SCc3ccc(F)cc3)nc1-2,5.38,1,ChEMBL
MAT-POS-24589f88-1,COc1ccc2cncc(NC(=O)[C@@]3(OC)CCOc4ccc(Cl)cc43)c2c1,5.38,1,Moonshot
TRY-UNI-714a760b-3,Cc1c(N)cncc1NC(=O)Cc1cccc(Cl)c1,5.37,1,Moonshot
ALP-POS-95f71980-4,CC(C)(C)c1ccc(N(C(=O)c2ccon2)C(C(=O)NCCc2cccc(F)c2)c2cccnc2)cc1,5.37,1,Moonshot
CHEMBL5280903,Cc1c(-c2ccc(O)c(O)c2)oc2cc(O)cc(O)c2c1=O,5.37,1,ChEMBL
CHEMBL5285762,COC(=O)c1cc2c(O)cc(C(F)(F)F)cc2o1,5.37,1,ChEMBL
CHEMBL1339340,Cc1ccc2nc(-c3ccc(N)cc3)sc2c1S(=O)(=O)O,5.37,1,ChEMBL
CHEMBL5441824,CC(C)[C@H](Nc1ncnc2[nH]cc(C(=O)NC3CC3)c12)c1ccc2c(c1)S(=O)(=O)CCC2,5.37,1,ChEMBL
CHEMBL5558918,Cc1ccc(-c2noc(C(C)c3cccc(-c4ccccc4)c3)n2)cc1NCc1ccc(C(=O)O)s1,5.37,1,ChEMBL
CHEMBL5632001,C=C(Br)C(=O)N(c1ccc(-c2ccccc2)cc1)C(C(=O)N[C@@H](C)c1ccccc1)c1cccnc1,5.37,1,ChEMBL
MAT-POS-f7918075-5,O=C(Cc1cccc(Cl)c1)Nc1cncc2ccncc12,5.37,1,Moonshot
MAT-POS-1f3f1a6f-2,CN(C)C(C(=O)Nc1cncc2ccccc12)c1ccc(Cl)c(Cl)c1,5.37,1,Moonshot
CHEMBL5441748,CCc1[nH]nnc1NC(=O)c1cc2c(N[C@@H](c3ccc4c(c3)OCCO4)C(C)C)ncnc2[nH]1,5.37,1,ChEMBL
ALP-POS-c59291d4-4,CNc1ccc(N(Cc2ccsc2)C(=O)Cn2nnc3ccccc32)cc1,5.36,1,Moonshot
GIA-UNK-20b63697-6,O=C(CCl)N1CCN(C(c2ccccc2)C2CCCCC2)CC1,5.36,1,Moonshot
MAT-POS-5f1400cf-2,CN(CCO)c1ccc(CNCC2(C(=O)Nc3cncc4ccccc34)CCOc3ccc(Cl)cc32)cn1,5.36,1,Moonshot
MAT-POS-9db1e783-3,COC(=O)/C=C/C(=O)N(C(=O)[C@H]1CCOc2ccc(Cl)cc21)c1cncc2ccccc12,5.36,1,Moonshot
CHEMBL329522,O=C(c1cc(O)c(O)c(O)c1)c1ccc(O)c(O)c1O,5.36,1,ChEMBL
CHEMBL376488,COc1nc2ccc(Br)cc2cc1[C@@H](c1ccccc1)[C@@](O)(CCN(C)C)c1cccc2ccccc12,5.36,1,ChEMBL
CHEMBL5181133,CC(=O)OCC1Cc2c(-c3ccc(NCc4ccccc4)cn3)cccc2-c2c(O)ccc(-c3ccc(Br)cc3)c21,5.36,1,ChEMBL
CHEMBL5174051,Nc1ncnc2c1ncn2[C@@H]1O[C@H](CNS(=O)(=O)c2ccc(F)c([N+](=O)[O-])c2)[C@@H](O)[C@H]1O,5.36,1,ChEMBL
CHEMBL5399907,C#C[C@H](C[C@@H]1CCNC1=O)NC(=O)[C@H](CC(C)C)NC(=O)c1cc2c(OC)cccc2[nH]1,5.36,1,ChEMBL
CHEMBL5442156,CCNC(=O)c1cc2c(N[C@@H](c3cnc(NC(C)=O)s3)C(C)C)ncnc2[nH]1,5.36,1,ChEMBL
CHEMBL5558891,Cc1ccc(-c2noc(C(C)c3cccc(Oc4ccccc4)c3)n2)cc1NCc1ccc(C(=O)O)s1,5.36,1,ChEMBL
CHEMBL5591288,O=C1C2C3C=CC(CO)(O3)C2C(=O)N1c1cc(C(F)(F)F)ccc1Cl,5.36,1,ChEMBL
CHEMBL5633479,C=C(C(=O)N(c1ccc(-c2ccccc2)cc1)C(C(=O)N[C@@H](C)c1ccccc1)c1cccnc1)C(F)(F)F,5.36,1,ChEMBL
CHEMBL5632482,CC(C)C[C@H](CNC(=O)c1cc2ccccc2[nH]1)CNC(=O)n1cc(F)c(=O)[nH]c1=O,5.36,1,ChEMBL
CHEMBL6143565,CC(=O)Nc1ccc(CCC(=O)NNC(=O)CCl)c(C(=O)N[C@H](C)c2cccc3ccccc23)c1,5.36,1,ChEMBL
CHEMBL6103074,CC(=O)Nc1ccc(CN(C)[C@H](C)c2cccc3ccccc23)cc1,5.36,1,ChEMBL
CHEMBL6166181,Clc1cc(Nc2ncnc3ccccc23)ccc1OCc1cccc(Br)c1,5.36,1,ChEMBL
CHEMBL6191838,O=C(N/N=C/c1cccc2ccncc12)c1ccc(CSc2cccc3cccnc23)cc1,5.36,1,ChEMBL
CHEMBL5198662,CC(=O)OCC1Cc2c(-c3ccc(C#N)cn3)cccc2-c2c(O)ccc(-c3ccc(Br)cc3)c21,5.36,1,ChEMBL
CHEMBL5405634,COc1ccc(C2C3=C(CC(C)CC3=O)Nc3cc([N+](=O)[O-])ccc3N2C(=O)CCl)cc1,5.35,1,ChEMBL
CHEMBL5559515,CC1(C)C2CN(C(=O)C3CN(c4ccc(Cl)c(Cl)c4)CCN3C(=O)c3cc(=O)[nH]c4ccccc34)CC21,5.35,1,ChEMBL
CHEMBL5592196,Cc1ccc(NC2CNC2)cc1C(=O)N[C@H](C)c1cccc(-c2ccc(-c3cccs3)s2)c1,5.35,1,ChEMBL
CHEMBL5595865,Cc1ccc(N2C(=O)C[n+]3ccccc3C2C(=O)Nc2ccc(Cl)cc2)cc1Br,5.35,1,ChEMBL
CHEMBL6141894,CC(C)[C@@H]1NC(=O)[C@@H](Cc2ccc(O)cc2)NC(=O)CC[C@@H](C(N)=O)NC(=O)[C@@H]2CCCN2C(=O)[C@@H]2CCCN2C(=O)C2CSc3c(F)c(F)c(c(F)c3F)-c3c(F)c(F)c(c(F)c3F)SC[C@H](NC1=O)C(=O)N[C@@H](Cc1ccccc1)C(=O)N[C@@H](Cc1c[nH]cn1)C(=O)N[C@@H]([C@@H](C)O)C(=O)N[C@@H]([C@@H](C)O)C(=O)N[C@@H]([C@@H](C)O)C(=O)N1CCC[C@H]1C(=O)N[C@@H](Cc1ccccc1)C(=O)N2,5.35,1,ChEMBL
CHEMBL6152994,COc1cc(CNC(=O)C2CCN(C(C)c3csc4ccccc34)CC2)ccn1,5.35,1,ChEMBL
DAN-MCD-881986d8-1,Cc1ccc(S(=O)(=O)N2CCN(C(=O)CCl)C[C@H]2C(=O)NC2CCCCC2)cc1,5.35,1,Moonshot
MAT-POS-8293a91a-6,O=C(Nc1cncc2ccccc12)C(NC(=O)[C@@H]1CC[C@@H](C(=O)N2CCCC2)O1)c1cccc(Cl)c1,5.35,1,Moonshot
ALP-POS-91609ae9-3,O=C1N(Cc2cccc(Cl)c2)CCN1c1nccc2[nH]ncc12,5.34,1,Moonshot
EDJ-MED-50011917-1,O=C(Cc1cc(Cl)cc(CC2CC(=O)N2)c1)Nc1cncc2ccccc12,5.34,1,Moonshot
CHEMBL66953,O=c1c(O)cccc2cc(O)c(O)c(O)c12,5.34,1,ChEMBL
CHEMBL444478,C[C@@H]1O[C@@H](O[C@@H]2[C@@H](O)[C@H](OCCc3ccc(O)c(O)c3)O[C@H](CO)[C@H]2OC(=O)/C=C/c2ccc(O)c(O)c2)[C@H](O)[C@H](O)[C@H]1O,5.34,1,ChEMBL
CHEMBL4863334,O=C(CSc1c[nH]c2c(Br)cccc12)NCc1ccc(Cl)c(Cl)c1,5.34,1,ChEMBL
CHEMBL2316337,CC(C)C[C@H](NC(=O)[C@@H](NC(=O)[C@H](C)NC(=O)OCc1ccccc1)C(C)C)C(=O)N[C@H](C#N)CCC(N)=O,5.34,1,ChEMBL
CHEMBL151,O=c1cc(-c2ccc(O)c(O)c2)oc2cc(O)cc(O)c12,5.34,1,ChEMBL
CHEMBL5402852,N#CSCC(=O)N1c2ccccc2Sc2ccc(C(F)(F)F)cc21,5.34,1,ChEMBL
CHEMBL5437799,Nc1ncnc2c1ncn2[C@@H]1O[C@H](CSCCNS(=O)(=O)c2ccccc2)[C@@H](O)[C@H]1O,5.34,1,ChEMBL
CHEMBL5415228,CC1(C)CC(=O)C2=C(C1)Nc1cc([N+](=O)[O-])ccc1N(C(=O)CCl)C2c1ccccc1,5.34,1,ChEMBL
CHEMBL5408097,COc1ccc(C2C3=C(CC(C)(C)CC3=O)Nc3cc([N+](=O)[O-])ccc3N2C(=O)CCl)cc1,5.34,1,ChEMBL
CHEMBL5430373,CC(C)C[C@@H]1NC(=O)[C@H](NC(=O)N[C@@H](Cc2ccccc2)C(=O)O)CCCCNC(=O)[C@H](Cc2ccccc2)NC(=O)[C@H](Cc2c[nH]c3cc(Cl)ccc23)N(C)C(=O)[C@H](CC(C)C)NC1=O,5.34,1,ChEMBL
CHEMBL5631415,O=C(NCCC1CCCC1)n1cc(F)c(=O)[nH]c1=O,5.34,1,ChEMBL
CHEMBL6103451,COc1cc(CNC(=O)C2CCN(C(C)c3cc(Cl)ccc3OC)CC2)ccn1,5.34,1,ChEMBL
ERI-UCB-a0b0dbcb-12,O=C(c1cc(=O)[nH]c2ccccc12)N1CCN(Cc2cccc(Cl)c2)CC1,5.34,1,Moonshot
MAT-POS-dd1fff26-1,CC1(CS(=O)(=O)N2Cc3ccc(Cl)cc3[C@@H](C(=O)Nc3cncc4ccccc34)C2)CC1,5.34,1,Moonshot
DAR-DIA-fb20be43-6,N#Cc1cc(CN2CCN(C(=O)CCl)CC2)c2ccccc2c1,5.34,1,Moonshot
CHEMBL5192607,CC(=O)OCC1Cc2c(-c3ccc(N(C)C)cn3)cccc2-c2c(O)ccc(-c3ccc(Br)cc3)c21,5.33,1,ChEMBL
LON-WEI-4d77710c-24,CCOC(=O)c1cc(-c2ccccc2)sc1NC(=O)Cc1csc(-c2ccccc2)n1,5.33,2,Moonshot
ALP-UNI-8e43a71e-2,O=C(CC1(C(=O)Nc2cncc3ccccc23)CCOc2ccc(Cl)cc21)N1CCC2C1CCCN2CCO,5.33,1,Moonshot
CHEMBL4865625,CN(Cc1ccccc1)C(=O)CSc1c[nH]c2cccc(Br)c12,5.33,1,ChEMBL
CHEMBL5174417,Cc1cc(C(=O)O)ccc1-c1ccc(/C=N/NC(N)=S)o1,5.33,1,ChEMBL
CHEMBL5281103,Cn1c(=O)c2c(nc3n(CC#Cc4ccc(Cl)c(Cl)c4)ccn23)n(C)c1=O,5.33,1,ChEMBL
CHEMBL5406957,C#C[C@H](C[C@@H]1CCNC1=O)NC(=O)[C@H](CC(C)C)NC(=O)OCc1ccccc1,5.33,1,ChEMBL
CHEMBL5423053,Nc1ncnc2c1ncn2[C@@H]1O[C@H](CSCCNS(=O)(=O)c2ccc([N+](=O)[O-])cc2)[C@@H](O)[C@H]1O,5.33,1,ChEMBL
CHEMBL5631977,C#CCC(=O)N(c1ccc(-c2ccccc2)cc1)C(C(=O)N[C@@H](C)c1ccccc1)c1cccnc1,5.33,1,ChEMBL
CHEMBL6151399,COC(=O)[C@@H](CCC(=O)OC(C)(C)C)NCc1ccc(-c2cccc([C@@H](C)NC(=O)c3cc(N)ccc3C)c2)s1,5.33,1,ChEMBL
MAT-POS-3b536971-2,COc1cccc2[nH]c(=O)cc(C(=O)N3CCN(c4cccc(Cl)c4)CC3)c12,5.33,1,Moonshot
FRA-DIA-c7e803f4-1,O=C(Nc1cncc2ccccc12)C1COc2c(Cl)cccc21,5.32,1,Moonshot
MAT-POS-fce787c2-5,CNC(C(=O)Nc1cncc2ccccc12)c1ccc(Cl)c(Cl)c1,5.32,1,Moonshot
DAN-MCD-0fb4364c-1,O=C(Nc1ccccn1)[C@H]1CN(C(=O)CCl)CCN1S(=O)(=O)c1ccsc1,5.32,1,Moonshot
MED-COV-4280ac29-33,COCc1cc(Cl)cc(CN2CCN(C(=O)CCl)CC2)c1,5.32,1,Moonshot
ALP-POS-305f6ec3-49,CC(C)(C)c1ccc(N(C(=O)c2cnco2)C(C(=O)NCCc2cccc(F)c2)c2cccnc2)cc1,5.32,1,Moonshot
CHEMBL5281602,CC(C)=CCCC1=C[C@H](c2c(O)cc3c(c2O)C(=O)C[C@@H](c2ccc(O)cc2O)O3)[C@@H](C(=O)c2ccc(O)cc2O)[C@H](c2ccc(O)cc2O)C1,5.32,1,ChEMBL
CHEMBL5441803,COc1ccc([C@@H](Cc2nn[nH]n2)NC(=O)c2nc(OC)nc3[nH]ccc23)cc1,5.32,1,ChEMBL
CHEMBL5441639,Cc1n[nH]c(-c2cc3c(N[C@@H](c4ccc5c(c4)OCCO5)C(C)C)ncnc3[nH]2)c1C,5.32,1,ChEMBL
CHEMBL5590663,Cc1ccc(NC2CNC2)cc1C(=O)N[C@H](C)c1cccc(-c2ccc(-c3ccccc3)s2)c1,5.32,1,ChEMBL
CHEMBL6150315,Nc1ncnc2c1ncn2[C@@H]1O[C@H](C(=O)Nc2ccc3cccnc3c2)[C@@H](O)[C@H]1O,5.32,1,ChEMBL
CHEMBL6142123,O=C(Nc1ccc(Cl)cc1)c1ccc(COc2ccc(Nc3ncnc4ccccc34)cc2Cl)cc1,5.32,1,ChEMBL
CHEMBL6151461,Cc1nc(C(=O)N2CCOCC2)c(C(=O)Nc2ccc(Cl)cc2)[nH]1,5.32,1,ChEMBL
RAL-THA-2d450e86-13,Cc1cccc(CC(=O)Nc2cncc3ccccc23)c1,5.32,1,Moonshot
EDJ-MED-ee07cf00-4,CC(NC(=O)C1CCC1)C(=O)NC(C(=O)Nc1cncc2ccccc12)c1cccc(Cl)c1,5.32,1,Moonshot
LON-WEI-4d77710c-65,CC(C)(C)c1ccc(-c2nnc(Sc3cnc([N+](=O)[O-])s3)o2)cc1,5.32,2,Moonshot
ALP-POS-87c86d55-1,CN(C)c1ccc(N(Cc2cscn2)C(=O)Cn2nnc3ccccc32)cc1,5.31,1,Moonshot
MAT-POS-e9e99895-7,CC(NC(=O)Cc1ccc(-n2cnnn2)cc1)(C(=O)Nc1cncc2ccccc12)c1ccc(Cl)c(Cl)c1,5.31,1,Moonshot
CHEMBL2311731,CC(C)(C)NC(=O)C(c1cnccn1)N(C(=O)c1ccco1)c1ccc(C(C)(C)C)cc1,5.31,1,ChEMBL
CHEMBL5288669,Cc1cccc(C(=O)Oc2c(C)cccc2C(=O)Oc2cncc(Cl)c2)c1O,5.31,1,ChEMBL
CHEMBL5427073,CC(C)c1nc2cc(O)c(O)c(O)c2c(=O)[nH]1,5.31,1,ChEMBL
CHEMBL5441960,CC(C)[C@H](Nc1ncnc2[nH]c(-c3cnn(CC(=O)N(C)C)c3)cc12)c1ccc2c(c1)S(=O)(=O)CCC2,5.31,1,ChEMBL
CHEMBL5561792,CCSc1nc2sc3c(c2c(=O)n1CC)CCc1ccccc1-3,5.31,1,ChEMBL
CHEMBL5631416,O=C(NCCC1CCCCC1)n1cc(F)c(=O)[nH]c1=O,5.31,1,ChEMBL
MAT-POS-afb6844f-4,Nc1cncc(NC(=O)C2CCOc3ccc(Cl)cc32)c1C1CC1,5.31,1,Moonshot
MAT-POS-b3e365b9-3,Cc1ccncc1NC(=O)[C@H]1CCOc2ccc(Cl)cc21,5.31,1,Moonshot
CHEMBL4878063,CN(Cc1ccccc1)C(=O)CSc1c[nH]c2ccccc12,5.3,1,ChEMBL
CHEMBL5441587,CC(C)[C@@H](Nc1ncnc2[nH]c(-c3cc[nH]c3)cc12)c1ccc2c(c1)OCCO2,5.3,1,ChEMBL
RAL-THA-2d450e86-7,O=C(Cc1ccc(F)cc1)Nc1cncc2ccccc12,5.3,1,Moonshot
MAT-POS-a13804f0-1,Cc1nc2n(n1)CC(C(=O)NC(C(=O)Nc1cncc3ccccc13)c1cccc(Cl)c1)CC2,5.3,1,Moonshot
CHEMBL5174025,CC(C)(C)OC(=O)Nc1cccn([C@H](CC2CC2)C(=O)N[C@@H](C[C@@H]2CCNC2=O)C(=O)C(=O)NCc2ccccc2)c1=O,5.3,1,ChEMBL
CHEMBL5397334,CC(C)(C)OC(=O)N1CC2(CCC2)C[C@H]1C(=O)N[C@H](C=O)C[C@@H]1CCNC1=O,5.3,1,ChEMBL
CHEMBL6102184,O=C(O)CCc1c(Cl)c(O)c(O)c(O)c1Cl,5.3,1,ChEMBL
CHEMBL6141811,O=C(/C=C/c1c(Cl)c(O)c(O)c(O)c1Cl)c1cccc(-c2ccc(Cl)c(Cl)c2)c1,5.3,1,ChEMBL
CHEMBL6161292,CCn1ccc(-c2cc(-c3cnn(C)c3)cc([C@@H](C)NC(=O)c3ccccc3CCC(=O)NCC(=O)CF)c2)n1,5.3,1,ChEMBL
CHEMBL6145303,CCn1ccc(-c2cc(-c3cnn(C)c3)cc([C@@H](C)NC(=O)c3ccccc3CCC(=O)NNC(=O)/C=C/CN(C)C)c2)n1,5.3,1,ChEMBL
CHEMBL6146391,CCn1ccc(-c2cc(-c3cnn(C)c3)cc([C@@H](C)NC(=O)c3ccccc3CCC(=O)NNC(C)=O)c2)n1,5.3,1,ChEMBL
CHEMBL6148127,CCn1ccc(-c2cc(-c3cnn(C)c3)cc([C@@H](C)NC(=O)c3ccccc3CCC(=O)NNC(=O)C34CC(C3)C4)c2)n1,5.3,1,ChEMBL
EDG-MED-70ae9412-2,CN(C)CC(=O)NCC1(C(=O)Nc2cncc3ccccc23)CCOc2ccc(Cl)cc21,5.3,1,Moonshot
CHEMBL4303618,CCc1ccc(/C=C/C(=O)Nc2ccc(C(C)=O)cc2)o1,5.3,1,ChEMBL
CHEMBL5171214,CC(=O)Nc1ccc(C)c(C(=O)N[C@@H](C)c2cccc3ccccc23)c1,5.3,1,ChEMBL
CHEMBL5190815,C[C@H](NC(=O)C(c1cccnc1)N(C(=O)c1cnco1)c1ccc(-c2ccccc2)cc1)c1ccccc1,5.3,1,ChEMBL
CHEMBL5186326,CCN(C[C@H]1O[C@@H](n2cnc3c(N)ncnc32)[C@H](O)[C@@H]1O)S(=O)(=O)c1ccc(C(F)(F)F)cc1[N+](=O)[O-],5.3,1,ChEMBL
CHEMBL5169443,CC(C)C[C@H](NC(=O)OCC1CN(S(C)(=O)=O)C1)C(=O)N[C@H](C=O)C[C@H]1CCNC1=O,5.3,1,ChEMBL
CHEMBL5441854,COC(=O)c1cc(-c2cc3c(N[C@@H](c4ccc5c(c4)OCCO5)C(C)C)ncnc3[nH]2)c[nH]1,5.3,1,ChEMBL
CHEMBL5556592,CC(C)(C)NC(=O)[C@@H](c1cccnc1)N(C(=O)c1cnco1)c1ccc(-c2ccccc2)cc1,5.3,1,ChEMBL
CHEMBL5573632,C[C@H](c1cccc2ccccc12)N(C)Cc1cc[nH]c1,5.3,1,ChEMBL
CHEMBL5549861,C[C@H](c1cccc(-c2cccs2)c1)N(C)Cc1ccc(O)cc1O,5.3,1,ChEMBL
CHEMBL5590459,CCOc1ccc(NC(=O)C2c3cccc[n+]3CC(=O)N2c2ccccc2)cc1,5.3,1,ChEMBL
CHEMBL5630174,CC(C)(C)OC(=O)N[C@H](C(=O)N1[C@@H]2CC[C@@H](C2)[C@H]1C(=O)N[C@@H](C[C@@H]1CCNC1=O)C(=O)c1nc2ccccc2s1)C(C)(C)C,5.3,1,ChEMBL
CHEMBL6150996,C#CCNC(=O)CCc1ccccc1C(=O)N[C@H](C)c1cc(-c2cnn(C)c2)cc(-c2ccn(CC)n2)c1,5.3,1,ChEMBL
CHEMBL1821850,CC(C)C[C@H](NC(=O)OCc1ccccc1)C(=O)N[C@H](C=O)CC1CCNC1=O,5.3,1,ChEMBL
CHEMBL1821856,CC(C)C[C@H](NC(=O)OCc1ccccc1)C(=O)N[C@@H](CC1CCNC1=O)C(=O)C(=O)NC(C)C,5.3,1,ChEMBL
CHEMBL6189529,COc1ccc(/C=N/NC(=O)c2ccc(CSc3cccc4cccnc34)cc2)cc1OC,5.3,1,ChEMBL
EDG-MED-971238d3-5,NC[C@@]1(C(=O)Nc2cncc3ccccc23)CCOc2ccc(Cl)cc21,5.3,1,Moonshot
PET-UNK-372a2f82-1,O=C(Cc1cc(Cl)cc(Cc2ccn[nH]2)c1)Nc1cncc2ccccc12,5.3,1,Moonshot
ALP-POS-6d04362c-1,CN(C)c1ccc(N(Cc2ccccc2)C(=O)Cn2nnc3ccccc32)cc1,5.3,1,Moonshot
EDG-MED-ba1ac7b9-17,Cn1ccnc1CN(C(=O)CC1(C(=O)Nc2cncc3ccccc23)CCOc2ccc(Cl)cc21)C1CC1,5.3,1,Moonshot
MAT-POS-e9e99895-8,Cc1nc2n(n1)CC(C(=O)NC(C)(C(=O)Nc1cncc3ccccc13)c1ccc(Cl)c(Cl)c1)CC2,5.29,1,Moonshot
CHEMBL5197139,Cc1ccc(NC(=O)NC(N)=O)cc1C(=O)N[C@H](C)c1cccc2ccccc12,5.29,1,ChEMBL
CHEMBL5175482,CC(=O)OCC1Cc2c(-c3cc(Cl)ccn3)cccc2-c2c(O)ccc(-c3ccc(Br)cc3)c21,5.29,1,ChEMBL
CHEMBL5199148,COc1cc([N+](=O)[O-])ccc1S(=O)(=O)NC[C@H]1O[C@@H](n2cnc3c(N)ncnc32)[C@H](O)[C@@H]1O,5.29,1,ChEMBL
CHEMBL5275584,Cn1cnc2c1c(=O)n(CC(=O)Nc1ccc(S(=O)(=O)Nc3ncccn3)cc1)c(=O)n2C,5.29,1,ChEMBL
CHEMBL5436067,O=c1[nH]c(-c2cccc(F)c2)nc2cc(O)c(O)c(O)c12,5.29,1,ChEMBL
CHEMBL5401195,CC1CC(=O)C2=C(C1)Nc1cc([N+](=O)[O-])ccc1N(C(=O)CCl)C2C1CCCC1,5.29,1,ChEMBL
CHEMBL5415422,O=C1CCCC2=C1CN(C(=O)CCl)c1ccc([N+](=O)[O-])cc1N2,5.29,1,ChEMBL
CHEMBL5441525,CC(C)[C@@H](Nc1ncnc2[nH]c([C@@H]3CCCNC3)cc12)c1ccc2c(c1)OCCO2,5.29,1,ChEMBL
CHEMBL5571307,C[C@H](c1cccc2ccccc12)N(C)Cc1cccc2cc[nH]c12,5.29,1,ChEMBL
CHEMBL5591539,O=C(Nc1ccc(Cl)cc1)C1c2cccc[n+]2CC(=O)N1c1cccc(Cl)c1,5.29,1,ChEMBL
CHEMBL5624642,O=C1NCC[C@H]1C[C@H](NC(=O)[C@@H]1[C@H]2CC[C@H](C2)N1C(=O)[C@H](CC1CCCCC1)NS(=O)(=O)C(F)(F)F)C(=O)c1nc2ccccc2s1,5.29,1,ChEMBL
CHEMBL5633371,O=C(NCCCNC(=O)n1cc(F)c(=O)[nH]c1=O)c1cc2ccccc2n1Cc1ccccc1,5.29,1,ChEMBL
CHEMBL6161722,C[C@H](c1cccc2ccccc12)N(C)Cc1ccc2ncccc2c1,5.29,1,ChEMBL
CHEMBL6166967,CCC(C(=O)Nc1ccccc1C)n1cc(F)cc2nc(SCc3ccc(F)cc3)nc1-2,5.29,1,ChEMBL
CHEMBL4298169,O=C(O)c1cc(F)c2nc(N3[C@@H]4CC[C@H]3C[C@@H](OCc3c(-c5ccccc5OC(F)(F)F)noc3C3CC3)C4)sc2c1,5.29,1,ChEMBL
CHEMBL6189498,O=C(N/N=C/c1ccc(Cl)nc1)c1ccc(CSc2cccc3cccnc23)cc1,5.29,1,ChEMBL
ALP-POS-88a7a97e-27,CC(C)(C)c1ccc(N(C(=O)c2cocn2)C(C(=O)NCC2CCCO2)c2cccnc2)cc1,5.29,1,Moonshot
MAT-POS-199e2e7c-1,O=C(Cc1cccc(Cl)c1)Nc1cncc2c1CCC2,5.29,1,Moonshot
CHEMBL5183857,CC(=O)OCC1Cc2c(-c3ccc(C)cn3)cccc2-c2c(O)ccc(-c3ccc(Br)cc3)c21,5.28,1,ChEMBL
CHEMBL5191433,N#Cc1cccc(S(=O)(=O)NC[C@H]2O[C@@H](n3cnc4c(N)ncnc43)[C@H](O)[C@@H]2O)c1,5.28,1,ChEMBL
CHEMBL5177086,CCOC(=O)[C@@H]1N2C(=O)[C@@H](NC(=O)COc3ccccc3)[C@H]2S(=O)(=O)C1(C)C,5.28,1,ChEMBL
CHEMBL5203554,CC1(C)[C@H](C(=O)OCc2ccccc2)N2C(=O)[C@@H](NC(=O)COc3c(F)c(F)c(F)c(F)c3F)[C@H]2S1(=O)=O,5.28,1,ChEMBL
CHEMBL3326854,CCCCOc1c(-c2ccc(O)c(O)c2)oc2cc(O)cc(O)c2c1=O,5.28,1,ChEMBL
CHEMBL377937,CC1=C[C@H](c2c(O)ccc([C@@H]3CC(=O)c4c(O)cc(O)cc4O3)c2O)[C@@H](C(=O)c2ccc(O)cc2O)[C@H](c2ccc(O)cc2O)C1,5.28,1,ChEMBL
CHEMBL5290148,CC1=C(c2ccccc2)C1C(=O)NC(Cc1ccccc1)c1nc(-c2ccc(C(F)(F)F)cc2)no1,5.28,1,ChEMBL
CHEMBL2311740,CC(C)(C)NC(=O)[C@@H](c1cccnc1)N(C(=O)c1ccco1)c1ccc(C(C)(C)C)cc1,5.28,1,ChEMBL
CHEMBL5400538,CC1(C)CC(=O)C2=C(C1)Nc1cc([N+](=O)[O-])ccc1N(C(=O)CCl)C2C1CCCCC1,5.28,1,ChEMBL
CHEMBL5430305,CC(C)(O)c1ccccc1CC[C@@H](SCCCC(=O)[O-])c1cccc(/C=C/c2ccc3ccc(Cl)cc3n2)c1.[Na+],5.28,1,ChEMBL
CHEMBL5561435,CCCSc1nc2sc3c(c2c(=O)n1CC)CCc1ccccc1-3,5.28,1,ChEMBL
CHEMBL5593903,O=C(Nc1ccccc1)C1c2cccc[n+]2CC(=O)N1c1ccccc1,5.28,1,ChEMBL
LON-WEI-9739a092-8,CN(Cc1cccc2ccccc12)c1cc(Cl)cc(CC(=O)Nc2cncc3ccccc23)c1,5.28,1,Moonshot
ALP-POS-88a7a97e-36,COC(=O)C1(NC(=O)C(c2cccnc2)N(C(=O)c2cocn2)c2ccc(C(C)(C)C)cc2)CCCC1,5.28,1,Moonshot
ALP-POS-02c6a514-46,CC(C)(C)c1ccc(N(C(=O)c2ncc[nH]2)C(C(=O)NCCc2cccc(F)c2)c2cccnc2)cc1,5.28,1,Moonshot
RAL-THA-1d44ff04-8,O=C(Cc1cc(Cl)cc(-c2nnc[nH]2)c1)Nc1cncc2ccccc12,5.28,2,Moonshot
CHEMBL354349,C[n+]1c2cc(N)ccc2cc2ccc(N)cc21.[Cl-],5.28,1,ChEMBL
MAT-POS-7ddaf7de-1,Cc1nccn1Cc1ccc2c(NC(=O)C3CCOc4ccc(Cl)cc43)cncc2c1,5.27,1,Moonshot
ALP-POS-c59291d4-1,O=C(Cn1nnc2ccccc21)N(Cc1ccsc1)c1ccc(-c2ccccc2)cc1,5.27,1,Moonshot
ALP-POS-88a7a97e-37,COC(=O)[C@H]1C[C@@H](NC(=O)C(c2cccnc2)N(C(=O)c2cocn2)c2ccc(C(C)(C)C)cc2)CN1C(=O)OC(C)(C)C,5.27,1,Moonshot
ALP-POS-02c6a514-9,CC(C)(C)c1ccc(N(C(=O)c2ccco2)C(C(=O)NCCc2cccc(F)c2)c2snc3ccccc23)cc1,5.27,1,Moonshot
MAT-POS-06036648-5,CNc1ccc(N(C(=O)Cn2nnc3ccccc32)c2cccc(Cl)c2)cc1,5.27,1,Moonshot
ALP-POS-a0a4abd7-1,O=C(Nc1cncc2ccccc12)C1(CNc2c[nH]c(=O)[nH]c2=O)CCOc2cc(Cl)ccc21,5.27,1,Moonshot
ALP-POS-88a7a97e-41,COc1ccc(NC(=O)C(c2cccnc2)N(C(=O)c2cocn2)c2ccc(C(C)(C)C)cc2)cn1,5.27,1,Moonshot
CHEMBL5196473,C[C@@H](NC(=O)c1ccccc1CCC(=O)NNC(=O)CCl)c1cccc2ccccc12,5.27,1,ChEMBL
CHEMBL5198114,NC(=S)N/N=C/c1ccc(-c2ccc(S(N)(=O)=O)cc2)o1,5.27,1,ChEMBL
CHEMBL5188059,CC(C)NC(=O)C(c1cccnc1)N(C(=O)c1ccco1)c1ccc(C(C)(C)C)cc1,5.27,1,ChEMBL
CHEMBL5177159,OCC1Cc2c(-c3ccc(F)cn3)cccc2-c2c(O)ccc(-c3ccc(Br)cc3)c21,5.27,1,ChEMBL
CHEMBL1200397,CN(Cc1ccc(C(C)(C)C)cc1)Cc1cccc2ccccc12.Cl,5.27,1,ChEMBL
CHEMBL5441893,CC(C)[C@@H](Nc1ncnc2[nH]c(C(=O)NCC3=NCCCN3)cc12)c1ccc2c(c1)OCCO2,5.27,1,ChEMBL
CHEMBL445177,CCCCCC/C=C\CCCCCCCc1cccc(O)c1C(=O)O,5.27,1,ChEMBL
CHEMBL5624925,COc1ccc(C[C@H](NS(=O)(=O)C(F)(F)F)C(=O)N2[C@@H]3CC[C@@H](C3)[C@H]2C(=O)N[C@@H](C[C@@H]2CCNC2=O)C(=O)c2nc3ccccc3s2)cc1,5.27,1,ChEMBL
CHEMBL531383,CCSC1=CC(=O)c2ccccc2C1=O,5.27,1,ChEMBL
CHEMBL6150968,COc1cc(CNC(=O)C2CC3(C2)CN([C@H](C)c2cccc4ccccc24)C3)ccn1,5.27,1,ChEMBL
MAT-POS-5f1400cf-1,Cn1cc(N2CCC(CNCC3(C(=O)Nc4cncc5ccccc45)CCOc4ccc(Cl)cc43)C2)cn1,5.27,1,Moonshot
EDJ-MED-cf4b0d25-5,CN(C)C(=O)COCC(=O)NC(C(=O)Nc1cncc2ccccc12)c1cccc(Cl)c1,5.27,1,Moonshot
ALP-POS-88a7a97e-26,CC(C)(C)c1ccc(N(C(=O)c2cocn2)C(C(=O)NCC2CCOC2)c2cccnc2)cc1,5.27,1,Moonshot
CHEMBL590,CC1=CC(=O)c2ccccc2C1=O,5.26,1,ChEMBL
MAR-UCB-f313ec4d-6,O=C(c1cncc2ccccc12)N1CCN(c2ccccc2)CC1,5.26,1,Moonshot
CHEMBL5197257,NC(=S)N/N=C/c1cccc(-c2ccc(C(=O)O)cc2)c1,5.26,1,ChEMBL
CHEMBL5171513,C[C@H](NC(=O)C(c1cccnc1)N(C(=O)c1ccco1)c1ccc(N2CCCCC2)cc1)c1ccccc1,5.26,1,ChEMBL
CHEMBL5203622,CCNc1ccc(-c2cccc3c2CC(CO)c2c(-c4ccc(Br)cc4)ccc(O)c2-3)nc1,5.26,1,ChEMBL
CHEMBL5396109,O=c1[nH]c(C2CC2)nc2cc(O)c(O)c(O)c12,5.26,1,ChEMBL
CHEMBL501849,COc1ccc2c(O[C@@H]3C[C@H]4C(=O)N[C@]5(C(=O)NS(=O)(=O)C6CC6)C[C@H]5/C=C\CCCCN(C)C(=O)[C@@H]4C3)cc(-c3nc(C(C)C)cs3)nc2c1C,5.26,1,ChEMBL
CHEMBL5441492,CC(C)[C@@H](Nc1ncnc2[nH]c(-c3cccc(NC(N)=O)c3)cc12)c1ccc2c(c1)OCCO2,5.26,1,ChEMBL
CHEMBL5441707,CCNC(=O)c1cc2c(N[C@@H](c3cc4c(cc3Cl)OCO4)C(C)C)ncnc2[nH]1,5.26,1,ChEMBL
CHEMBL5592624,Cc1ccc(NC2CNC2)cc1C(=O)N[C@H](C)c1cccc(-c2ccc(C#N)s2)c1,5.26,1,ChEMBL
CHEMBL5613546,C=CCSc1nc2ccccc2n1C(=O)c1ccc(C)cc1,5.26,1,ChEMBL
CHEMBL2333032,CCCCCCNC(=O)n1cc(Cl)c(=O)[nH]c1=O,5.26,1,ChEMBL
CHEMBL6151667,C[C@H](c1cccc2ccccc12)N(C)Cc1ccc(O)cn1,5.26,1,ChEMBL
CHEMBL6189198,COc1ccc(/C=N/NC(=O)c2ccc(CSc3cccc4cccnc34)cc2)c(O)c1,5.26,1,ChEMBL
EDJ-MED-b24713dc-2,Cc1cccc2ncc(NC(=O)Cc3cccc(Cl)c3)n12,5.26,1,Moonshot
ALP-POS-02c6a514-17,CC(C)(C)c1ccc(N(C(=O)C2CCCO2)C(C(=O)NCCc2cccc(F)c2)c2cccnc2)cc1,5.25,1,Moonshot
CHEMBL5203894,CC(=O)OCC1Cc2c(-c3cc(-c4ccccc4)ccn3)cccc2-c2c(O)ccc(C)c21,5.25,1,ChEMBL
CHEMBL5272459,O=c1c(OCCCO)c(-c2ccc(O)c(O)c2)oc2cc(O)cc(O)c12,5.25,1,ChEMBL
CHEMBL1116,Cl.O=C(c1ccc(OCCN2CCCCC2)cc1)c1c(-c2ccc(O)cc2)sc2cc(O)ccc12,5.25,1,ChEMBL
CHEMBL5414005,CC1(C)CC(=O)C2=C(C1)Nc1cc([N+](=O)[O-])ccc1N(C(=O)CCl)C2c1ccc(OC(F)(F)F)cc1,5.25,1,ChEMBL
CHEMBL5441424,CNC(=O)Cn1cc(-c2cc3c(N[C@H](c4ccc5c(c4)S(=O)(=O)CCC5)C(C)C)ncnc3[nH]2)cn1,5.25,1,ChEMBL
CHEMBL5595272,Cc1ccccc1N1C(=O)C[n+]2ccccc2C1C(=O)Nc1ccccc1,5.25,1,ChEMBL
CHEMBL5596345,CCCCCCCc1ccc(-n2[se]c3ccccc3c2=O)cc1,5.25,1,ChEMBL
CHEMBL6120874,C[C@H](c1cccc2ccccc12)N(C)Cc1cnc(N)cc1N,5.25,1,ChEMBL
DAR-DIA-0587064e-12,CCCOc1cc(Cl)cc2c1OCCC2C(=O)Nc1cncc2ccccc12,5.25,2,Moonshot
CHEMBL5406478,N#CSCC(=O)N1c2ccccc2Sc2ccc(C#N)cc21,5.25,1,ChEMBL
LON-WEI-4d77710c-66,COC(=O)c1c(C)nn(C(=O)c2cccs2)c1-c1snnc1C,5.24,2,Moonshot
CHEMBL1255891,CCCC[C@H](NC(=O)[C@@H]1[C@@H]2[C@H](CN1C(=O)[C@@H](NC(=O)NC1(CS(=O)(=O)C(C)(C)C)CCCCC1)C(C)(C)C)C2(C)C)C(=O)C(=O)NC1CC1,5.24,1,ChEMBL
CHEMBL5193704,COc1ccc(-c2ccc(/C=N/NC(N)=S)o2)cc1OC,5.24,1,ChEMBL
CHEMBL5171422,NC(=S)N/N=C/c1ccc(-c2ccc(C(=O)O)cc2)s1,5.24,1,ChEMBL
CHEMBL5170231,C[C@H](NC(=O)C(c1cccnc1)N(C(=O)c1ccco1)c1ccc(C(C)(C)C)cc1)c1ccccc1,5.24,1,ChEMBL
CHEMBL5179593,O=C(NC1CCCCC1)C(c1cccnc1)N(C(=O)c1c[nH]cn1)c1ccc(-c2ccccc2)cc1,5.24,1,ChEMBL
CHEMBL5204665,CC(=O)OCC1Cc2c(-c3ccc(F)cn3)cccc2-c2c(O)ccc(-c3ccc(Br)cc3)c21,5.24,1,ChEMBL
CHEMBL5191284,CC1(C)[C@H](C(=O)OCc2ccccc2F)N2C(=O)[C@@H](NC(=O)COc3ccccc3)[C@H]2S1(=O)=O,5.24,1,ChEMBL
CHEMBL5284676,O=c1cc(CCc2ccc(O)c(O)c2)oc2cccc(O)c12,5.24,1,ChEMBL
CHEMBL55415,O=c1cc(-c2ccc(O)cc2)oc2cc(O)c(O)c(O)c12,5.24,1,ChEMBL
CHEMBL5532114,COc1ccc2cc([C@H](C)c3nc(-c4ccc(C)c(NCc5ccc(C(=O)O)s5)c4)no3)ccc2c1,5.24,1,ChEMBL
CHEMBL5560737,C[C@H](NC(=O)[C@@H](c1cccnc1)N(C(=O)c1ccco1)c1ccc(C(C)(C)C)cc1)c1ccccc1,5.24,1,ChEMBL
CHEMBL1762621,COC(=O)[C@]12CCC(C)(C)C[C@H]1[C@H]1C(=O)C=C3[C@@]4(C)C=C(C#N)C(=O)C(C)(C)[C@@H]4CC[C@@]3(C)[C@]1(C)CC2,5.24,1,ChEMBL
CHEMBL6120795,CC(C)C[C@@H]1NC(=O)[C@H](C)NC(=O)[C@@H]2CCCN2C(=O)[C@H]([C@@H](C)O)NC(=O)[C@H]([C@@H](C)O)NC(=O)[C@H]([C@@H](C)O)NC(=O)[C@H](Cc2c[nH]cn2)NC(=O)[C@H](Cc2ccccc2)NC(=O)[C@H]([C@@H](C)O)NC(=O)[C@H](C(C)C)NC(=O)[C@@H](Cc2ccc(O)cc2)NC(=O)CSC[C@@H](C(=O)NCC(N)=O)NC(=O)[C@@H]2CCCN2C(=O)[C@@H]2CCCN2C1=O,5.24,1,ChEMBL
MED-COV-4280ac29-31,O=C(CCl)N1CCN(Cc2cccc3ccccc23)CC1,5.24,2,Moonshot
EDJ-MED-611d11e7-6,O=C(Nc1cncc2ccc(F)cc12)[C@@H]1CCOc2cc(F)c(Cl)cc21,5.24,1,Moonshot
STE-KUL-d79e3d6a-5,C#CCCCC(=O)N[C@@H](CC)C(=O)N[C@H](C(=O)N[C@@H](CC(C)C)C(=O)N[C@@H](CCC(=O)N(C)C)C(=O)COC(=O)c1c(C)cccc1C)C(C)(C)C,5.24,1,Moonshot
MAT-POS-bfb445d4-2,O=C(Cc1cccc(Cl)c1)Nn1nnc2ccccc21,5.24,1,Moonshot
CHEMBL5441635,c1nc(N[C@@H](c2ccc3c(c2)OCCO3)C2CCC2)c2cc[nH]c2n1,5.24,1,ChEMBL
CHEMBL5441815,CC(C)[C@@H](Nc1ncnc2[nH]ccc12)c1cc2c(cn1)OCCO2,5.24,1,ChEMBL
CHEMBL5441751,COC(=O)c1cc2c(N[C@@H](c3ccc4c(c3)OCCO4)C(C)C)ncnc2[nH]1,5.24,1,ChEMBL
MAT-POS-f2460aef-5,CC(C)(C)c1ccc(N(C(=O)c2cn[nH]c2)C(C(=O)NCCc2cccc(F)c2)c2cccnc2)cc1,5.23,1,Moonshot
TAT-ENA-80bfd3e5-45,CS(=O)(=O)Nc1cccc(C2=NN(C(=O)CCl)C(c3ccccc3)C2)c1,5.23,2,Moonshot
CHEMBL2311694,CC(C)(C)NC(=O)C(c1cccnc1)N(C(=O)c1ccco1)c1ccc(C(C)(C)C)cc1,5.23,2,ChEMBL+Moonshot
ALP-POS-88a7a97e-49,CCOC(=O)c1ncoc1CNC(=O)C(c1cccnc1)N(C(=O)c1cocn1)c1ccc(C(C)(C)C)cc1,5.23,1,Moonshot
CHEMBL5195252,CC(=O)OCC1Cc2c(-c3ccc(C(C)=O)cn3)cccc2-c2c(O)ccc(-c3ccc(Br)cc3)c21,5.23,1,ChEMBL
CHEMBL5554984,COc1ccc2cc(C(C)c3nc(-c4ccc(C)c(NCc5ccc(C(=O)O)s5)c4)no3)ccc2c1,5.23,1,ChEMBL
CHEMBL5594354,C[C@H](c1cccc(-c2ccc(CN3CCCC3)s2)c1)N(C)Cc1ccc(O)cc1,5.23,1,ChEMBL
CHEMBL6151768,Cc1ccc(CNC(=O)C(=O)O)cc1C(=O)N[C@H](C)c1cccc2ccccc12,5.23,1,ChEMBL
TAT-ENA-80bfd3e5-42,CN(CC(=O)Nc1ccccc1Br)C(=O)CCl,5.23,2,Moonshot
EDJ-MED-827e7cb4-7,O=C1NCC(C(=O)Nc2cnc3ccccn23)c2cc(Cl)ccc21,5.23,1,Moonshot
MAT-POS-61f37a1a-7,O=C(Nc1cncc2ccccc12)C1(CNCc2cn(CC3CCOC3)nn2)CCOc2ccc(Cl)cc21,5.22,1,Moonshot
CHEMBL594248,CCCCc1c(-c2ccc(O)c(O)c2)oc2cc(O)cc(O)c2c1=O,5.22,1,ChEMBL
CHEMBL5423030,O=C(OCc1cn2cc(Br)ccc2n1)c1cc(-c2ccco2)[nH]n1,5.22,1,ChEMBL
CHEMBL5398479,COc1cccc2[nH]c(C(=O)N3CC4(CCCC4)CC3C(=O)N[C@H](C#N)C[C@@H]3CCCNC3=O)cc12,5.22,1,ChEMBL
CHEMBL5442134,O=C(O)C[C@@H](NC(=O)c1ncnc2[nH]ccc12)c1ccc(Nc2nnco2)cc1,5.22,1,ChEMBL
CHEMBL5441976,CNc1cc(N[C@@H](c2ccc3c(c2)S(=O)(=O)CCC3)C(C)C)ncn1,5.22,1,ChEMBL
CHEMBL5441562,CC(C)[C@@H](Oc1ncnc2[nH]ccc12)c1ccc2c(c1)S(=O)(=O)CCC2,5.22,1,ChEMBL
CHEMBL1201284,C[C@@H](NCCCc1cccc(C(F)(F)F)c1)c1cccc2ccccc12,5.22,1,ChEMBL
JOH-UNI-ea1df7a8-1,O=C(Cc1cncc2ccccc12)N1CCOc2ccc(Cl)cc21,5.22,1,Moonshot
TAT-ENA-80bfd3e5-37,Cc1cc(C(=O)CCl)c(C)n1NC(=O)c1n[nH]c(=O)c2ccccc12,5.22,2,Moonshot
EDG-MED-ba1ac7b9-16,Cn1cncc1CN(C(=O)CC1(C(=O)Nc2cncc3ccccc23)CCOc2ccc(Cl)cc21)C1CC1,5.21,1,Moonshot
MAT-POS-e9e99895-2,CC(C)N1CCOC(C(=O)NC(C)(C(=O)Nc2cncc3ccccc23)c2ccc(Cl)c(Cl)c2)C1,5.21,1,Moonshot
BEN-DND-c852c98b-10,O=C(Nc1cncc2c1CNCC2)C1CCOc2ccc(Cl)cc21,5.21,1,Moonshot
CHEMBL5199388,O=C(Nc1ccc2c(c1)B(O)OC2)c1cccc(OCc2ccccc2)c1,5.21,1,ChEMBL
CHEMBL551592,CC(=O)Nc1ccc(C)c(C(=O)N[C@H](C)c2cccc3ccccc23)c1,5.21,1,ChEMBL
CHEMBL5284680,O=c1c(OCCO)c(-c2ccc(O)c(O)c2)oc2cc(O)cc(O)c12,5.21,1,ChEMBL
CHEMBL1082333,N#Cc1c(-c2ccc(Cl)cc2)nc(SCc2ccc([N+](=O)[O-])cc2)[nH]c1=O,5.21,1,ChEMBL
CHEMBL2016761,N#C[C@@]1(c2ccc3c(N)ncnn23)O[C@H](COP(=O)(O)OP(=O)(O)OP(=O)(O)O)[C@@H](O)[C@H]1O,5.21,1,ChEMBL
CHEMBL5429124,CC1CC(=O)C2=C(C1)Nc1cc([N+](=O)[O-])ccc1N(C(=O)CCl)C2c1ccc(F)cc1F,5.21,1,ChEMBL
CHEMBL5394627,CC[C@H](C)[C@@H]1NC(=O)[C@H](CC(C)C)NC(=O)[C@@H](NC(=O)[C@H](C)N)CNC(=O)[C@H](CS(=O)(=O)[O-])NC(=O)/C=C/c2csc(n2)[C@H](Cc2ccc(O)cc2)NC(=O)C1=O.[Na+],5.21,1,ChEMBL
CHEMBL5441705,CC(C)[C@@H](Nc1ncnc2[nH]c(-c3ccco3)cc12)c1ccc2c(c1)OCCO2,5.21,1,ChEMBL
CHEMBL5595281,Cc1ccc(NC2CNC2)cc1C(=O)N[C@H](C)c1cccc(-c2ccc(C(F)(F)F)s2)c1,5.21,1,ChEMBL
CHEMBL5591010,Cc1cccc(N2C(=O)C[n+]3ccccc3C2C(=O)Nc2ccccc2)c1,5.21,1,ChEMBL
CHEMBL5592599,Cc1ccc(N2C(=O)C[n+]3ccccc3C2C(=O)Nc2ccccc2C)cc1,5.21,1,ChEMBL
CHEMBL5084537,CCc1ccc(-n2[se]c3ccccc3c2=O)cc1,5.21,1,ChEMBL
CHEMBL2333034,CCCCCCNC(=O)n1cc(CC)c(=O)[nH]c1=O,5.21,1,ChEMBL
CHEMBL6151483,C[C@H](c1cccc2ccccc12)N(C)Cc1cccc(S(N)(=O)=O)c1,5.21,1,ChEMBL
JIN-POS-6dc588a4-12,O=C(Cc1cccc(Cl)c1)Nc1cncc2[nH]ccc12,5.21,1,Moonshot
LON-WEI-8f408cad-5,O=C(CCl)N1CCN(Cc2cccs2)CC1,5.21,2,Moonshot
ALP-POS-88a7a97e-48,CCOC(=O)CCCNC(=O)C(c1cccnc1)N(C(=O)c1cocn1)c1ccc(C(C)(C)C)cc1,5.2,1,Moonshot
ALP-POS-88a7a97e-19,CC(C)(C)OC(=O)NCCNC(=O)C(c1cccnc1)N(C(=O)c1cocn1)c1ccc(C(C)(C)C)cc1,5.2,1,Moonshot
LON-WEI-4d77710c-69,O=C(Nc1cccc(C(F)(F)F)c1)Nc1ccccc1Sc1ncc([N+](=O)[O-])s1,5.2,2,Moonshot
CHEMBL5268256,O=c1[nH]cc(-c2cc(-c3cccc(Cl)c3)c(=O)n(-c3cccnc3)c2)c(=O)[nH]1,5.2,1,ChEMBL
CHEMBL5398900,C[C@@H](NS(=O)(=O)c1ccc([N+](=O)[O-])cc1)c1cccc2ccccc12,5.2,1,ChEMBL
CHEMBL5442046,Cc1ccc([C@@H](CC(=O)O)NC(=O)c2ncnc3[nH]ccc23)cc1,5.2,1,ChEMBL
CHEMBL5542162,COc1ccc2[se]n(-c3ccccc3)c(=O)c2c1,5.2,1,ChEMBL
CHEMBL5613116,CSc1nc2ccc(C#N)cc2n1C(=O)c1ccc(C)c(F)c1,5.2,1,ChEMBL
ALP-POS-ced8ea4d-32,O=C(NCCc1cccc(F)c1)C(c1cccnc1)N(C(=O)c1cocn1)c1ccc(OC2CCOC2)cc1,5.2,1,Moonshot
EDG-MED-ba1ac7b9-15,CC1CN(C)CCN1C(=O)CC1(C(=O)Nc2cncc3ccccc23)CCOc2ccc(Cl)cc21,5.2,1,Moonshot
CHEMBL5441802,CC(C)[C@@H](Nc1ncnc2[nH]c(-c3cncc(C#N)c3)cc12)c1ccc2c(c1)OCCO2,5.2,1,ChEMBL
PET-UNK-ac320b15-10,O=C(Nc1cncc2ccccc12)[C@@H](NC(=O)[C@H]1CC[C@@H](C(=O)N2CCCC2)O1)c1cccc(Cl)c1,5.19,1,Moonshot
ALP-POS-3fc1724e-1,COc1c(Cl)cccc1OCCNC(=O)c1cc(=O)[nH]c2ccccc12,5.19,1,Moonshot
EDG-MED-ba1ac7b9-13,CN1C[C@@H]2C[C@H]1CN2C(=O)CC1(C(=O)Nc2cncc3ccccc23)CCOc2ccc(Cl)cc21,5.19,1,Moonshot
MAT-POS-24589f88-8,NC(=O)c1ccn(-c2ccc(CNCC3(C(=O)Nc4cncc5ccccc45)CCOc4ccc(Cl)cc43)cn2)n1,5.19,1,Moonshot
MAT-POS-5369c344-5,O=C(Nc1cncc2ccccc12)C1CCOc2c(OCc3ccccn3)cc(Cl)cc21,5.19,1,Moonshot
CHEMBL4868590,CC(C)(C)C(=O)N[C@H](C(=O)N1C[C@H]2[C@@H]([C@H]1C(=O)NC(CC1CCC1)C(=O)C(N)=O)C2(C)C)C(C)(C)C,5.19,1,ChEMBL
CHEMBL485818,O=C(O)[C@H]1O[C@@H](Oc2cc3oc(-c4ccccc4)cc(=O)c3c(O)c2O)[C@H](O)[C@@H](O)[C@@H]1O,5.19,1,ChEMBL
CHEMBL5172181,C=CC(=O)Nc1ccc(C)c(C(=O)N[C@H](C)c2cccc3ccccc23)c1,5.19,1,ChEMBL
CHEMBL5203183,CC(=O)OCC1Cc2c(-c3ccccn3)cccc2-c2c(O)ccc(-c3ccc(Br)cc3)c21,5.19,1,ChEMBL
CHEMBL5291013,CC(C)(C)OC(=O)NCC(=O)N[C@@H](Cc1ccccc1)C(=O)N[C@H](C=O)Cc1c[nH]cn1,5.19,1,ChEMBL
CHEMBL5286093,CC1=C(c2ccccc2)C1C(=O)NC(Cc1ccc2ccccc2c1)c1nc(-c2ccc(C(F)(F)F)cc2)no1,5.19,1,ChEMBL
CHEMBL413376,Cc1ccc(C(=O)Nc2ccc(S(=O)(=O)[O-])c3cc(S(=O)(=O)[O-])cc(S(=O)(=O)[O-])c23)cc1NC(=O)c1cccc(NC(=O)Nc2cccc(C(=O)Nc3cc(C(=O)Nc4ccc(S(=O)(=O)[O-])c5cc(S(=O)(=O)[O-])cc(S(=O)(=O)[O-])c45)ccc3C)c2)c1.[Na+].[Na+].[Na+].[Na+].[Na+].[Na+],5.19,1,ChEMBL
CHEMBL5575420,C[C@H](c1cccc2ccccc12)N(C)Cc1cc2ccccc2[nH]1,5.19,1,ChEMBL
CHEMBL5633125,C=CS(=O)(=O)N(c1ccc(-c2ccccc2)cc1)[C@H](C(=O)N[C@@H](C)c1ccccc1)c1cccnc1,5.19,1,ChEMBL
CHEMBL6145046,CCN(C[C@H]1O[C@@H](n2cnc3c(N)ncnc32)[C@H](O)[C@@H]1O)S(=O)(=O)c1ccc(Cl)c(C#N)c1,5.19,1,ChEMBL
CHEMBL6120594,C[C@H](c1cccc2ccccc12)N(C)Cc1cc(F)c(O)c(F)c1,5.19,1,ChEMBL
CHEMBL6149914,C[C@H](c1cccc2ccccc12)N(C)Cc1ccc2c(c1)COC2=O,5.19,1,ChEMBL
PET-UNK-8922bd3c-1,O=C(Cc1cncc2ccccc12)Nc1cccc(Cl)c1,5.19,1,Moonshot
LON-WEI-adc59df6-45,C=CC(=O)N(c1ccc(C(C)(C)C)cc1)C(C(=O)Nc1ccc(OC)cc1OC)c1cccnc1,5.19,1,Moonshot
EDJ-MED-2791eece-4,N#CCC(=O)N1CCc2ccc(Cl)cc2C1C(=O)Nc1cncc2ccccc12,5.19,1,Moonshot
CHEMBL5181347,CCCOc1ccc(-c2cc(OCCN3CCCCC3)c3c(OC)ccc(OC)c3n2)cc1,5.19,1,ChEMBL
CHEMBL5173280,C=C1CC[C@H]2[C@@](C)(CCC[C@]2(C)C(=O)O)[C@@H]1C/C=C(\C)[C@@H]1CCc2c(O)c(CC3C(=O)C(C(C)=O)=C(O)C(C)(C)C3O)c(O)c(C(=O)CCC)c2O1,5.18,1,ChEMBL
CHEMBL5441609,CC(C)[C@@H](Nc1ncnc2[nH]c(-c3cncn3C)cc12)c1ccc2c(c1)OCCO2,5.18,1,ChEMBL
CHEMBL5442017,CC(C)[C@@H](Nc1ncnc2[nH]c(C(=O)Nc3ncco3)cc12)c1ccc2c(c1)OCCO2,5.18,1,ChEMBL
ALP-POS-6d04362c-3,O=C(Cn1nnc2ccccc21)N(Cc1ccsc1)c1ccc(N2CCCCC2)cc1,5.18,1,Moonshot
CHEMBL5183725,Cc1ccccc1[C@@H](C)N(C)Cc1cc(O)ccc1Cl,5.18,1,ChEMBL
CHEMBL5206079,C[C@H](c1ccccc1Cl)N(C)Cc1cc(O)ccc1Cl,5.18,1,ChEMBL
CHEMBL5206883,CC(=O)OCC1Cc2c(-c3cc(-c4ccccc4)ccn3)cccc2-c2c(O)ccc(-c3ccc(Br)cc3)c21,5.18,1,ChEMBL
CHEMBL5209430,CC(=O)OCC1Cc2c(-c3ccc(S(C)(=O)=O)cn3)cccc2-c2c(O)ccc(-c3ccc(Br)cc3)c21,5.18,1,ChEMBL
CHEMBL5190736,CC1(C)[C@H](C(=O)OCc2ccccc2)N2C(=O)[C@@H](NC(=O)COc3ccccc3)[C@H]2S1(=O)=O,5.18,1,ChEMBL
CHEMBL5184016,CC1(C)[C@H](C(=O)OCOc2ccccc2)N2C(=O)[C@@H](NC(=O)COc3ccccc3)[C@H]2S1(=O)=O,5.18,1,ChEMBL
CHEMBL5561562,CC1COP(=O)(Oc2cc(O)c3c(=O)c(O)c(-c4cc(O)c(O)c(O)c4)oc3c2)OC1,5.18,1,ChEMBL
CHEMBL5612948,Cc1ccc(C(=O)n2cnc3ccccc32)cc1,5.18,1,ChEMBL
CHEMBL5613416,CCc1nc2ccccc2n1C(=O)c1ccc(C)cc1,5.18,1,ChEMBL
CHEMBL6142898,Nc1ncnc2c1ncn2[C@@H]1O[C@H](C(=O)Nc2ccc3c(c2)NC(=O)CC3)[C@@H](O)[C@H]1O,5.18,1,ChEMBL
MAT-POS-edabd372-2,CC1(C(=O)Nc2cncc3ccc(S(C)(=O)=O)cc23)CNC(=O)c2ccc(Cl)cc21,5.18,1,Moonshot
ALP-POS-5bb456a5-7,O=C(CC1(C(=O)Nc2cncc3ccccc23)CCOc2ccc(Cl)cc21)N1CCN(C2CCOC2)CC1,5.17,2,Moonshot
AGN-NEW-891393a6-1,COc1cc(Cl)cc(OC(=O)Nc2cccnc2)c1,5.17,1,Moonshot
MAT-POS-983b399a-3,O=C1CC2(CCOc3ccc(Cl)cc32)CN1c1cncc2ccccc12,5.17,1,Moonshot
CHEMBL4854844,O=C(CSc1c[nH]c2ccccc12)NCc1ccccc1,5.17,1,ChEMBL
CHEMBL4877143,C[C@@H](NC(=O)CSc1c[nH]c2ccccc12)c1ccccc1,5.17,1,ChEMBL
CHEMBL5171650,C=C1CC[C@H]2[C@@](C)(CCC[C@]2(C)C(=O)O)[C@@H]1C/C=C(\C)[C@H]1CCc2c(O)c(CC3C(=O)C(C(C)=O)=C(O)C(C)(C)C3O)c(O)c(C(=O)CCC)c2O1,5.17,1,ChEMBL
CHEMBL53566,OCCc1ccc(O)cc1,5.17,1,ChEMBL
CHEMBL33778,CCCCCCCCCCCCCCCc1cccc(O)c1C(=O)O,5.17,1,ChEMBL
CHEMBL5172817,CC(=O)OCC1Cc2c(-c3ccc(Br)cn3)cccc2-c2c(O)ccc(-c3ccc(Br)cc3)c21,5.17,1,ChEMBL
CHEMBL525084,CC(C)=CC[C@@]12Oc3cc(O)c([C@H]4C=C(C)C[C@H](c5ccc(O)cc5O)[C@H]4C(=O)c4ccc(O)cc4O)c(O)c3C(=O)[C@]1(O)Oc1cc(O)ccc12,5.17,1,ChEMBL
CHEMBL5282313,CC1=C(c2ccccc2)C1C(=O)NCc1nc(-c2ccc(C(F)(F)F)cc2)no1,5.17,1,ChEMBL
CHEMBL5402071,COC(=O)CCC(CC(=O)[C@H](CC(=O)OC)NC(=O)OCc1ccccc1)C(=O)NC(C(=O)NC(CC(=O)OC)C(=O)CF)C(C)C,5.17,1,ChEMBL
CHEMBL5441393,CNC(=O)c1cccc(-c2cc3c(N[C@@H](c4ccc5c(c4)S(=O)(=O)CCC5)C(C)C)ncnc3[nH]2)c1,5.17,1,ChEMBL
CHEMBL5518022,Cc1ccc(-c2noc(Cc3cccc(-c4cccs4)c3)n2)cc1NCc1ccc(C(=O)O)s1,5.17,1,ChEMBL
CHEMBL2095208,CC(C)c1nc(CN(C)C(=O)N[C@@H](CCN2CCOCC2)C(=O)N[C@H](CC[C@H](Cc2ccccc2)NC(=O)OCc2cncs2)Cc2ccccc2)cs1,5.17,1,ChEMBL
MAT-POS-90fd5f68-7,CN(C)c1ccc2c(NC(=O)Cc3cccc(Cl)c3)cncc2c1,5.17,1,Moonshot
ALP-POS-88a7a97e-23,COC(=O)[C@@H]1C[C@@H](NC(=O)C(c2cccnc2)N(C(=O)c2cocn2)c2ccc(C(C)(C)C)cc2)CN1C(=O)OC(C)(C)C,5.17,1,Moonshot
CHEMBL5441904,C[C@H]1C[C@H]1c1nnc(Nc2ccc([C@@H](CC(=O)O)NC(=O)c3ncnc4[nH]ccc34)cc2)o1,5.17,1,ChEMBL
CHEMBL5613344,COc1cc2nc(SC)n(C(=O)c3ccc(C)cc3)c2cc1OC,5.17,1,ChEMBL
ALP-POS-88a7a97e-43,CC(C)(C)OC(=O)N1CC(NC(=O)C(c2cccnc2)N(C(=O)c2cocn2)c2ccc(C(C)(C)C)cc2)C1,5.16,1,Moonshot
CHEMBL5172897,Cc1ccc(NC(=O)Oc2ccc([N+](=O)[O-])cc2)cc1C(=O)N[C@H](C)c1cccc2ccccc12,5.16,1,ChEMBL
CHEMBL3884779,CC(C)[C@H](NC(=O)/C=C/c1ccccc1)C(=O)N[C@H](C=O)C[C@@H]1CCCNC1=O,5.16,1,ChEMBL
CHEMBL228623,O=c1cc(/C=C/c2ccc(O)c(O)c2)oc2cccc(O)c12,5.16,1,ChEMBL
CHEMBL50,O=c1c(O)c(-c2ccc(O)c(O)c2)oc2cc(O)cc(O)c12,5.16,1,ChEMBL
CHEMBL5423390,O=c1[nH]c(-c2cccc(Cl)c2)nc2cc(O)c(O)c(O)c12,5.16,1,ChEMBL
CHEMBL5429971,C=CC(=O)NCC(=O)C(=O)N1CCC(C2C(=O)Nc3cc(Cl)ccc32)CC1,5.16,1,ChEMBL
CHEMBL5561945,O=C1NC2(CC(C3CCC3)C2)C(=O)N1c1cncc(F)c1,5.16,1,ChEMBL
CHEMBL1620799,O=C(Nc1ccc(Cl)cc1)C1c2cccc[n+]2CC(=O)N1Cc1ccc2c(c1)OCO2,5.16,1,ChEMBL
RAL-THA-2d450e86-31,O=C(Cc1cccc(C(F)(F)F)c1)Nc1cncc2ccccc12,5.16,1,Moonshot
MAT-POS-fce787c2-1,CCOc1c(Cl)cccc1CC(=O)Nc1cncc2ccccc12,5.16,1,Moonshot
CHEMBL5201244,OCC1Cc2c(-c3ccc(Cl)cn3)cccc2-c2c(O)ccc(-c3ccc(Br)cc3)c21,5.16,1,ChEMBL
CHEMBL5441515,CC(C)[C@@H](Nc1ncnc2[nH]c(-c3ccnn3C3CCC3)cc12)c1ccc2c(c1)OCCO2,5.16,1,ChEMBL
MAT-POS-bb423b95-2,O=C(Cc1cccc(Cl)c1)Nc1cncc2cccnc12,5.15,1,Moonshot
ALP-UNI-c3ef0aba-1,O=C(Nc1cncc2ccccc12)C1COCc2c(Cl)cccc21,5.15,1,Moonshot
CHEMBL4875555,COc1ccccc1CNC(=O)CSc1c[nH]c2c(Br)cccc12,5.15,1,ChEMBL
CHEMBL4874748,O=C(CSc1c[nH]c2c(Br)cccc12)N(Cc1ccccc1)Cc1ccccc1,5.15,1,ChEMBL
CHEMBL5187551,NC(=S)N/N=C/c1ccc(-c2ccncc2)o1,5.15,1,ChEMBL
CHEMBL5279962,O=C(Nc1ccc(O)c(O)c1)c1cc(=O)c2c(O)cccc2o1,5.15,1,ChEMBL
CHEMBL5410610,CC(C)(C)[C@H](NC(=O)C(F)(F)F)C(=O)N1C[C@H]2[C@@H]([C@H]1C(=O)N[C@H](C#Cc1ccc([N+](=O)[O-])cc1)C[C@@H]1CCNC1=O)C2(C)C,5.15,1,ChEMBL
CHEMBL5557029,C[C@H](c1cccc(-c2ccc(CN3CCCC3)s2)c1)N(C)Cc1ccc2[nH]ncc2c1,5.15,1,ChEMBL
CHEMBL6144971,C[C@H](c1cccc2ccccc12)N(C)Cc1ccc[nH]1,5.15,1,ChEMBL
CHEMBL6143975,C[C@H](c1cccc2ccccc12)N(C)Cc1ccc2c(c1)NC(=O)CO2,5.15,1,ChEMBL
EDJ-MED-dd2a8363-1,O=C1NCC(C(=O)Nc2cnn3ccccc23)c2cc(Cl)ccc21,5.15,1,Moonshot
ALP-POS-6d96567b-2,O=C(C1CCOc2cc(Cl)ccc21)N(Cc1c[nH]c(=O)[nH]c1=O)c1cncc2ccccc12,5.15,1,Moonshot
CHEMBL964,CCN(CC)C(=S)SSC(=S)N(CC)CC,5.14,1,ChEMBL
CHEMBL5442056,O=C(O)C[C@@H](NC(=O)c1cc2[nH]ccc2cn1)c1ccc(Br)cc1,5.14,1,ChEMBL
CHEMBL5441914,COc1ccc([C@@H](Nc2ncnc3[nH]ccc23)C(C)C)cc1,5.14,1,ChEMBL
CHEMBL5441675,O=C(Nc1cccc2c(C(=O)N[C@H]3c4ccccc4C[C@H]3C(=O)O)c[nH]c12)NC1CC1,5.14,1,ChEMBL
ALP-POS-95b75b4d-5,O=C(Cc1cccc(Cl)c1)Nc1cnccc1C1CC1,5.14,2,Moonshot
ALP-POS-88a7a97e-5,COC(=O)C(C)NC(=O)C(c1cccnc1)N(C(=O)c1cocn1)c1ccc(C(C)(C)C)cc1,5.14,1,Moonshot
EDJ-MED-ee07cf00-6,Cn1cc(C2=NOC(C(=O)NC(C(=O)Nc3cncc4ccccc34)c3cccc(Cl)c3)C2)cn1,5.14,1,Moonshot
BEN-DND-76ad4ac9-13,O=C(CCl)N1CCCN(S(=O)(=O)c2cccs2)CC1,5.14,2,Moonshot
CHEMBL4870400,O=C(CSc1c[nH]c2cccc(Br)c12)NCc1ccc(Cl)c(Cl)c1,5.14,1,ChEMBL
CHEMBL3605457,CCS(=O)(=O)N1CCC([C@@H](C)n2c(C)c(C(=O)NCc3c(OC)cc(C)[nH]c3=O)c3ccccc32)CC1,5.14,1,ChEMBL
CHEMBL5174096,CC(c1ccccc1Cl)N(C)Cc1cc(O)ccc1Cl,5.14,1,ChEMBL
CHEMBL1200596,Oc1c(Cl)cc(Cl)c2cccnc12,5.14,1,ChEMBL
CHEMBL5171325,O=C(NC1CCCC1)C(c1cccnc1)N(C(=O)c1cnc[nH]1)c1ccc(-c2ccccc2)cc1,5.14,1,ChEMBL
CHEMBL204813,CC(C)=CC[C@]12Oc3cc(O)c([C@H]4C=C(C)C[C@H](c5ccc(O)cc5O)[C@H]4C(=O)c4ccc(O)cc4O)c(O)c3C(=O)[C@@]1(O)Oc1cc(O)ccc12,5.14,1,ChEMBL
CHEMBL76,CCN(CC)CCCC(C)Nc1ccnc2cc(Cl)ccc12,5.14,1,ChEMBL
CHEMBL5403276,Nc1ncnc2c1ncn2[C@@H]1O[C@H](CSCCNS(=O)(=O)c2ccc(C(F)(F)F)cc2)[C@@H](O)[C@H]1O,5.14,1,ChEMBL
CHEMBL5438334,Nc1ccccc1-c1noc(-c2ccncc2)n1,5.14,1,ChEMBL
MAT-POS-14ad9fe9-1,O=C(Cc1cccc(Cl)c1)Nc1cncc2c1CCCN2,5.14,1,Moonshot
ALP-UNI-8e43a71e-10,O=C(CC1(C(=O)Nc2cncc3ccccc23)CCOc2ccc(Cl)cc21)N1CCN(CC(F)(F)CO)CC1,5.14,1,Moonshot
LON-WEI-4d77710c-61,O=[N+]([O-])c1cnc(Sc2nnc(-c3ccco3)n2-c2ccc(OCc3ccccc3)cc2)s1,5.14,2,Moonshot
CHEMBL5441818,Cc1nnc(Nc2ccc(C(=O)N[C@@H]3c4cccc(O)c4C[C@@H]3C(=O)O)cc2)o1,5.13,1,ChEMBL
EDJ-MED-cf4b0d25-1,O=C(COCC(=O)N1CCCC1)NC(C(=O)Nc1cncc2ccccc12)c1cccc(Cl)c1,5.13,1,Moonshot
CHEMBL5171462,COc1ccc(NC(=O)C(c2cccnc2)N(C(=O)c2ccco2)c2ccc(C(C)(C)C)cc2)cc1,5.13,1,ChEMBL
CHEMBL5191235,CC(=O)OCC1Cc2c(-c3cc(N4CCOCC4)ccn3)cccc2-c2c(O)ccc(-c3ccc(Br)cc3)c21,5.13,1,ChEMBL
CHEMBL5184585,CC1(C)[C@H](C(=O)OCc2ccc(F)cc2)N2C(=O)[C@@H](NC(=O)COc3ccccc3)[C@H]2S1(=O)=O,5.13,1,ChEMBL
CHEMBL5274265,CC1=C(c2ccccc2)C1C(=O)NC(Cc1ccccc1F)c1nc(-c2ccc(C(F)(F)F)cc2)no1,5.13,1,ChEMBL
CHEMBL5395044,CC1CC(=O)C2=C(C1)Nc1cc([N+](=O)[O-])ccc1N(C(=O)CCl)C2C1CCC1,5.13,1,ChEMBL
CHEMBL5441800,COc1cc(Nc2ccc([C@@H](CC(=O)O)NC(=O)c3ncnc4[nH]ccc34)cc2)n[nH]1,5.13,1,ChEMBL
CHEMBL5094204,Cc1ccccc1-n1[se]c2ccccc2c1=O,5.13,1,ChEMBL
CHEMBL222559,CCC[C@@]1(CCc2ccccc2)CC(O)=C([C@H](CC)c2cccc(NS(=O)(=O)c3ccc(C(F)(F)F)cn3)c2)C(=O)O1,5.13,1,ChEMBL
CHEMBL2333042,CCCCCCNC(=O)n1cc(Br)c(=O)[nH]c1=O,5.13,1,ChEMBL
CHEMBL2333033,CCCCCCNC(=O)n1cc(C(F)(F)F)c(=O)[nH]c1=O,5.13,1,ChEMBL
BEN-DND-4f474d93-2,O=C(Nc1cncc2ccncc12)[C@@H]1CCOc2ccc(Cl)cc21,5.13,1,Moonshot
LON-WEI-babf2c61-3,C=CC(=O)N(c1ccc(C(C)(C)C)cc1)C(C(=O)NCCc1cccc(F)c1)c1cncc(C#N)c1,5.13,1,Moonshot
CHEMBL5612081,Cc1ccc(C(=O)n2c(C)nc3cc4c(cc32)OCCO4)cc1,5.12,1,ChEMBL
BEN-DND-7e92b6ca-12,COc1cccc(N2CCN(C(=O)c3cc(=O)[nH]c4ccccc34)CC2)c1,5.12,2,Moonshot
CHEMBL5179427,CC(C)(C)c1ccc(N(C(=O)c2ccco2)C(C(=O)NCc2ccccc2)c2cccnc2)cc1,5.12,2,ChEMBL+Moonshot
MAT-POS-e9e99895-6,CC(NC(=O)CN1CCN(C2CC2)C1=O)(C(=O)Nc1cncc2ccccc12)c1ccc(Cl)c(Cl)c1,5.12,1,Moonshot
CHEMBL4860368,Cn1cc(SCC(=O)NCc2ccc(Cl)c(Cl)c2)c2ccccc21,5.12,1,ChEMBL
CHEMBL4852069,COc1ccccc1CN(C)C(=O)CSc1c[nH]c2ccccc12,5.12,1,ChEMBL
CHEMBL5175329,Cc1cc(N)ccc1C(=O)N[C@H](C)c1cccc2ccccc12,5.12,1,ChEMBL
CHEMBL5199721,C[C@H](c1cccc2ccccc12)N1Cc2ccccc2C1,5.12,1,ChEMBL
CHEMBL5272843,CC(=O)NC(C)C(=O)N[C@@H](CO)C(=O)N[C@H](C(=O)[C@@H](CO)C(=O)N[C@H](C=O)CCC(N)=O)[C@@H](C)O,5.12,1,ChEMBL
CHEMBL5280630,CC(=O)NC(CCC(=O)O)C(=O)N[C@@H](CO)C(=O)N[C@H](C(=O)[C@@H](CC(C)C)C(=O)N[C@H](C=O)CCC(N)=O)[C@@H](C)O,5.12,1,ChEMBL
CHEMBL5425140,CC(C)c1cccc(-c2nc3cc(O)c(O)c(O)c3c(=O)[nH]2)c1,5.12,1,ChEMBL
CHEMBL5532433,CC(c1nc(-c2cccc(NCc3ccc(C(=O)O)cc3)c2)no1)c1cccc2ccccc12,5.12,1,ChEMBL
CHEMBL5558603,CC(c1nc(-c2cccc(NCc3ccc(C(=O)O)s3)c2)no1)c1cccc2ccccc12,5.12,1,ChEMBL
CHEMBL5564057,Cc1c(Br)cncc1NC[C@@H](N)CC1CCCCC1,5.12,1,ChEMBL
CHEMBL2333031,CCCCCCNC(=O)n1cc(C)c(=O)[nH]c1=O,5.12,1,ChEMBL
MED-COV-4280ac29-13,CC1CN(Cc2cccc(Cl)c2)CCN1C(=O)CCl,5.11,1,Moonshot
CHEMBL5196901,CC(C)=CCc1cc(/C=C2\OC(=O)C(c3cc(CCC(C)(C)O)c(O)cc3O)=C2O)ccc1O,5.11,1,ChEMBL
CHEMBL5188623,CC(C)(C)c1ccc(N(C(=O)c2ccco2)C(C(=O)Nc2ccc(F)cc2)c2cccnc2)cc1,5.11,1,ChEMBL
CHEMBL5433083,O=c1[nH]c(-c2ccc(Cl)cc2)nc2cc(O)c(O)c(O)c12,5.11,1,ChEMBL
CHEMBL5441586,O=C(O)C[C@@H](NC(=O)c1ncnc2[nH]ccc12)c1ccc(NCC2=NO[C@@H]3COC[C@H]23)cc1,5.11,1,ChEMBL
CHEMBL5512576,CC(c1ncc(-c2ccc(-c3ccc(C(=O)O)s3)cc2)o1)c1cccc2ccccc12,5.11,1,ChEMBL
CHEMBL6108906,Cn1cc(CNc2ccc3n(c2=O)C[C@H]2C[C@@H]3CN(Cc3ccccc3)C2)c(=O)n(C)c1=O,5.11,1,ChEMBL
CHEMBL6149815,Oc1ccc(SSC(=S)N2CCC(O)CC2)cc1,5.11,1,ChEMBL
BRU-CON-c4e3408a-1,Cc1ccncc1NC(=O)C1CCOc2ccc(Cl)cc21,5.11,3,Moonshot
MAT-POS-853c0ffa-5,N#CC1(CS(=O)(=O)N2Cc3ccc(Cl)cc3C3(CCN(c4cncc5cccc(Cl)c45)C3=O)C2)CC1,5.11,2,Moonshot
CHEMBL5441702,CC(C)[C@@H](Nc1ncnc2[nH]cc(Cl)c12)c1ccc2c(c1)OCCO2,5.11,1,ChEMBL
MAT-POS-916a2c5a-2,COc1ccccc1OCCNC(=O)c1cc(=O)[nH]c2ccccc12,5.1,1,Moonshot
ALP-POS-88a7a97e-29,COC(CNC(=O)C(c1cccnc1)N(C(=O)c1cocn1)c1ccc(C(C)(C)C)cc1)OC,5.1,1,Moonshot
MAT-POS-bb423b95-1,O=C(Cc1cccc(Cl)c1)Nc1cncc2cnccc12,5.1,1,Moonshot
CHEMBL4863973,O=C(CSc1c[nH]c2ccccc12)NCc1ccc(C(F)(F)F)cc1,5.1,1,ChEMBL
CHEMBL5208536,C[C@@H](NC(=O)c1ccccc1CCC(=O)NNC(=O)CC#N)c1cccc2ccccc12,5.1,1,ChEMBL
CHEMBL5170364,COC(=O)[C@@H]1N2C(=O)[C@@H](NC(=O)COc3ccccc3)[C@H]2S(=O)(=O)C1(C)C,5.1,1,ChEMBL
CHEMBL5418838,O=c1[nH]c(-c2cccc(Br)c2)nc2cc(O)c(O)c(O)c12,5.1,1,ChEMBL
CHEMBL5411566,N#Cc1ccc(NC(=O)c2cc(C=O)n3c2CCCC3)c2cc(O)ccc12,5.1,1,ChEMBL
CHEMBL4874278,Nc1ncnc2c1ncn2[C@@H]1O[C@H](CSCc2cccc(C(=O)O)c2)[C@@H](O)[C@H]1O,5.1,1,ChEMBL
CHEMBL6142179,CCOc1ccc(Cl)cc1C(C)N1CCC(C(=O)NCc2ccnc(OC)c2)CC1,5.1,1,ChEMBL
EDG-MED-ba1ac7b9-12,O=C(CC1(C(=O)Nc2cncc3ccccc23)CCOc2ccc(Cl)cc21)N1CCCC1c1nnn[nH]1,5.1,1,Moonshot
PET-UNK-8df914d1-2,O=C(Cc1cccc(Cl)c1)Nc1cnc2ccccn12,5.1,1,Moonshot
BEN-DND-f2e727cd-4,O=C(Nc1cncc2ccccc12)C1COCc2ccc(Cl)cc21,5.09,2,Moonshot
ALP-POS-c3a96089-1,Cc1ccc(N(Cc2cscn2)C(=O)Cc2cncc3ccccc23)cc1,5.09,1,Moonshot
CHEMBL1992382,NC(=S)N/N=C/c1ccc(-c2cccc([N+](=O)[O-])c2)o1,5.09,1,ChEMBL
CHEMBL5181310,NC(=S)N/N=C/c1ccc(-c2ccc(C(=O)O)cc2F)o1,5.09,1,ChEMBL
CHEMBL5192910,CC(C)(C)c1ccc(N(C(=O)c2ccco2)C(C(=O)NCn2nnc3ccccc32)c2cccnc2)cc1,5.09,1,ChEMBL
ALP-POS-88a7a97e-38,CC(C)(C)OC(=O)CNC(=O)C(c1cccnc1)N(C(=O)c1cocn1)c1ccc(C(C)(C)C)cc1,5.09,1,Moonshot
CHEMBL5441867,Cc1[nH]c2ncnc(NC(=O)[C@@H](CC(F)F)C3CCC3)c2c1C,5.08,1,ChEMBL
MAT-POS-bf364d7a-3,O=C(Nc1cncc2ccccc12)[C@@H]1CN(S(=O)(=O)CC2CS(=O)(=O)C2)Cc2ccc(Cl)cc21,5.08,1,Moonshot
JAN-GHE-5a013bed-2,O=C(Cc1cccc(Cl)c1)Nn1cnc2ccccc21,5.08,1,Moonshot
CHEMBL5209460,CC(=O)OCC1Cc2c(-c3ccc(-c4ccccc4)cn3)cccc2-c2c(O)ccc(-c3ccc(Br)cc3)c21,5.08,1,ChEMBL
CHEMBL5424128,CC(C)(C)c1cccc(-c2nc3cc(O)c(O)c(O)c3c(=O)[nH]2)c1,5.08,1,ChEMBL
CHEMBL5441719,CC(C)[C@@H](Nc1ncnc2[nH]ccc12)c1ccc(F)c(C#N)c1,5.08,1,ChEMBL
CHEMBL5549787,CC(C)(C)C1CC2(C1)NC(=O)N(c1cncc(F)c1)C2=O,5.08,1,ChEMBL
CHEMBL5566011,O=C(c1cc(=O)[nH]c2ccccc12)N1CCC(Nc2ccc(Cl)c(Cl)c2)C1,5.08,1,ChEMBL
CHEMBL5591434,O=C(CCl)N[C@@H](Cc1ccc(O)cc1)C(=O)N[C@@H](Cc1c[nH]c2ccccc12)C(=O)NCc1ccccc1,5.08,1,ChEMBL
CHEMBL5576036,CC(C)C[C@H](NC(=O)[C@H](Cc1c[nH]c2ccccc12)NC(=O)CCl)C(=O)NCc1ccccc1,5.08,1,ChEMBL
CHEMBL5584157,Cc1cccc(C)c1NC(=O)C1c2cccc[n+]2CC(=O)N1C,5.08,1,ChEMBL
CHEMBL6163389,C[C@H](c1cccc2ccccc12)N(C)Cc1cncn1C,5.08,1,ChEMBL
ALP-POS-ced8ea4d-16,O=C(NCCc1cccc(F)c1)C(c1cccnc1)N(C(=O)c1cocn1)c1ccc(Cn2cccn2)cc1,5.08,1,Moonshot
ALP-POS-95f71980-25,CC(C)(C)c1ccc(N(C(=O)c2cnon2)C(C(=O)NCCc2cccc(F)c2)c2cccnc2)cc1,5.08,1,Moonshot
ALP-POS-d0876c20-19,COc1ncncc1C(C(=O)NCCc1cccc(F)c1)N(C(=O)c1cocn1)c1ccc(C(C)(C)C)cc1,5.07,1,Moonshot
MAT-POS-4223bc15-21,O=C(O)CN1Cc2ccc(Cl)cc2C(C(=O)Nc2cncc3ccccc23)C1,5.07,2,Moonshot
JIN-POS-6dc588a4-21,O=C(Cc1cccc(Cl)c1)Nc1c(O)cnc2ccccc12,5.07,1,Moonshot
MAT-POS-f42f3716-1,Cc1ccncc1NC(=O)Cc1cc(Cl)cc(-c2ccc(C3CC3(F)F)cc2)c1,5.07,1,Moonshot
MAT-POS-1f3f1a6f-5,O=C1NC(c2ccc(Cl)c(Cl)c2)C(=O)N1c1cncc2ccccc12,5.07,1,Moonshot
ALP-POS-88a7a97e-31,COCCNC(=O)C(c1cccnc1)N(C(=O)c1cocn1)c1ccc(C(C)(C)C)cc1,5.07,1,Moonshot
MAT-POS-916a2c5a-3,Cc1cc(C)c(C)c(S(=O)(=O)N2CCN(C(=O)c3cc(=O)[nH]c4ccccc34)CC2)c1C,5.07,2,Moonshot
CHEMBL304784,CCCC[C@@H](C=O)NC(=O)[C@H](CC(C)C)NC(=O)[C@H](CC(C)C)NC(C)=O,5.07,1,ChEMBL
CHEMBL5170933,CC(=O)OCC1Cc2c(-c3cc(-c4ccccc4)ccn3)cccc2-c2c(O)ccc(C3CCCCC3)c21,5.07,1,ChEMBL
CHEMBL5205985,O=C(CC1C(=O)NCCN1C(=O)CCl)Nc1cccc(Cl)c1,5.07,1,ChEMBL
CHEMBL5200025,CNC(=O)Cn1c(=O)[nH]/c(=N\c2ccc(OC(F)F)cc2C)n(Cc2cc(F)c(F)c(F)c2)c1=O,5.07,1,ChEMBL
CHEMBL5281399,O=c1cc(Cc2ccc(O)c(O)c2)oc2cccc(O)c12,5.07,1,ChEMBL
CHEMBL5592993,O=C(Nc1ccccc1)C1c2cccc[n+]2CC(=O)N1c1ccc(Br)cc1,5.07,1,ChEMBL
CHEMBL5591320,O=C(Nc1ccc(Cl)cc1)C1c2cccc[n+]2CC(=O)N1c1ccc(Br)cc1,5.07,1,ChEMBL
CHEMBL6147044,Cc1nc(C(=O)N2CCOCC2)c(C(=O)Nc2cc(Cl)ccc2Cl)[nH]1,5.07,1,ChEMBL
MAT-POS-24589f88-4,O=C(Nc1cncc2ccccc12)C1(CNCc2cn(CC3CCCO3)nn2)CCOc2ccc(Cl)cc21,5.07,1,Moonshot
MAT-POS-24589f88-15,O=C1CN(c2ccc(CNCC3(C(=O)Nc4cncc5ccccc45)CCOc4ccc(Cl)cc43)cc2)CCN1,5.07,1,Moonshot
CHEMBL5441981,O=C(O)[C@@H](Nc1ncnc2[nH]ccc12)c1ccc2c(c1)OCCO2,5.07,1,ChEMBL
MAT-POS-c20a539d-1,COc1ccc2c(NC(=O)Cc3cccc(Cl)c3)cncc2c1,5.06,1,Moonshot
JAN-GHE-5a013bed-3,O=C(Cc1cccc(Cl)c1)Nn1cnc2ccccc2c1=O,5.06,1,Moonshot
MAT-POS-e9e99895-5,CC(NC(=O)c1cc2n(n1)CCO2)(C(=O)Nc1cncc2ccccc12)c1ccc(Cl)c(Cl)c1,5.06,1,Moonshot
CHEMBL4857654,COc1ccccc1CNC(=O)CSc1c[nH]c2cccc(Br)c12,5.06,1,ChEMBL
CHEMBL4846173,O=C(CSc1c[nH]c2cc(Br)ccc12)NCc1ccc(Cl)c(Cl)c1,5.06,1,ChEMBL
CHEMBL5180925,NC(=S)N/N=C/c1ccc(-c2ccc(F)nc2)o1,5.06,1,ChEMBL
CHEMBL5271510,CCCc1c(-c2ccc(O)c(O)c2)oc2cc(O)cc(O)c2c1=O,5.06,1,ChEMBL
CHEMBL542118,Cl.NC1CC1c1ccccc1,5.06,1,ChEMBL
CHEMBL5441958,Cc1cn[nH]c1-c1cc2c(N[C@@H](c3ccc4c(c3)OCCO4)C(C)C)ncnc2[nH]1,5.06,1,ChEMBL
CHEMBL5593882,Cc1cc(C)cc(N2C(=O)C[n+]3ccccc3C2C(=O)Nc2ccc(Cl)cc2)c1,5.06,1,ChEMBL
BEN-DND-7e92b6ca-10,O=C(c1cc(=O)[nH]c2ccccc12)N1CCN(Cc2ccccc2)CC1,5.06,2,Moonshot
ALP-POS-88a7a97e-3,COCCCNC(=O)C(c1cccnc1)N(C(=O)c1cocn1)c1ccc(C(C)(C)C)cc1,5.06,1,Moonshot
BEN-DND-76ad4ac9-9,O=C(CCl)N1CCCN(S(=O)(=O)Cc2ccccc2)CC1,5.05,2,Moonshot
CHEMBL4850314,CN(C)CCOc1ccc(CNC(=O)CSc2cn(C)c3ccccc23)cc1,5.05,1,ChEMBL
CHEMBL5205128,CC(=O)OCC1Cc2c(-c3ccc(C=O)cn3)cccc2-c2c(O)ccc(-c3ccc(Br)cc3)c21,5.05,1,ChEMBL
CHEMBL5194556,Cc1cc(COC(=O)[C@@H]2N3C(=O)[C@@H](NC(=O)COc4ccccc4)[C@H]3S(=O)(=O)C2(C)C)on1,5.05,1,ChEMBL
CHEMBL5441937,O=C(O)C[C@@H](NC(=O)c1ccc(NC(=O)NC2CC2)cc1)c1cccc(O)c1,5.05,1,ChEMBL
CHEMBL5441664,Cc1occc1-c1cc2c(N[C@@H](c3ccc4c(c3)OCCO4)C(C)C)ncnc2[nH]1,5.05,1,ChEMBL
CHEMBL5505833,Cc1ccc(-c2noc(C(c3ccccc3)c3ccccc3)n2)cc1NCc1ccc(C(=O)O)s1,5.05,1,ChEMBL
CHEMBL5591923,CN1C(=O)C[n+]2ccccc2C1C(=O)Nc1ccccc1,5.05,1,ChEMBL
CHEMBL1308276,Oc1nc(/C=C/c2ccc(Cl)cc2Cl)cc(C(F)(F)F)n1,5.05,1,ChEMBL
CHEMBL6150186,C[C@H](c1cccc2ccccc12)N(C)Cc1ccc(O)c(O)c1,5.05,1,ChEMBL
MAT-POS-f42f3716-5,Cc1ccncc1NC(=O)Cc1cc(Cl)cc(-c2ccc(C3(C)CCO3)cc2)c1,5.05,1,Moonshot
PET-UNK-6314f867-2,N#Cc1ccc2c(NC(=O)Cc3cccc(Cl)c3)cncc2c1,5.05,2,Moonshot
EDJ-MED-b24713dc-3,Cc1ccc2ncc(NC(=O)Cc3cccc(Cl)c3)n2c1,5.05,1,Moonshot
CHEMBL5441984,Cc1ccc([C@@H](Nc2ncnc3[nH]ccc23)C(C)C)cc1S(C)(=O)=O,5.04,1,ChEMBL
KAD-UNI-80f122c8-1,NC(=O)C12COC(CNC(=O)CC3(C(=O)Nc4cncc5ccccc45)CCOc4ccc(Cl)cc43)(C1)C2,5.04,1,Moonshot
CHEMBL4855167,CN(C)CCOc1ccc(CNC(=O)CSc2c[nH]c3ccccc23)cc1,5.04,1,ChEMBL
CHEMBL5203288,NC(=S)N/N=C/c1ccc(-c2ccc(O)c(C(=O)O)c2)o1,5.04,1,ChEMBL
CHEMBL5187246,CC(=O)OCC1Cc2c(-c3ccccn3)cccc2-c2c(O)ccc(C3CCCCC3)c21,5.04,1,ChEMBL
CHEMBL5187062,CC1(C)[C@H](C(=O)OCc2cccc(F)c2)N2C(=O)[C@@H](NC(=O)COc3ccccc3)[C@H]2S1(=O)=O,5.04,1,ChEMBL
CHEMBL376902,O=C1NN(c2ccc(Cl)c(Cl)c2)C(=O)/C1=C\c1ccc(-c2ccc(Br)cc2C(=O)O)o1,5.04,1,ChEMBL
CHEMBL5413108,CC1(C)CC(=O)C2=C(C1)Nc1cc([N+](=O)[O-])ccc1N(C(=O)CCl)C2C1CCCC1,5.04,1,ChEMBL
CHEMBL5419891,CC1CC(=O)C2=C(C1)Nc1cc([N+](=O)[O-])ccc1N(C(=O)CCl)C2C1CC1,5.04,1,ChEMBL
CHEMBL5441412,CC(C)[C@H](Nc1ncnc2[nH]c(-c3cnn(C)c3)cc12)c1ccc2c(c1)S(=O)(=O)CCC2,5.04,1,ChEMBL
CHEMBL6168449,C[C@H](c1cccc2ccccc12)N(C)Cc1ccc(N(C)CCO)cc1,5.04,1,ChEMBL
CHEMBL6143184,O=C(Nc1cccc(I)c1)c1ccc(COc2ccc(Nc3ncnc4ccccc34)cc2Cl)cc1,5.04,1,ChEMBL
CHEMBL6189094,COc1cc(/C=N/NC(=O)c2ccc(CSc3cccc4cccnc34)cc2)ccc1O,5.04,1,ChEMBL
EDJ-MED-cf4b0d25-4,CC(=O)NC(C(=O)Nc1cncc2ccccc12)c1cccc(Cl)c1,5.04,1,Moonshot
ALP-POS-5bb456a5-3,Cn1nnnc1C1=CCN(C(=O)CC2(C(=O)Nc3cncc4ccccc34)CCOc3ccc(Cl)cc32)CC1,5.04,1,Moonshot
ERI-UCB-d6de1f3c-2,O=C(c1cncc2ccccc12)N1CCN(c2cccc(Cl)c2)C(=O)C1,5.04,1,Moonshot
CHEMBL5441511,CC(C)[C@@H](Nc1ncnc2[nH]c3cc(F)ccc3c12)c1ccc2c(c1)OCCO2,5.04,1,ChEMBL
NIR-THE-c331be7a-1,Nc1cccc(C2CN(C(=O)CCl)Cc3ccccc32)c1,5.03,1,Moonshot
EDG-MED-ba1ac7b9-22,NC(=O)C1Cc2[nH]cnc2CN1C(=O)CC1(C(=O)Nc2cncc3ccccc23)CCOc2ccc(Cl)cc21,5.03,1,Moonshot
CHEMBL5186663,CC(C)(O)C1Cc2cc(/C=C3\OC(=O)C(c4cc5c(cc4O)OC(C)(C)C(O)C5)=C3O)ccc2O1,5.03,1,ChEMBL
CHEMBL5441653,Cc1nnn(C)c1-c1cc2c(N[C@@H](c3ccc4c(c3)OCCO4)C(C)C)ncnc2[nH]1,5.03,1,ChEMBL
CHEMBL2426535,C[C@H](c1cccc2ccccc12)N(C)Cc1cccnc1,5.03,1,ChEMBL
CHEMBL6165941,C=CC(=O)O[C@H](C(=O)NCc1cccc(OC)c1OC)c1ccc([N+](=O)[O-])cc1,5.03,1,ChEMBL
MAT-POS-e9e99895-11,COCC(=O)NC(C)(C(=O)Nc1cncc2ccccc12)c1ccc(Cl)c(Cl)c1,5.03,1,Moonshot
EDJ-MED-ee07cf00-16,O=C(Cn1cc(Cl)c(=O)[nH]c1=O)NC(C(=O)Nc1cncc2ccccc12)c1cccc(Cl)c1,5.03,1,Moonshot
UNK-CYC-68f84b31-67,CC(C(=O)OC1CCCN(Cc2cccc(C(F)(F)F)c2)C1=O)n1cnc(C#N)n1,5.03,1,Moonshot
PET-UNK-c9c1e0d8-2,C#Cc1cccc(CC(=O)Nc2cncc3ccccc23)c1,5.03,1,Moonshot
ALP-POS-42f3de95-3,CC(C)(C)c1ccc(N(C(=O)c2cocn2)C(C(=O)N2CCC(c3cccc(F)c3)CC2)c2cccnc2)cc1,5.02,1,Moonshot
MAT-POS-a3f7f96a-8,O=C1COc2ncc(CNCC3(C(=O)Nc4cncc5ccccc45)CCOc4ccc(Cl)cc43)cc2N1,5.02,1,Moonshot
ALP-POS-88a7a97e-32,CCOC(=O)CNC(=O)C(c1cccnc1)N(C(=O)c1cocn1)c1ccc(C(C)(C)C)cc1,5.02,1,Moonshot
CHEMBL5171569,Nc1ncnc2c1ncn2[C@@H]1O[C@H](CNCc2ccc3ccccc3c2)[C@@H](O)[C@H]1O,5.02,1,ChEMBL
CHEMBL5409154,CC1(C)CC(=O)C2=C(C1)Nc1cc([N+](=O)[O-])ccc1N(C(=O)CCl)C2C1CCC1,5.02,1,ChEMBL
CHEMBL5398813,CC1(C)CC(=O)C2=C(C1)Nc1cc([N+](=O)[O-])ccc1N(C(=O)CCl)C2c1ccc(F)cc1F,5.02,1,ChEMBL
CHEMBL5396073,O=C(NS(=O)(=O)c1cccs1)[C@@H]1CN(C(=O)c2cccnc2)CCN1c1ccc(Cl)c(Cl)c1,5.02,1,ChEMBL
CHEMBL5542826,O=C(C1CN(c2ccc(Cl)c(Cl)c2)CCN1C(=O)c1cc(=O)[nH]c2ccccc12)N1CCOCC1,5.02,1,ChEMBL
CHEMBL1078442,CC(C)=CCC/C(C)=C/COc1c2ccoc2cc2oc(=O)ccc12,5.02,1,ChEMBL
CHEMBL5593227,O=C(Nc1ccc(Cl)cc1)C1c2cccc[n+]2CC(=O)N1c1ccc(Cl)cc1,5.02,1,ChEMBL
CHEMBL5629893,CN1C[C@@H](c2ccccc2)[C@@]2(CN(P(=O)(CO)CO)C/C(=C\c3ccccc3)C2=O)[C@@]12C(=O)Nc1ccc(Cl)cc12,5.02,1,ChEMBL
MAT-POS-61f37a1a-8,Cc1nn(C)c(N2CCOCC2)c1CNCC1(C(=O)Nc2cncc3ccccc23)CCOc2ccc(Cl)cc21,5.02,1,Moonshot
CHEMBL4851261,COc1ccccc1CNC(=O)CSc1cn(C)c2ccccc12,5.01,1,ChEMBL
CHEMBL4874978,O=C(CSc1c[nH]c2ccc(Br)cc12)NCc1ccc(Cl)c(Cl)c1,5.01,1,ChEMBL
CHEMBL1994837,NC(=S)N/N=C/c1ccc(-c2ccc([N+](=O)[O-])cc2)o1,5.01,1,ChEMBL
CHEMBL5208389,CC(=O)OCC1Cc2c(-c3cc(C)ccn3)cccc2-c2c(O)ccc(-c3ccc(Br)cc3)c21,5.01,1,ChEMBL
CHEMBL5193299,CC1(C)[C@H](C(=O)OCC#N)N2C(=O)[C@@H](NC(=O)COc3ccccc3)[C@H]2S1(=O)=O,5.01,1,ChEMBL
CHEMBL2380760,NS(=O)(=O)c1cccc2c1C(=O)c1cccc(O)c1C2=O,5.01,1,ChEMBL
CHEMBL5433628,O=c1[nH]c(-c2ccc(Br)cc2)nc2cc(O)c(O)c(O)c12,5.01,1,ChEMBL
CHEMBL5591214,Cc1ccc(NC2CNC2)cc1C(=O)N[C@H](C)c1cccc(-c2cccn2C)c1,5.01,1,ChEMBL
CHEMBL2333065,CCCCCCNC(=O)n1ccc(=O)[nH]c1=O,5.01,1,ChEMBL
CHEMBL1401,CC(=O)Oc1ccccc1C(=O)Nc1ncc([N+](=O)[O-])s1,5.01,1,ChEMBL
ALP-POS-64a710fa-1,O=C(Cc1cncc2ccccc12)N(CCC1CCCCC1)Cc1cccs1,5.01,1,Moonshot
CHEMBL5441695,O=C(O)C[C@@H](NC(=O)c1ccnc2cn[nH]c12)c1ccc(Br)cc1,5.0,1,ChEMBL
CHEMBL5442076,Cc1cc(-c2cc3c(N[C@@H](c4ccc5c(c4)OCCO5)C(C)C)ncnc3[nH]2)c[nH]1,5.0,1,ChEMBL
CHEMBL5441891,CC(C)[C@@H](Nc1ncnc2[nH]ccc12)c1ccc2c(c1)S(=O)(=O)N(C)CC2,5.0,1,ChEMBL
ALP-POS-88a7a97e-44,CC(C)(C)c1ccc(N(C(=O)c2cocn2)C(C(=O)NCC(=O)OCc2ccccc2)c2cccnc2)cc1,5.0,1,Moonshot
ALP-UNI-8e43a71e-8,O=C(CC1(C(=O)Nc2cncc3ccccc23)CCOc2ccc(Cl)cc21)N1CCN(CCCO)CC1,5.0,1,Moonshot
CHEMBL2402501,CC(C)C[C@H](NC(=O)OCc1ccccc1)C(=O)N[C@@H](C[C@@H]1CCNC1=O)C(=O)c1nc2ccccc2s1,5.0,1,ChEMBL
CHEMBL4852238,COc1ccccc1CNC(=O)CSc1c[nH]c2cc(Br)ccc12,5.0,1,ChEMBL
CHEMBL5170174,Cc1ccc(N(C)C)cc1C(=O)N[C@H](C)c1cccc2ccccc12,5.0,1,ChEMBL
CHEMBL5187526,Cc1cc(NS(C)(=O)=O)ccc1C(=O)N[C@H](C)c1cccc2ccccc12,5.0,1,ChEMBL
CHEMBL5205883,N=C(N)Nc1ccc2c(c1)B(O)OC2,5.0,1,ChEMBL
CHEMBL5172346,CC(=O)N[C@@H](CCc1nc2ccccc2s1)C(=O)N[C@@H](CN)C(=O)NCC(=O)NC/C=C/C(=O)O,5.0,1,ChEMBL
CHEMBL5176411,CC(=O)N[C@@H](CCc1ccc(O)cc1)C(=O)N[C@@H](CN)C(=O)NCC(=O)NC/C=C/C(=O)O,5.0,1,ChEMBL
CHEMBL5171994,NC(=S)N/N=C/c1ccc(-c2cc(C(=O)O)ccc2Cl)o1,5.0,1,ChEMBL
CHEMBL5170370,CCNc1ccnc(-c2cccc3c2CC(COC(C)=O)c2c(-c4ccc(Br)cc4)ccc(O)c2-3)c1,5.0,1,ChEMBL
CHEMBL5184035,CC1(C)[C@H](C(=O)OCc2ccccc2)N2C(=O)[C@H](Br)[C@H]2S1(=O)=O,5.0,1,ChEMBL
CHEMBL282042,CC(C)(C)NC(=O)[C@@H]1C[C@@H]2CCCC[C@@H]2CN1C[C@@H](O)[C@H](Cc1ccccc1)NC(=O)[C@H](CC(N)=O)NC(=O)c1ccc2ccccc2n1.CS(=O)(=O)O,5.0,1,ChEMBL
CHEMBL5405138,N#Cc1ccccc1-c1cc(-c2cccc(Cl)c2)c(=O)n(-c2cccnc2)c1,5.0,1,ChEMBL
CHEMBL5441591,COC(=O)c1coc(-c2cc3c(N[C@@H](c4ccc5c(c4)OCCO5)C(C)C)ncnc3[nH]2)c1,5.0,1,ChEMBL
CHEMBL5564714,N#Cc1ccccc1-c1cc(-c2cccc(Cl)c2)cn(-c2cccnc2)c1=O,5.0,1,ChEMBL
CHEMBL5561540,O=C(N[C@@H]1CCC[C@@H]1Nc1ccc(Cl)c(Cl)c1)c1cc(=O)[nH]c2ccccc12,5.0,1,ChEMBL
CHEMBL5570866,C[C@@H](NC(=O)c1cccc(OCCN)c1)c1cccc(-c2cccs2)c1,5.0,1,ChEMBL
CHEMBL269277,C=C(C)[C@@H]1CC[C@]2(C(=O)O)CC[C@]3(C)[C@H](CC[C@@H]4[C@@]5(C)CC[C@H](O)C(C)(C)[C@@H]5CC[C@]43C)[C@@H]12,5.0,1,ChEMBL
CHEMBL6092232,CN1CC(C)(C)[C@H](NC(=O)OCc2ccccc2)C(=O)N2C[C@H]3[C@@H]([C@H]2C(=O)N[C@H](C#N)C[C@@H]2C[C@H](NC2=O)C1=O)C3(C)C,5.0,1,ChEMBL
CHEMBL6102410,CN1CC(C)(C)[C@H](NC(=O)C(F)(F)F)C(=O)N2C[C@H]3[C@@H]([C@H]2C(=O)N[C@H](C#N)C[C@@H]2C[C@H](NC2=O)C1=O)C3(C)C,5.0,1,ChEMBL
CHEMBL6149207,CC(C)C[C@@H]1NC(=O)[C@H](Cc2ccccc2)NC(=O)[C@@H]2CCCN2C(=O)[C@H]([C@@H](C)O)NC(=O)[C@H]([C@@H](C)O)NC(=O)[C@H]([C@@H](C)O)NC(=O)[C@H](Cc2c[nH]cn2)NC(=O)[C@H](Cc2ccccc2)NC(=O)[C@H]([C@@H](C)O)NC(=O)[C@H](C)NC(=O)[C@@H](Cc2ccc(O)cc2)NC(=O)CSC[C@@H](C(=O)NCC(N)=O)NC(=O)[C@@H]2CCCN2C(=O)[C@@H]2CCCN2C1=O,5.0,1,ChEMBL
CHEMBL6146599,CC(C)C[C@@H]1NC(=O)[C@H](Cc2ccccc2)NC(=O)[C@@H]2CCCN2C(=O)[C@H]([C@@H](C)O)NC(=O)[C@H]([C@@H](C)O)NC(=O)[C@H]([C@@H](C)O)NC(=O)[C@H](Cc2c[nH]cn2)NC(=O)[C@H](C)NC(=O)[C@H]([C@@H](C)O)NC(=O)[C@H](C(C)C)NC(=O)[C@@H](Cc2ccc(O)cc2)NC(=O)CSC[C@@H](C(=O)NCC(N)=O)NC(=O)[C@@H]2CCCN2C(=O)[C@@H]2CCCN2C1=O,5.0,1,ChEMBL
CHEMBL6142315,CC(C)C[C@@H]1NC(=O)[C@H](Cc2ccccc2)NC(=O)[C@@H]2CCCN2C(=O)[C@H]([C@@H](C)O)NC(=O)[C@H]([C@@H](C)O)NC(=O)[C@H]([C@@H](C)O)NC(=O)[C@H](C)NC(=O)[C@H](Cc2ccccc2)NC(=O)[C@H]([C@@H](C)O)NC(=O)[C@H](C(C)C)NC(=O)[C@@H](Cc2ccc(O)cc2)NC(=O)CSC[C@@H](C(=O)NCC(N)=O)NC(=O)[C@@H]2CCCN2C(=O)[C@@H]2CCCN2C1=O,5.0,1,ChEMBL
CHEMBL6162023,C[C@H](c1cccc2ccccc12)N(C)Cc1cnn(C)c1,5.0,1,ChEMBL
CHEMBL6120759,CCn1ccc(-c2cc(-c3cnn(C)c3)cc([C@@H](C)NC(=O)c3ccccc3CCC(=O)NCCC#N)c2)n1,5.0,1,ChEMBL
CHEMBL6173867,CC(C)C[C@H](NC(=O)/C=C/c1ccccc1)C(=O)N[C@H](C=O)Cc1ccccc1,5.0,1,ChEMBL
CHEMBL6161034,COC(=O)[C@H](Cc1ccccc1)NC(=O)[C@H](CC(C)C)NC(=O)/C=C/c1ccccc1,5.0,1,ChEMBL
CHEMBL6172616,C#CCCCCOc1ccc(/C=C/C(=O)N[C@@H](CC(C)C)C(=O)N[C@@H](Cc2ccccc2)C(=O)OC)cc1,5.0,1,ChEMBL
CHEMBL6147830,CC(C)C[C@H](NC(=O)/C=C/c1ccccc1F)C(=O)N[C@H](C=O)Cc1ccccc1,5.0,1,ChEMBL
CHEMBL6169413,CC(C)C[C@H](NC(=O)/C=C/c1cccc(F)c1)C(=O)N[C@H](C=O)Cc1ccccc1,5.0,1,ChEMBL
CHEMBL6159876,CC(C)C[C@H](NC(=O)/C=C/c1ccc(F)cc1)C(=O)N[C@H](C=O)Cc1ccccc1,5.0,1,ChEMBL
CHEMBL6167093,CC(C)C[C@H](NC(=O)/C=C/c1ccccc1Cl)C(=O)N[C@H](C=O)Cc1ccccc1,5.0,1,ChEMBL
CHEMBL6147369,CC(C)C[C@H](NC(=O)/C=C/c1cccc(Cl)c1)C(=O)N[C@H](C=O)Cc1ccccc1,5.0,1,ChEMBL
CHEMBL6164929,CC(C)C[C@H](NC(=O)/C=C/c1ccc(Cl)cc1)C(=O)N[C@H](C=O)Cc1ccccc1,5.0,1,ChEMBL
CHEMBL6144154,CC(C)C[C@H](NC(=O)/C=C/c1ccc(Br)cc1)C(=O)N[C@H](C=O)Cc1ccccc1,5.0,1,ChEMBL
CHEMBL6170675,CC(C)C[C@H](NC(=O)/C=C/c1ccc(C(F)(F)F)cc1)C(=O)N[C@H](C=O)Cc1ccccc1,5.0,1,ChEMBL
CHEMBL6151975,COc1ccc(/C=C/C(=O)N[C@@H](CC(C)C)C(=O)N[C@H](C=O)Cc2ccccc2)cc1,5.0,1,ChEMBL
CHEMBL6172426,CC(C)C[C@H](NC(=O)CCc1ccccc1)C(=O)N[C@H](C=O)Cc1ccccc1,5.0,1,ChEMBL
CHEMBL341014,CC(C)C[C@H](NC(=O)OCc1ccccc1)C(=O)N[C@H](C=O)Cc1ccccc1,5.0,1,ChEMBL
CHEMBL6151402,CC(C)C[C@H](NC(=O)Cc1ccccc1)C(=O)N[C@H](C=O)Cc1ccccc1,5.0,1,ChEMBL
CHEMBL6146036,CC(C)C[C@H](NC(=O)c1ccccc1)C(=O)N[C@H](C=O)Cc1ccccc1,5.0,1,ChEMBL
CHEMBL6166728,CC(C)C[C@H](NC(=O)c1ccccc1F)C(=O)N[C@H](C=O)Cc1ccccc1,5.0,1,ChEMBL
CHEMBL6169469,CC(C)C[C@H](NC(=O)c1cccc(F)c1)C(=O)N[C@H](C=O)Cc1ccccc1,5.0,1,ChEMBL
CHEMBL6176753,CC(C)C[C@H](NC(=O)c1ccc(F)cc1)C(=O)N[C@H](C=O)Cc1ccccc1,5.0,1,ChEMBL
CHEMBL6170280,CC(C)C[C@H](NC(=O)c1ccc(Cl)cc1)C(=O)N[C@H](C=O)Cc1ccccc1,5.0,1,ChEMBL
CHEMBL6173162,CC(C)C[C@H](NC(=O)c1ccc(Br)cc1)C(=O)N[C@H](C=O)Cc1ccccc1,5.0,1,ChEMBL
CHEMBL6170262,CC(C)C[C@H](NC(=O)c1ccc([N+](=O)[O-])cc1)C(=O)N[C@H](C=O)Cc1ccccc1,5.0,1,ChEMBL
CHEMBL6164908,COc1ccc(C(=O)N[C@@H](CC(C)C)C(=O)N[C@H](C=O)Cc2ccccc2)cc1,5.0,1,ChEMBL
CHEMBL6160497,C=Cc1ccc(C(=O)N[C@@H](CC(C)C)C(=O)N[C@H](C=O)Cc2ccccc2)cc1,5.0,1,ChEMBL
CHEMBL6173253,CC(C)C[C@H](NC(=O)c1ccc(-c2ccccc2)cc1)C(=O)N[C@H](C=O)Cc1ccccc1,5.0,1,ChEMBL
CHEMBL6173578,CC(C)C[C@H](NC(=O)c1ccc[nH]1)C(=O)N[C@H](C=O)Cc1ccccc1,5.0,1,ChEMBL
CHEMBL6175542,CC(C)C[C@H](NC(=O)c1cc[nH]c1)C(=O)N[C@H](C=O)Cc1ccccc1,5.0,1,ChEMBL
CHEMBL6174802,CC(C)C[C@H](NC(=O)c1ccco1)C(=O)N[C@H](C=O)Cc1ccccc1,5.0,1,ChEMBL
CHEMBL6149405,CC(C)C[C@H](NC(=O)c1ccoc1)C(=O)N[C@H](C=O)Cc1ccccc1,5.0,1,ChEMBL
CHEMBL6150060,CC(C)C[C@H](NC(=O)c1ccsc1)C(=O)N[C@H](C=O)Cc1ccccc1,5.0,1,ChEMBL
CHEMBL6168367,CC(C)C[C@H](NC(=O)c1ccccn1)C(=O)N[C@H](C=O)Cc1ccccc1,5.0,1,ChEMBL
CHEMBL6169439,CC(C)C[C@H](NC(=O)c1cccnc1)C(=O)N[C@H](C=O)Cc1ccccc1,5.0,1,ChEMBL
CHEMBL6170924,CC(C)C[C@H](NC(=O)c1ccncc1)C(=O)N[C@H](C=O)Cc1ccccc1,5.0,1,ChEMBL
CHEMBL6175331,CC(C)C[C@H](NC(=O)c1cccc2ccccc12)C(=O)N[C@H](C=O)Cc1ccccc1,5.0,1,ChEMBL
CHEMBL6176876,CC(C)C[C@H](NC(=O)c1ccc2ccccc2c1)C(=O)N[C@H](C=O)Cc1ccccc1,5.0,1,ChEMBL
CHEMBL6167372,CC(C)C[C@H](NC(=O)Cc1c[nH]c2ccccc12)C(=O)N[C@H](C=O)Cc1ccccc1,5.0,1,ChEMBL
CHEMBL6169046,CC(C)C[C@H](NC(=O)c1cc2ccccc2[nH]1)C(=O)N[C@H](C=O)Cc1ccccc1,5.0,1,ChEMBL
CHEMBL6177435,CC(C)C[C@H](NC(=O)c1ccc2[nH]ccc2c1)C(=O)N[C@H](C=O)Cc1ccccc1,5.0,1,ChEMBL
CHEMBL6162564,CC(C)C[C@H](NC(=O)C1CCCCC1)C(=O)N[C@H](C=O)Cc1ccccc1,5.0,1,ChEMBL
CHEMBL6174827,CC(C)C[C@H](NC(=O)C1CCOCC1)C(=O)N[C@H](C=O)Cc1ccccc1,5.0,1,ChEMBL
CHEMBL6150370,CC(C)C[C@H](NC(=O)C1CCC(F)(F)CC1)C(=O)N[C@H](C=O)Cc1ccccc1,5.0,1,ChEMBL
CHEMBL6149908,CC(C)C[C@H](NC(=O)OC(C)(C)C)C(=O)N[C@H](C=O)Cc1ccccc1,5.0,1,ChEMBL
CHEMBL6167970,CCCC(=O)N[C@@H](CC(C)C)C(=O)N[C@H](C=O)Cc1ccccc1,5.0,1,ChEMBL
CHEMBL6145787,CCCCCC(=O)N[C@@H](CC(C)C)C(=O)N[C@H](C=O)Cc1ccccc1,5.0,1,ChEMBL
CHEMBL6172107,CC(C)C[C@@H](NC(=O)/C=C/c1ccccc1)C(=O)N[C@H](C=O)Cc1ccccc1,5.0,1,ChEMBL
CHEMBL6168822,C[C@H](NC(=O)/C=C/c1ccccc1)C(=O)N[C@H](C=O)Cc1ccccc1,5.0,1,ChEMBL
CHEMBL6167648,CC(C)[C@H](NC(=O)/C=C/c1ccccc1)C(=O)N[C@H](C=O)Cc1ccccc1,5.0,1,ChEMBL
CHEMBL6168660,CCC[C@H](NC(=O)/C=C/c1ccccc1)C(=O)N[C@H](C=O)Cc1ccccc1,5.0,1,ChEMBL
CHEMBL6162187,CCCC[C@H](NC(=O)/C=C/c1ccccc1)C(=O)N[C@H](C=O)Cc1ccccc1,5.0,1,ChEMBL
CHEMBL6173274,CC[C@H](C)[C@H](NC(=O)/C=C/c1ccccc1)C(=O)N[C@H](C=O)Cc1ccccc1,5.0,1,ChEMBL
CHEMBL6175953,CC(C)(C)[C@H](NC(=O)/C=C/c1ccccc1)C(=O)N[C@H](C=O)Cc1ccccc1,5.0,1,ChEMBL
CHEMBL6144396,O=C[C@H](Cc1ccccc1)NC(=O)[C@H](CC1CCCCC1)NC(=O)/C=C/c1ccccc1,5.0,1,ChEMBL
CHEMBL5270053,O=C[C@H](Cc1ccccc1)NC(=O)[C@H](Cc1ccccc1)NC(=O)/C=C/c1ccccc1,5.0,1,ChEMBL
CHEMBL6168815,O=C[C@H](Cc1ccccc1)NC(=O)[C@H](Cc1ccccc1F)NC(=O)/C=C/c1ccccc1,5.0,1,ChEMBL
CHEMBL6163841,O=C[C@H](Cc1ccccc1)NC(=O)[C@H](Cc1cccc(F)c1)NC(=O)/C=C/c1ccccc1,5.0,1,ChEMBL
CHEMBL6172532,O=C[C@H](Cc1ccccc1)NC(=O)[C@H](Cc1ccc(F)cc1)NC(=O)/C=C/c1ccccc1,5.0,1,ChEMBL
CHEMBL6175781,O=C[C@H](Cc1ccccc1)NC(=O)[C@H](Cc1ccc(Cl)cc1)NC(=O)/C=C/c1ccccc1,5.0,1,ChEMBL
CHEMBL6171797,O=C[C@H](Cc1ccccc1)NC(=O)[C@H](Cc1ccc(Br)cc1)NC(=O)/C=C/c1ccccc1,5.0,1,ChEMBL
CHEMBL6168364,CC(C)C[C@H](NC(=O)/C=C/c1ccccc1)C(=O)N[C@@H](C=O)Cc1ccccc1,5.0,1,ChEMBL
CHEMBL6148129,CC(C)C[C@H](NC(=O)/C=C/c1ccccc1)C(=O)N[C@H](C=O)Cc1ccccc1F,5.0,1,ChEMBL
CHEMBL6165629,CC(C)C[C@H](NC(=O)/C=C/c1ccccc1)C(=O)N[C@H](C=O)Cc1cccc(F)c1,5.0,1,ChEMBL
CHEMBL6174406,CC(C)C[C@H](NC(=O)/C=C/c1ccccc1)C(=O)N[C@H](C=O)Cc1ccc(F)cc1,5.0,1,ChEMBL
CHEMBL6174559,CC(C)C[C@H](NC(=O)/C=C/c1ccccc1)C(=O)N[C@H](C=O)Cc1ccccc1Cl,5.0,1,ChEMBL
CHEMBL6165521,CC(C)C[C@H](NC(=O)/C=C/c1ccccc1)C(=O)N[C@H](C=O)Cc1ccccc1Br,5.0,1,ChEMBL
CHEMBL6165478,CC(C)C[C@H](NC(=O)/C=C/c1ccccc1)C(=O)N[C@H](C=O)Cc1ccc([N+](=O)[O-])cc1,5.0,1,ChEMBL
CHEMBL6150783,COc1ccc(C[C@@H](C=O)NC(=O)[C@H](CC(C)C)NC(=O)/C=C/c2ccccc2)cc1,5.0,1,ChEMBL
CHEMBL6171633,CC(C)C[C@H](NC(=O)/C=C/c1ccccc1)C(=O)N[C@H](C=O)Cc1ccc(C(F)(F)F)cc1,5.0,1,ChEMBL
CHEMBL6151194,CC(C)C[C@H](NC(=O)/C=C/c1ccccc1)C(=O)N[C@H](C=O)CCc1ccccc1,5.0,1,ChEMBL
CHEMBL6163961,CC(C)C[C@H](NC(=O)/C=C/c1ccccc1)C(=O)N[C@H](C=O)CC1CCCCC1,5.0,1,ChEMBL
CHEMBL6166665,CC(C)C[C@H](NC(=O)/C=C/c1ccccc1)C(=O)N[C@H](C=O)C(C)C,5.0,1,ChEMBL
CHEMBL6174799,CSCC[C@@H](C=O)NC(=O)[C@H](CC(C)C)NC(=O)/C=C/c1ccccc1,5.0,1,ChEMBL
CHEMBL6167168,CC(C)C[C@H](NC(=O)/C=C/c1ccccc1)C(=O)N[C@@H](Cc1ccccc1)C(N)=O,5.0,1,ChEMBL
CHEMBL6170875,COC(=O)/C=C/[C@H](Cc1ccccc1)NC(=O)[C@H](CC(C)C)NC(=O)/C=C/c1ccccc1,5.0,1,ChEMBL
CHEMBL6162928,CCC(=O)[C@H](Cc1ccccc1)NC(=O)[C@H](CC(C)C)NC(=O)/C=C/c1ccccc1,5.0,1,ChEMBL
CHEMBL6173052,C=CC(=O)[C@H](Cc1ccccc1)NC(=O)[C@H](CC(C)C)NC(=O)/C=C/c1ccccc1,5.0,1,ChEMBL
CHEMBL6168897,CC(C)C[C@H](NC(=O)/C=C/c1ccccc1)C(=O)N[C@@H](Cc1ccccc1)C(=O)CCl,5.0,1,ChEMBL
CHEMBL6191568,O=C(N/N=C/c1ccc(Br)o1)c1ccc(CSc2cccc3cccnc23)cc1,5.0,1,ChEMBL
CHEMBL6191333,O=C(N/N=C/c1ncccn1)c1ccc(CSc2cccc3cccnc23)cc1,5.0,1,ChEMBL
CHEMBL6192423,O=C(N/N=C/c1cc2ccncc2[nH]1)c1ccc(CSc2cccc3cccnc23)cc1,5.0,1,ChEMBL
CHEMBL6190094,C/C(=N\NC(=O)c1ccc(CSc2cccc3cccnc23)cc1)c1ccc(F)nc1,5.0,1,ChEMBL
CHEMBL6189696,O=C(N/N=C/c1cc([N+](=O)[O-])ccc1Cl)c1ccc(CSc2cccc3ccccc23)cc1,5.0,1,ChEMBL
CHEMBL6188594,O=C(N/N=C/c1cc([N+](=O)[O-])ccc1Cl)c1ccc(COc2cccc3ccccc23)cc1,5.0,1,ChEMBL
CHEMBL6188979,O=C(N/N=C/c1cc([N+](=O)[O-])ccc1Cl)c1ccc(CNc2cccc3ccccc23)cc1,5.0,1,ChEMBL
CHEMBL6189781,O=C(N/N=C/c1cc([N+](=O)[O-])ccc1Cl)c1ccc(CSc2ccccc2Br)cc1,5.0,1,ChEMBL
CHEMBL6189131,CSc1nnc(SCc2ccc(C(=O)N/N=C/c3cc([N+](=O)[O-])ccc3Cl)cc2)s1,5.0,1,ChEMBL
EDG-MED-ba1ac7b9-20,O=C(CC1(C(=O)Nc2cncc3ccccc23)CCOc2ccc(Cl)cc21)N1CCOCC1CC(F)F,4.99,1,Moonshot
CHEMBL5189793,CC(C)=CCc1cc(/C=C2\OC(=O)C(c3cc4c(cc3O)OC(C)(C)CC4)=C2O)ccc1O,4.99,1,ChEMBL
CHEMBL5180049,NC(=S)N/N=C/c1ccc(-c2cnc3ccccc3c2)o1,4.99,1,ChEMBL
CHEMBL5177686,CC(=O)OCC1Cc2c(-c3cc(C#N)ccn3)cccc2-c2c(O)ccc(-c3ccc(Br)cc3)c21,4.99,1,ChEMBL
CHEMBL5171088,Cc1ccc(-c2cccc3c2CC(CO)c2c(-c4ccc(Br)cc4)ccc(O)c2-3)nc1,4.99,1,ChEMBL
CHEMBL5202168,CC1(C)[C@H](C(=O)OCc2ccc(C(F)(F)F)o2)N2C(=O)[C@@H](NC(=O)COc3ccccc3)[C@H]2S1(=O)=O,4.99,1,ChEMBL
EDJ-MED-ee07cf00-15,O=C(Cc1ccc(-n2cnnn2)cc1)NC(C(=O)Nc1cncc2ccccc12)c1cccc(Cl)c1,4.99,1,Moonshot
ALP-POS-b0bc6a46-24,N#Cc1ccc(N(C(=O)c2ccco2)C(C(=O)NCCc2cccc(F)c2)c2cccnc2)cc1,4.98,2,Moonshot
CHEMBL5195265,NC(=S)N/N=C/c1ccc(-c2ccc3cccnc3c2)o1,4.98,1,ChEMBL
CHEMBL5428437,O=c1[nH]c(-c2cccc(C(F)(F)F)c2)nc2cc(O)c(O)c(O)c12,4.98,1,ChEMBL
CHEMBL5556174,Cc1ccc(NCc2ccc(C(=O)O)s2)cc1-c1noc(C(C)c2cccc3ccccc23)n1,4.98,1,ChEMBL
CHEMBL5532406,COc1ccc2cc([C@@H](C)c3nc(-c4ccc(C)c(NCc5ccc(C(=O)O)s5)c4)no3)ccc2c1,4.98,1,ChEMBL
ALP-POS-305f6ec3-11,CC(C)(C)c1ccc(N(C(=O)c2cn(CCN3CCOCC3)nn2)C(C(=O)NCCc2cccc(F)c2)c2cccnc2)cc1,4.98,1,Moonshot
MAT-POS-45b13633-2,CNCC1(C(=O)Nc2cncc3ccccc23)CCOc2ccc(Cl)cc21,4.98,2,Moonshot
DUN-NEW-f8ce3686-22,CS(=O)(=O)N1CCN(C(=O)CCl)CC1c1ccccc1,4.98,1,Moonshot
MAT-POS-8293a91a-4,CNC(=O)CN1Cc2ccc(Cl)cc2[C@H](C(=O)Nc2cncc3ccccc23)C1,4.98,1,Moonshot
CHEMBL92708,CCCC[C@@H](C=O)NC(=O)[C@H](CC(C)C)NC(=O)OCc1ccccc1,4.97,1,ChEMBL
EDJ-MED-6af13d92-1,COc1ccccc1OCCNC(=O)c1cc(=O)[nH]c2cccc(C)c12,4.97,1,Moonshot
CHEMBL231813,CCC[C@H](NC(=O)[C@@H]1[C@H]2CCC[C@H]2CN1C(=O)[C@@H](NC(=O)[C@@H](NC(=O)c1cnccn1)C1CCCCC1)C(C)(C)C)C(=O)C(=O)NC1CC1,4.97,1,ChEMBL
CHEMBL4854494,COc1ccccc1CNC(=O)CSc1c[nH]c2ccc(Br)cc12,4.97,1,ChEMBL
CHEMBL5175377,Cc1c(NC(=S)N/N=C/c2ccc(-c3ccc([N+](=O)[O-])cc3)o2)c(=O)n(-c2ccccc2)n1C,4.97,1,ChEMBL
CHEMBL5194593,N#Cc1ccc(-c2cccc3c2CC(CO)c2c(-c4ccc(Br)cc4)ccc(O)c2-3)nc1,4.97,1,ChEMBL
CHEMBL1336287,CCOc1cccc(C(=O)c2ccc(O)c(O)c2O)c1,4.97,1,ChEMBL
CHEMBL5401478,O=c1[nH]c(-c2ccccc2[N+](=O)[O-])nc2cc(O)c(O)c(O)c12,4.97,1,ChEMBL
CHEMBL5542225,Cc1ccc(Nc2ccc(C(=O)O)cc2)cc1-c1noc(C(C)c2cccc3ccccc23)n1,4.97,1,ChEMBL
ALP-POS-88a7a97e-33,COC(=O)CNC(=O)C(c1cccnc1)N(C(=O)c1cocn1)c1ccc(C(C)(C)C)cc1,4.97,1,Moonshot
CHEMBL5442116,CC(C)[C@@H](Nc1ncnc2[nH]cc(Br)c12)c1ccc2c(c1)OCCO2,4.96,1,ChEMBL
MAT-POS-e9e99895-4,Cn1nc(C(=O)NC(C)(C(=O)Nc2cncc3ccccc23)c2ccc(Cl)c(Cl)c2)cc1C#N,4.96,1,Moonshot
ALP-POS-02c6a514-53,CN(C)C(=O)CNC(=O)C(c1cccnc1)N(C(=O)c1ccco1)c1ccc(C(C)(C)C)cc1,4.96,1,Moonshot
CHEMBL5206721,NC(=S)N/N=C/c1ccc(-c2cccc(C(=O)O)c2)o1,4.96,1,ChEMBL
CHEMBL5187806,Nc1cccc2c(=O)n(CC(=O)Nc3ccccc3)sc12,4.96,1,ChEMBL
CHEMBL5403352,CC(C)(C)[C@H](NC(=O)C(F)(F)F)C(=O)N1C[C@H]2[C@@H]([C@H]1C(=O)N[C@H](C#Cc1ccccc1)C[C@@H]1CCNC1=O)C2(C)C,4.96,1,ChEMBL
CHEMBL5423901,O=Cc1nc2ccccn2c1C=C1COC1,4.96,1,ChEMBL
CHEMBL5402209,CC1CC(=O)C2=C(C1)Nc1cc([N+](=O)[O-])ccc1N(C(=O)CCl)C2C,4.96,1,ChEMBL
CHEMBL5441811,CS(=O)(=O)Nc1ccc([C@@H](CC(=O)O)NC(=O)c2ncnc3[nH]ccc23)cc1,4.96,1,ChEMBL
CHEMBL5523587,Cc1ccc(NCc2cccc(C(=O)O)c2)cc1-c1noc(C(C)c2cccc3ccccc23)n1,4.96,1,ChEMBL
CHEMBL5517677,Cc1ccc(-c2noc(C(C)c3cccc(C(O)c4ccccc4)c3)n2)cc1NCc1ccc(C(=O)O)s1,4.96,1,ChEMBL
CHEMBL6141708,CC(=O)Nc1ccc(C)c(C(=O)NC(C)c2cccc3ccccc23)c1,4.96,1,ChEMBL
CHEMBL5441973,Cc1nnc(Nc2ccc([C@@H](CC(=O)O)NC(=O)c3ncnc4[nH]ccc34)cc2)o1,4.96,1,ChEMBL
CHEMBL5441502,CNC(=O)c1ccc([C@@H](CC(=O)O)NC(=O)c2ncnc3[nH]ccc23)cc1,4.96,1,ChEMBL
RAL-THA-eb6cb89c-2,O=C(Nc1cncc2ccccc12)C12CCC(O1)c1ccc(Cl)cc12,4.95,1,Moonshot
LON-WEI-babf2c61-7,C=CC(=O)N(c1ccc(C(F)(F)F)cc1)C(C(=O)NCCc1cccc(F)c1)c1cncc(C#N)c1,4.95,1,Moonshot
ALP-POS-f13221e1-2,O=C(COc1cccc(Cl)c1)Nc1cncc2ccccc12,4.95,1,Moonshot
ALP-POS-02c6a514-56,CC(C)(C)c1ccc(N(C(=O)c2ccco2)C(C(=O)Nc2ccccc2)c2cccnc2)cc1,4.95,1,Moonshot
CHEMBL5179506,CC(=O)OCC1Cc2c(-c3cc(N4CCCC4)ccn3)cccc2-c2c(O)ccc(-c3ccc(Br)cc3)c21,4.95,1,ChEMBL
CHEMBL5418540,O=c1[nH]c(-c2cccc([N+](=O)[O-])c2)nc2cc(O)c(O)c(O)c12,4.95,1,ChEMBL
CHEMBL5441598,CC(C)[C@H](CO)Nc1ncnc2[nH]ccc12,4.95,1,ChEMBL
CHEMBL5558077,Cc1ccc(NCc2ccc(C(=O)O)cc2)cc1-c1noc(C(C)c2cccc3ccccc23)n1,4.95,1,ChEMBL
CHEMBL6166553,CC#CC(=O)NNC(=O)CCc1ccccc1C(=O)N[C@H](C)c1cccc2ccccc12,4.95,1,ChEMBL
WIL-MOD-03b86a88-6,Cc1ccncc1NC(=O)Cc1cc(Cl)cc(NS(N)(=O)=O)c1,4.95,1,Moonshot
EDJ-MED-ee07cf00-1,Cn1c(=O)ccn(CC(=O)NC(C(=O)Nc2cncc3ccccc23)c2cccc(Cl)c2)c1=O,4.95,1,Moonshot
JIN-POS-6dc588a4-9,O=C(Cc1cccc(Cl)c1)Nc1cnn2ccccc12,4.95,1,Moonshot
EDJ-MED-8c98ee63-1,COCCCNCC1(C(=O)Nc2cncc3ccccc23)CCOc2ccc(Cl)cc21,4.94,1,Moonshot
BEN-DND-f2e727cd-1,O=C(Nc1cncc2ccccc12)N1CCOc2ccc(Cl)cc21,4.94,1,Moonshot
LON-WEI-babf2c61-1,C=CC(=O)N(c1ccc(C(C)(C)C)cc1)C(C(=O)NCCc1cccc(F)c1)c1cncc(Cl)c1,4.94,1,Moonshot
CHEMBL5200309,CC(=O)OCC1Cc2c(-c3ccccn3)cccc2-c2c(O)ccc(Cc3ccccc3)c21,4.94,1,ChEMBL
CHEMBL5271003,CC(NC(=O)C(Cc1ccccc1)NC(=O)OCc1ccccc1)C(=O)CF,4.94,1,ChEMBL
CHEMBL5280654,CCC(CC)OC(=O)[C@H](C)N[P@@](=O)(CC[C@H]1O[C@@](C#N)(c2ccc3c(N)ncnn23)[C@H](O)[C@@H]1O)Oc1ccccc1,4.94,1,ChEMBL
CHEMBL5433473,CC1CC(=O)C2=C(C1)Nc1cc([N+](=O)[O-])ccc1N(C(=O)CCl)C2,4.94,1,ChEMBL
CHEMBL5441577,COCc1cc(CNc2ccc([C@@H](CC(=O)O)NC(=O)c3ncnc4[nH]ccc34)cc2)on1,4.94,1,ChEMBL
CHEMBL5532385,Cc1ccc(-c2noc(-c3cccc4ccccc34)n2)cc1NCc1ccc(C(=O)O)s1,4.94,1,ChEMBL
MAT-POS-a3f7f96a-9,COc1ccc(CNCC2(C(=O)Nc3cncc4ccccc34)CCOc3ccc(Cl)cc32)cc1OCC(N)=O,4.94,1,Moonshot
MAT-POS-45b13633-3,CN(C)CC1(C(=O)Nc2cncc3ccccc23)CCOc2ccc(Cl)cc21,4.94,2,Moonshot
TRY-UNI-2eddb1ff-6,Cc1ccncc1NC(=O)Cc1cc(C#N)cc(OC2CC(=O)N2)c1,4.94,2,Moonshot
CHEMBL5442067,CC(C)[C@@H](Nc1ncnc2[nH]c(C(=O)O)cc12)c1ccc2c(c1)OCCO2,4.93,1,ChEMBL
LON-WEI-babf2c61-2,C=CC(=O)N(c1ccc(C(C)(C)C)cc1)C(C(=O)NCCc1cccc(F)c1)c1cncc(C)c1,4.93,1,Moonshot
ALP-POS-6d04362c-4,O=C(Cn1nnc2ccccc21)N(Cc1ccsc1)c1ccc(N2CCOCC2)cc1,4.93,1,Moonshot
MAT-POS-a3f7f96a-7,O=C(Nc1cncc2ccccc12)C1(CNCc2cnn(C3CCS(=O)(=O)C3)c2)CCOc2ccc(Cl)cc21,4.93,1,Moonshot
LON-WEI-9739a092-5,Cc1ccc2nc(Nc3cc(Cl)cc(CC(=O)Nc4cncc5ccccc45)c3)sc2c1,4.93,1,Moonshot
CHEMBL5441761,CC(C)[C@H](Nc1ncnc2[nH]c(-c3cnn(CC(N)=O)c3)cc12)c1ccc2c(n1)OCCO2,4.93,1,ChEMBL
CHEMBL5505947,CC(c1nc(-c2ccc(-c3ccc(C(=O)O)cc3)cc2)no1)c1cccc2ccccc12,4.93,1,ChEMBL
CHEMBL6134127,COc1ccc(CN(C)[C@H](C)c2cccc3ccccc23)cn1,4.93,1,ChEMBL
MAT-POS-24589f88-7,CNC(=O)COc1ccc(CNCC2(C(=O)Nc3cncc4ccccc34)CCOc3ccc(Cl)cc32)cc1OC,4.93,1,Moonshot
DAN-MCD-34fd4f29-1,Cc1ccc(S(=O)(=O)N2CCN(C(=O)CCl)C[C@H]2C(=O)NCCc2ccccc2)cc1,4.93,1,Moonshot
MAT-POS-c7726e07-6,CNC(=O)CN1Cc2ccc(Cl)cc2[C@]2(CCN(c3cncc4ccccc34)C2=O)C1,4.92,2,Moonshot
CHEMBL5176329,O=C(NC1CC1)C(c1cccnc1)N(C(=O)c1ccco1)c1ccc(-c2ccccc2)cc1,4.92,1,ChEMBL
CHEMBL5209023,CC(=O)OCC1Cc2c(-c3cc4ccccc4cn3)cccc2-c2c(O)ccc(C)c21,4.92,1,ChEMBL
CHEMBL5435659,C#C[C@H](CCSC)NC(=O)[C@@H]1[C@@H]2[C@H](CN1C(=O)[C@@H](NC(=O)C(F)(F)F)C(C)(C)C)C2(C)C,4.92,1,ChEMBL
CHEMBL5407297,Oc1ccccc1-c1ncnc2[nH]ccc12,4.92,1,ChEMBL
CHEMBL5418908,CN(C)c1cncc(NC(=O)c2ccc(C=O)cc2O)c1,4.92,1,ChEMBL
CHEMBL5416837,CC(C)C[C@H](NC(=O)OCc1ccccc1)C(=O)N[C@H](/C=C/S(C)(=O)=O)CCC(N)=O,4.92,1,ChEMBL
EDJ-MED-976da9a6-1,O=C(Cc1cccc(Cl)c1)Nc1cncc2c1OCCC2,4.92,1,Moonshot
EDJ-MED-611d11e7-5,O=C(Nc1cncc2ccc(F)cc12)[C@@H]1CCNc2cc(Cl)c(Cl)cc21,4.92,1,Moonshot
ALP-POS-b0bc6a46-19,O=C(NCCc1cccc(F)c1)C(c1cccnc1)N(Cc1c(O)ccc2c1CCCC2)C(=O)c1ccco1,4.92,2,Moonshot
MAT-POS-24589f88-10,Cn1cc(CNCC2(C(=O)Nc3cncc4ccccc34)CCOc3ccc(Cl)cc32)n2ncc(C#N)c12,4.92,1,Moonshot
MAT-POS-61f37a1a-6,COc1cc(CNCC2(C(=O)Nc3cncc4ccccc34)CCOc3ccc(Cl)cc32)cc(OC)c1OCC(N)=O,4.92,1,Moonshot
STU-CHA-7b3b91d5-1,O=C(NCc1ccc(Cl)cc1CN1CCN(C(=O)CCl)CC1)[C@@H]1CCCOC1,4.92,1,Moonshot
BEN-DND-76ad4ac9-10,O=C(CCl)N1CCCN(S(=O)(=O)c2cc(F)ccc2F)CC1,4.92,2,Moonshot
CHEMBL5442159,O=C(O)C[C@@H](NC(=O)c1ncnc2[nH]ccc12)c1ccc(NCc2ccno2)cc1,4.92,1,ChEMBL
RAL-THA-2d450e86-33,O=C(Cc1ccc(Cl)cn1)Nc1cncc2ccccc12,4.91,1,Moonshot
CHEMBL4864930,Cn1cc(SCC(=O)N(Cc2ccccc2)Cc2ccccc2)c2ccccc21,4.91,1,ChEMBL
CHEMBL5203407,C[C@H](NC(=O)/C=C/c1ccccc1)C(=O)N[C@H](C=O)C[C@@H]1CCCNC1=O,4.91,1,ChEMBL
CHEMBL5441700,CC(C)(C)[C@H](Nc1ncnc2[nH]c(-c3cnn(CC(N)=O)c3)cc12)c1ccc2c(n1)OCCO2,4.91,1,ChEMBL
CHEMBL5633344,C[C@H](NC(=O)C(c1cccnc1)N(C(=O)/C=C/C(=O)O)c1ccc(-c2ccccc2)cc1)c1ccccc1,4.91,1,ChEMBL
MAT-POS-24589f88-2,CS(=O)(=O)N1Cc2ccc(Cl)cc2[C@@H](C(=O)Nc2cncc3ccccc23)C1,4.91,1,Moonshot
MAT-POS-e9e99895-9,CC(NC(=O)COc1ccc(C(N)=O)cc1)(C(=O)Nc1cncc2ccccc12)c1ccc(Cl)c(Cl)c1,4.91,1,Moonshot
MAT-POS-24589f88-6,O=C(Nc1cncc2ccccc12)C1(CNCc2c(N3CCOCC3)nc3ccccn3c2=O)CCOc2ccc(Cl)cc21,4.9,1,Moonshot
CHEMBL5177666,CCCCC(=O)Nc1ccc(C)c(C(=O)N[C@H](C)c2cccc3ccccc23)c1,4.9,1,ChEMBL
CHEMBL5574998,O=C(c1cncc(Cl)c1)N1CCCN(Cc2ccccc2Cl)CC1,4.9,1,ChEMBL
CHEMBL4289483,O=C(Cc1cncc(Br)c1)c1ccc(-c2ccc(Cl)cc2)o1,4.89,1,ChEMBL
CHEMBL5410698,O=c1[nH]c(-c2ccc(F)cc2)nc2cc(O)c(O)c(O)c12,4.89,1,ChEMBL
MAT-POS-2db6411e-2,O=C(CCl)N1CCN(Cc2cc(O)cc(Cl)c2)CC1,4.89,2,Moonshot
CHEMBL5441967,COc1ccc2c(c1)CCN(c1ncnc3[nH]ccc13)[C@H]2C(C)C,4.88,1,ChEMBL
MAT-POS-2bb0cf2b-2,Cn1cnc2cncc(NC(=O)C3CCOc4ccc(Cl)cc43)c21,4.88,1,Moonshot
ALP-POS-95f71980-24,CC(C)(C)c1ccc(N(C(=O)c2cnsn2)C(C(=O)NCCc2cccc(F)c2)c2cccnc2)cc1,4.88,1,Moonshot
CHEMBL5185094,Nc1ncnc2c1ncn2[C@@H]1O[C@H](CNS(=O)(=O)c2ccc(Cl)cc2)[C@@H](O)[C@H]1O,4.88,1,ChEMBL
CHEMBL5193661,CC1(C)[C@H](C(=O)OCc2cccc([N+](=O)[O-])c2)N2C(=O)[C@@H](NC(=O)COc3ccccc3)[C@H]2S1(=O)=O,4.88,1,ChEMBL
CHEMBL5437930,CC1(C)CC(=O)C2=C(C1)Nc1cc([N+](=O)[O-])ccc1N(C(=O)CCl)C2C1CC1,4.88,1,ChEMBL
CHEMBL5413396,C[C@@H](NC(=O)[C@H](NC(=O)OC(C)(C)C)c1ccccc1)c1cccc2ccccc12,4.88,1,ChEMBL
CHEMBL5421806,C[C@@H](NC(=O)[C@@H](NC(=O)OC(C)(C)C)c1ccccc1)c1cccc2ccccc12,4.88,1,ChEMBL
CHEMBL506247,O=C(OC[C@H]1O[C@@H](OC(=O)c2cc(O)c(O)c(OC(=O)c3cc(O)c(O)c(O)c3)c2)[C@H](OC(=O)c2cc(O)c(O)c(OC(=O)c3cc(O)c(O)c(O)c3)c2)[C@@H](OC(=O)c2cc(O)c(O)c(OC(=O)c3cc(O)c(O)c(O)c3)c2)[C@@H]1OC(=O)c1cc(O)c(O)c(OC(=O)c2cc(O)c(O)c(O)c2)c1)c1cc(O)c(O)c(OC(=O)c2cc(O)c(O)c(O)c2)c1,4.88,1,ChEMBL
CHEMBL6160579,Cc1nc(C(=O)N2CCOCC2)c(C(=O)Nc2cc(Cl)c(Cl)cc2Cl)[nH]1,4.88,1,ChEMBL
RAL-THA-2d450e86-23,O=C(Cc1cccc(F)c1F)Nc1cncc2ccccc12,4.88,1,Moonshot
MAT-POS-bf364d7a-6,CC(C)(C#N)CS(=O)(=O)N1Cc2ccc(Cl)cc2[C@@H](C(=O)Nc2cncc3ccccc23)C1,4.88,1,Moonshot
MAT-POS-f42f3716-3,COC(=O)c1ccc(-c2cc(Cl)cc(CC(=O)Nc3cnccc3C)c2)c(OC)c1,4.88,1,Moonshot
ALP-UNI-fe744232-30,COCOc1ccc(N(C(=O)c2cocn2)C(C(=O)NCCc2cccc(F)c2)c2cccnc2)cc1,4.88,1,Moonshot
MAT-POS-f7918075-8,O=C(Cc1cccc(Cl)c1)Nc1cncc2nc[nH]c12,4.88,1,Moonshot
CHEMBL5441672,CC(C)[C@@H](Nc1ncnc2[nH]c(C(=O)Nc3cnccc3O)cc12)c1ccc2c(c1)OCCO2,4.88,1,ChEMBL
MIK-ENA-5d9157e9-2,N#CC1(CS(=O)(=O)N2Cc3ccc(Cl)cc3[C@]3(CCN(c4cncc5ccccc45)C3=O)C2)CC1,4.87,1,Moonshot
CHEMBL487392,COc1cc(C)cc2c(-c3c(O)cc(O)c4c3C[C@@H](C)N[C@@H]4C)ccc(O)c12,4.87,1,ChEMBL
CHEMBL5441843,O=C(Nc1ccc(C(=O)NCc2c(C(=O)O)[nH]c3ccccc23)cc1)NC1CC1,4.87,1,ChEMBL
CHEMBL5442019,Cc1cc(-c2cc3c(N[C@@H](c4ccc5c(c4)OCCO5)C(C)C)ncnc3[nH]2)co1,4.87,1,ChEMBL
CHEMBL729,Cc1cccc(C)c1OCC(=O)N[C@@H](Cc1ccccc1)[C@@H](O)C[C@H](Cc1ccccc1)NC(=O)[C@H](C(C)C)N1CCCNC1=O,4.87,1,ChEMBL
EDJ-MED-ee07cf00-10,O=C(Cn1cnc(C(F)(F)F)n1)NC(C(=O)Nc1cncc2ccccc12)c1cccc(Cl)c1,4.87,1,Moonshot
LON-WEI-0a73fcb8-7,O=C(Nc1cnccc1CO)C1CCOc2ccc(Cl)cc21,4.86,1,Moonshot
CHEMBL5198559,N=C(N)Nc1ccc(C(=O)Nc2ccc3c(c2)B(O)OC3)cc1,4.86,1,ChEMBL
CHEMBL5207257,CC(=O)OCC1Cc2c(-c3ccc4ccccc4n3)cccc2-c2c(O)ccc(C)c21,4.86,1,ChEMBL
CHEMBL5269476,CC(C)=CCC12Oc3cc(O)c(C4C=C(C)CC(c5ccc(O)cc5O)C4C(=O)c4ccc(O)cc4O)c(O)c3C(=O)C1(O)Oc1cc(O)ccc12,4.86,1,ChEMBL
RAL-THA-2d450e86-1,O=C(Cc1ccccc1)Nc1cncc2ccccc12,4.85,1,Moonshot
CHEMBL5191100,CC(=O)OCC1Cc2c(cccc2-c2nccc3ccccc23)-c2c(O)ccc(C)c21,4.85,1,ChEMBL
CHEMBL5208871,Nc1ncnc2c1ncn2[C@@H]1O[C@H](CNS(=O)(=O)c2ccc([N+](=O)[O-])cc2)[C@@H](O)[C@H]1O,4.85,1,ChEMBL
CHEMBL5270638,CC1=C(c2ccccc2)C1C(=O)NCc1nc(-c2cccc(C(F)(F)F)c2)no1,4.85,1,ChEMBL
CHEMBL5269801,CC1=C(c2ccccc2)C1C(=O)NC(Cc1cccc(F)c1)c1nc(-c2ccc(C(F)(F)F)cc2)no1,4.85,1,ChEMBL
CHEMBL5403341,COc1cc(F)cc(NC(=O)c2cccc(-c3cnc4[nH]c(=O)n(C)c4c3)c2)c1,4.85,1,ChEMBL
CHEMBL51483,Cc1cc2c(C(C)C)c(O)c(O)c(C=O)c2c(O)c1-c1c(C)cc2c(C(C)C)c(O)c(O)c(C=O)c2c1O,4.85,1,ChEMBL
JAN-GHE-5a013bed-1,Cc1nnn(NC(=O)Cc2cccc(Cl)c2)c1C,4.85,1,Moonshot
WAR-XCH-79d12f6e-6,Cc1ccc(C)c(S(=O)(=O)N2CCN(C(=O)CCl)CC2)c1,4.85,4,Moonshot
CHEMBL5206451,CN(Cc1cn(C2C3=C(OC2(C)C)c2ccccc2C(=O)C3=O)nn1)C1=C(Br)C(=O)c2ccccc2C1=O,4.84,1,ChEMBL
MAT-POS-61f37a1a-3,O=C1c2ccccc2C(=O)N1CCNCC1(C(=O)Nc2cncc3ccccc23)CCOc2ccc(Cl)cc21,4.84,1,Moonshot
MAT-POS-61f37a1a-9,O=C(Nc1cncc2ccccc12)C1(CNCc2cnc(N3CCOCC3)nc2)CCOc2ccc(Cl)cc21,4.84,1,Moonshot
MAT-POS-ea426761-53,CCCCc1nc(-c2nccn2Cc2ccoc2)c[nH]1,4.84,1,Moonshot
ALP-POS-88a7a97e-20,CC(C)(C)c1ccc(N(C(=O)c2cocn2)C(C(=O)NCC(=O)Nc2cccc([N+](=O)[O-])c2)c2cccnc2)cc1,4.84,1,Moonshot
ALP-POS-42f3de95-2,CC(C)(C)c1ccc(N(C(=O)c2cocn2)C(C(=O)NCCc2c[nH]cn2)c2cccnc2)cc1,4.84,1,Moonshot
CHEMBL2103763,O=C1c2c(O)cccc2[C@H]([C@@H]2O[C@H](CO)[C@@H](O)[C@H](O)[C@H]2O)c2cc(CO)cc(O)c21,4.84,1,ChEMBL
CHEMBL117102,CCC(CC)CC1(C(=O)Nc2ccccc2S)CCCCC1,4.84,1,ChEMBL
CHEMBL5441605,CC(=O)Nc1ccc([C@@H](CC(=O)O)NC(=O)c2ncnc3[nH]ccc23)cc1,4.84,1,ChEMBL
CHEMBL5441518,Cc1ncn(C)c1NC(=O)c1cc2c(N[C@@H](c3ccc4c(c3)OCCO4)C(C)C)ncnc2[nH]1,4.84,1,ChEMBL
CHEMBL5556950,Cc1ccc(NCc2ccc(C(=O)O)o2)cc1-c1noc(C(C)c2cccc3ccccc23)n1,4.84,1,ChEMBL
CHEMBL5570561,COC[C@@H](NC(=O)C1CCCC(F)(F)C1)C(=O)N[C@H](Cc1ccccc1)C(=O)C(=O)NCc1nccs1,4.84,1,ChEMBL
CHEMBL6152765,C[C@H](c1cccc2ccccc12)N(C)Cc1cnc2c(O)cccn12,4.84,1,ChEMBL
EDG-MED-ba1ac7b9-27,CC1CN(CCO)CCN1C(=O)CC1(C(=O)Nc2cncc3ccccc23)CCOc2ccc(Cl)cc21,4.84,1,Moonshot
MIK-ENA-5d9157e9-3,CNC(=O)CN1C[C@@H](C(=O)Nc2cncc3cccc(Cl)c23)c2cc(Cl)ccc2C1=O,4.84,1,Moonshot
RAL-THA-6b94ceba-13,Cc1ccncc1NC(=O)Cc1cc(Cl)cc(S(N)(=O)=O)c1,4.84,1,Moonshot
CHEMBL5442078,CCc1coc(Nc2ccc([C@@H](CC(=O)O)NC(=O)c3ncnc4[nH]ccc34)cc2)n1,4.83,1,ChEMBL
BEN-DND-7e92b6ca-11,COc1ccc(N2CCN(C(=O)c3cc(=O)[nH]c4ccccc34)CC2)cc1,4.83,2,Moonshot
MAK-UNK-af83ef51-6,Cc1cccc(CC2CCN(C(=O)CCl)CC2)c1,4.83,1,Moonshot
MAT-POS-044491d2-6,Cc1ccncc1NC(=O)Cc1cc(Cl)cc(NC2(C)CCC(F)(F)CC2)c1,4.83,1,Moonshot
MAT-POS-54c4bf04-4,CC1CN(C(=O)c2cc(=O)[nH]c3ccccc23)CCN1c1cccc(Cl)c1,4.83,1,Moonshot
MAT-POS-7174c657-3,O=C(Cc1cccc(Cl)c1)N1Cc2ccccc2C(O)C1,4.83,1,Moonshot
CHEMBL5179857,O=C1OCCN1C(=O)C(Cc1ccco1)Sc1nc2cc(Cl)ccc2n1Cc1ccccc1,4.83,1,ChEMBL
CHEMBL5290924,CC1=C(c2ccccc2)C1C(=O)NC(Cc1cc2ccccc2[nH]1)c1nc(-c2ccc(C(F)(F)F)cc2)no1,4.83,1,ChEMBL
CHEMBL1488059,N#CSCC(=O)N1c2ccccc2CCc2ccccc21,4.83,1,ChEMBL
CHEMBL5441978,CC(C)[C@@H](Nc1ncnc2[nH]ccc12)c1cccs1,4.83,1,ChEMBL
CHEMBL5572122,CC(C)C[C@H](NC(=O)CCl)C(=O)N[C@H](Cc1c[nH]c2ccccc12)C(=O)NCc1ccccc1,4.83,1,ChEMBL
CHEMBL5441863,CC(C)[C@@H](Nc1ncnc2[nH]ccc12)c1ccc2c(c1)CCNC2=O,4.83,1,ChEMBL
CHEMBL186141,C=C1CC[C@@H]2[C@](C)(CO)[C@H](O)CC[C@@]2(C)[C@@H]1C/C=C1/C(=O)OC[C@H]1O,4.82,1,ChEMBL
CHEMBL5180056,C[C@@H](NC(=O)c1ccccc1Cl)c1cccc2ccccc12,4.82,1,ChEMBL
CHEMBL5435180,O=c1[nH]c(-c2ccncc2)nc2cc(O)c(O)c(O)c12,4.82,1,ChEMBL
CHEMBL5416060,Cn1c(=O)[nH]c2ncc(-c3cccc(C(=O)Nc4ccc(Cl)c(CO)c4)c3)cc21,4.82,1,ChEMBL
CHEMBL5442061,CC(C)[C@@H](Nc1ncnc2[nH]ccc12)C(F)F,4.82,1,ChEMBL
CHEMBL5441995,Cn1cc([C@@H](Nc2ncnc3[nH]ccc23)C2CCC2)cn1,4.82,1,ChEMBL
CHEMBL5441714,CC(C)[C@@H](Nc1ncnc2[nH]c([C@@]3(O)CCOC3)cc12)c1ccc2c(c1)OCCO2,4.82,1,ChEMBL
MAT-POS-bf364d7a-10,N#CC1(CS(=O)(=O)N2Cc3ccc(Cl)cc3[C@@H](C(=O)Nc3cncc4ccccc34)C2)CCOCC1,4.82,1,Moonshot
MAT-POS-bf364d7a-12,N#CC1(CS(=O)(=O)N2Cc3ccc(Cl)cc3[C@@H](C(=O)Nc3cncc4ccccc34)C2)CCS(=O)(=O)CC1,4.82,1,Moonshot
CHEMBL5441643,CC(C)[C@@H](Nc1ncnc2[nH]c(-c3[nH]ncc3C3CC3)cc12)c1ccc2c(c1)OCCO2,4.82,1,ChEMBL
ALP-POS-ced8ea4d-67,CCOc1ccc(N(C(=O)c2cocn2)C(C(=O)NCCc2cccc(F)c2)c2cccnc2)cc1,4.81,1,Moonshot
CHEMBL5409052,N#Cc1ccc(S(=O)(=O)NCCSC[C@H]2O[C@@H](n3cnc4c(N)ncnc43)[C@H](O)[C@@H]2O)cc1,4.81,1,ChEMBL
CHEMBL5421184,C[C@@H](NS(=O)(=O)c1cccc([N+](=O)[O-])c1)c1cccc2ccccc12,4.81,1,ChEMBL
CHEMBL5630367,CN1C[C@@H](c2ccc(Br)cc2)[C@@]2(CN(P(=O)(CO)CO)C/C(=C\c3ccccc3)C2=O)[C@@]12C(=O)Nc1ccccc12,4.81,1,ChEMBL
CHEMBL5632712,C[C@H](NC(=O)C(c1cccnc1)N(C(=O)/C=C/c1ccco1)c1ccc(-c2ccccc2)cc1)c1ccccc1,4.81,1,ChEMBL
CHEMBL6146389,Nc1ncnc2c1ncn2[C@@H]1O[C@H](CNS(=O)(=O)c2ccc3c(c2)OCCO3)[C@@H](O)[C@H]1O,4.81,1,ChEMBL
MAT-POS-f2460aef-2,CC(C)(C)c1ccc(N(C(=O)c2ccco2)[C@@H](C(=O)NCCc2cccc(F)c2)c2cccnc2)cc1,4.81,1,Moonshot
BEN-DND-76ad4ac9-11,O=C(CCl)N1CCCN(S(=O)(=O)c2ccccc2F)CC1,4.81,2,Moonshot
RAL-THA-e002e396-1,CS(=O)(=O)CC1(C(=O)Nc2cncc3ccccc23)CCOc2ccc(Cl)cc21,4.81,1,Moonshot
CHEMBL5441546,CC(C)[C@@H](Nc1ncnc2[nH]c([C@@]3(O)CCCNC3)cc12)c1ccc2c(c1)OCCO2,4.8,1,ChEMBL
MAT-POS-e10a589d-4,N#Cc1ncn(CC(=O)Nc2ccc(Br)cc2Cl)n1,4.8,1,Moonshot
ALP-POS-ddb41b15-1,Cc1ccncc1NC(=O)C(C(=O)c1cc(=O)[nH]c2ccccc12)c1cccc(Cl)c1,4.8,1,Moonshot
ERI-UCB-d6de1f3c-1,O=C(c1cc(=O)[nH]c2ccccc12)N1CCN(c2cccc(Cl)c2)C(=O)C1,4.8,1,Moonshot
CHEMBL9470,CC(C)=CC[C@@H](O)C1=CC(=O)c2c(O)ccc(O)c2C1=O,4.8,1,ChEMBL
CHEMBL5279136,O=C(NCCNC(=O)c1cc(=O)c2c(O)cccc2o1)c1ccc(O)c(O)c1,4.8,1,ChEMBL
CHEMBL5428316,CCCN(CCC)C(=O)c1cccc(C(=O)N[C@H](C)c2cccc3ccccc23)c1,4.8,1,ChEMBL
CHEMBL1718454,C=C(C)C(Cc1c(OC)ccc(C(=O)/C=C/c2ccc(O)cc2)c1O)OO,4.8,1,ChEMBL
CHEMBL607535,CN1C(=O)/C(=C2/C(=O)Nc3ccccc32)c2ccccc21,4.8,1,ChEMBL
CHEMBL6164893,C[C@@H](NC(=O)c1ccccc1CCC(=O)NNC(=O)C(F)Cl)c1cccc2ccccc12,4.8,1,ChEMBL
EDJ-MED-6e43a462-2,COc1ccc2ncc(NC(=O)Cc3cccc(Cl)c3)n2c1,4.8,1,Moonshot
ALP-POS-305f6ec3-52,CC(C)(C)c1ccc(N(C(=O)c2c[nH]c(=O)[nH]2)C(C(=O)NCCc2cccc(F)c2)c2cccnc2)cc1,4.8,1,Moonshot
PET-UNK-7374c256-2,CN(C)c1ccc(N(Cc2ccn[nH]2)C(=O)Cn2nnc3ccccc32)cc1,4.8,2,Moonshot
WIL-MOD-03b86a88-4,Cc1ccncc1NC(=O)Cc1cc(Cl)cc(OC2COC2)c1,4.8,1,Moonshot
TRY-UNI-714a760b-19,Cc1c(N)cncc1NC(=O)Cc1cccc(C#N)c1,4.79,1,Moonshot
LUO-POS-868e8996-2,CNC(=O)CN1C[C@@](C)(C(=O)Nc2cncc3ccccc23)c2cc(Cl)ccc2S1(=O)=O,4.79,1,Moonshot
CHEMBL5566255,Cc1cncc(CC(=O)N2CCC[C@H]2c2cccc(Cl)c2)c1,4.79,1,ChEMBL
CHEMBL5418049,CCC[C@@H]1NC(=O)[C@@H](NC(=O)[C@H](C)N)CNC(=O)[C@H](CS(=O)(=O)[O-])NC(=O)/C=C/c2csc(n2)[C@H](Cc2ccc(O)cc2)NC(=O)C(=O)[C@H]([C@@H](C)CC)NC1=O.[Na+],4.79,1,ChEMBL
CHEMBL5441685,O=C(O)C[C@@H](NC(=O)c1ncnc2[nH]ccc12)c1ccccn1,4.79,1,ChEMBL
CHEMBL5593975,CC1(C)C=Cc2c(ccc3cc(C(=O)N/N=C/c4cccc5cccnc45)oc23)O1,4.79,1,ChEMBL
CHEMBL6170721,CNC(=O)/C=C/C(=O)NNC(=O)CCc1ccccc1C(=O)N[C@H](C)c1cccc2ccccc12,4.79,1,ChEMBL
MAT-POS-590ac91e-41,COc1ccccc1OCC(C)NC(=O)c1cc(=O)[nH]c2ccc(F)cc12,4.78,1,Moonshot
BEN-DND-7e92b6ca-14,O=C(c1cc(=O)[nH]c2ccccc12)N1CCN(c2ccc(F)cc2)CC1,4.78,1,Moonshot
RAL-THA-6b94ceba-12,Cc1ccncc1NC(=O)Cc1cc(Cl)cc(CNS(C)(=O)=O)c1,4.78,1,Moonshot
CHEMBL5171621,CCCCNC(=O)Nc1ccc(C)c(C(=O)N[C@H](C)c2cccc3ccccc23)c1,4.78,1,ChEMBL
CHEMBL5174083,C#Cc1ccc2c(ccc3[n+]2C(OC)C[Se]3)c1,4.78,1,ChEMBL
CHEMBL5279877,CC1=C(c2ccccc2)C1C(=O)NC(Cc1ccc(F)cc1)c1nc(-c2ccc(C(F)(F)F)cc2)no1,4.78,1,ChEMBL
CHEMBL6150906,CC(C)[C@@H]1NC(=O)[C@@H](Cc2ccc(O)cc2)NC(=O)CC[C@@H](C(N)=O)NC(=O)[C@@H]2CCCN2C(=O)[C@@H]2CCCN2C(=O)[C@@H]2CSc3c(F)c(F)c(c(F)c3F)SC[C@H](NC1=O)C(=O)N[C@@H](Cc1ccccc1)C(=O)N[C@@H](Cc1c[nH]cn1)C(=O)N[C@@H]([C@@H](C)O)C(=O)N[C@@H]([C@@H](C)O)C(=O)N[C@@H]([C@@H](C)O)C(=O)N1CCC[C@H]1C(=O)N[C@@H](Cc1ccccc1)C(=O)N2,4.78,1,ChEMBL
CHEMBL6147855,C[C@H](c1cccc2ccccc12)N(C)Cc1cnc(N)nc1,4.78,1,ChEMBL
ALP-POS-b0bc6a46-17,COC(=O)CCSc1cc(Cl)ccc1N(C(=O)c1ccco1)C(C(=O)NCCc1cccc(F)c1)c1cccnc1,4.78,2,Moonshot
CHEMBL3617994,O=C1c2c(O)cccc2[C@@H]([C@@H]2O[C@H](CO)[C@@H](O)[C@H](O)[C@H]2O)c2cc(CO)cc(O)c21,4.78,1,ChEMBL
CHEMBL5573352,Cc1cncc(CC(=O)N2CCc3cc(Cl)c(Cl)cc3C2)c1,4.77,1,ChEMBL
CHEMBL5188979,CC1(C)[C@H](C(=O)OCc2cc(F)cc(F)c2)N2C(=O)[C@@H](NC(=O)COc3ccccc3)[C@H]2S1(=O)=O,4.77,1,ChEMBL
CHEMBL5441812,CC(C)[C@@H](Nc1ncnc2[nH]c(-c3ccnc(N4CCCC4)c3)cc12)c1ccc2c(c1)OCCO2,4.77,1,ChEMBL
CHEMBL5613613,Cc1ccc(C(=O)n2c(C(F)(F)F)nc3ccccc32)cc1,4.77,1,ChEMBL
CHEMBL5633152,CC(=O)/C=C/C(=O)N(c1ccc(-c2ccccc2)cc1)C(C(=O)N[C@@H](C)c1ccccc1)c1cccnc1,4.77,1,ChEMBL
EDG-MED-5d232de5-3,CC(=O)N1CC[C@@H](C(=O)Nc2cncc3ccccc23)c2cc(Cl)ccc21,4.77,1,Moonshot
BEN-DND-76ad4ac9-14,O=C(CCl)N1CCCN(S(=O)(=O)c2cccc(F)c2)CC1,4.76,2,Moonshot
JAN-GHE-83b26c96-8,CCCC(C(=O)Nc1cnccc1C)c1cccc(Cl)c1,4.76,1,Moonshot
DUN-NEW-f8ce3686-24,CC(=O)NCCc1c[nH]c2c(CN3CCN(C(=O)CCl)CC3)cccc12,4.76,1,Moonshot
CHEMBL5170994,Cc1cc(-c2ccc(/C=N/NC(=O)Cn3nnnc3N)o2)c([N+](=O)[O-])cc1C,4.76,1,ChEMBL
CHEMBL5186313,NC(=S)N/N=C/c1ccc(-c2ccc(C(=O)O)cc2)o1,4.76,1,ChEMBL
CHEMBL495231,Cc1cc2cc(CN(CCc3ccccc3C)C(=O)NCc3ccccc3)c(=O)[nH]c2cc1C,4.76,1,ChEMBL
MAT-POS-932d1078-5,COC[C@@]1(C(=O)Nc2cncc3ccccc23)CCOc2cc(Cl)c(Cl)cc21,4.76,1,Moonshot
CHEMBL5441520,Cc1c(C#N)cncc1-c1cc2c(N[C@@H](c3ccc4c(c3)OCCO4)C(C)C)ncnc2[nH]1,4.75,1,ChEMBL
CHEMBL5441922,Cc1noc(C)c1-c1cc2c(N[C@@H](c3ccc4c(c3)OCCO4)C(C)C)ncnc2[nH]1,4.75,1,ChEMBL
ALP-POS-305f6ec3-46,Cn1ncc(C(=O)N(c2ccc(C(C)(C)C)cc2)C(C(=O)NCCc2cccc(F)c2)c2cccnc2)n1,4.75,1,Moonshot
CHEMBL5568575,Cc1ccncc1N1C(=O)N[C@@H](CC2CCCCC2)C1=O,4.75,1,ChEMBL
CHEMBL6160754,COc1cc(CNC(=O)C2CCN(C(C)c3cccc(-c4ccccc4)c3)CC2)ccn1,4.75,1,ChEMBL
CHEMBL6162392,C=C(CC(=O)NNC(=O)CCc1ccccc1C(=O)N[C@H](C)c1cccc2ccccc12)C(=O)OC,4.75,1,ChEMBL
CHEMBL5441777,CNC(=O)c1cccc([C@@H](CC(=O)O)NC(=O)c2ncnc3[nH]ccc23)c1,4.75,1,ChEMBL
SAM-UNK-2684b532-12,O=C(Cc1cccc(Cl)c1)Nc1cnccc1C(F)(F)F,4.74,2,Moonshot
WAR-XCH-b0339bbe-19,O=C(CCl)N1CCC(c2nc(-c3cccnc3)nc3ccccc23)CC1,4.74,1,Moonshot
CHEMBL523052,O=C(CSc1nc(C2CCCCC2)nc2ccccc12)NCc1ccco1,4.74,1,ChEMBL
CHEMBL5405838,O=c1[nH]c(-c2ccccc2O)nc2cc(O)c(O)c(O)c12,4.74,1,ChEMBL
ALP-POS-02c6a514-45,CC(C)(C)c1ccc(N(C(=O)c2cn3ccccc3n2)C(C(=O)NCCc2cccc(F)c2)c2cccnc2)cc1,4.74,1,Moonshot
EDJ-MED-ee07cf00-9,O=C(Cn1nnc(-c2ccccc2)n1)NC(C(=O)Nc1cncc2ccccc12)c1cccc(Cl)c1,4.74,1,Moonshot
CHEMBL5442075,CC(C)[C@@H](Nc1ncnc2[nH]ccc12)C(=O)O,4.74,1,ChEMBL
MAT-POS-bf364d7a-7,COC1(CS(=O)(=O)N2Cc3ccc(Cl)cc3[C@@H](C(=O)Nc3cncc4ccccc34)C2)CC1,4.73,1,Moonshot
CHEMBL5208242,CC(=O)OCC1Cc2c(-c3ccc(Br)cn3)cccc2-c2c(O)ccc(C)c21,4.73,1,ChEMBL
CHEMBL6162168,C[C@@H](NC(=O)c1ccccc1CCC(=O)NNC(=O)/C=C/C(=O)N(C)C)c1cccc2ccccc12,4.73,1,ChEMBL
EDJ-MED-ee07cf00-5,N#Cc1ccc(C(=O)NCC(=O)NC(C(=O)Nc2cncc3ccccc23)c2cccc(Cl)c2)cc1,4.73,1,Moonshot
ALP-POS-305f6ec3-38,CC(C)(C)c1ccc(N(C(=O)c2cc(CO)[nH]n2)C(C(=O)NCCc2cccc(F)c2)c2cccnc2)cc1,4.73,1,Moonshot
CHEMBL5441828,c1nc(N[C@@H](c2ccc3c(c2)OCCO3)C2CC2)c2cn[nH]c2n1,4.72,1,ChEMBL
CHEMBL5441578,COc1cccc([C@@H](CC(=O)O)NC(=O)c2ncnc3[nH]ccc23)c1,4.72,1,ChEMBL
CHEMBL5441951,COc1ccc([C@@](C)(CC(=O)O)NC(=O)c2ncnc3[nH]ccc23)cc1,4.72,1,ChEMBL
DUN-NEW-f8ce3686-23,O=C(CCl)Nc1nc2c(S(=O)(=O)NCCc3ccccc3)cccc2s1,4.72,1,Moonshot
CHEMBL5184053,CC1=C(C#N)C(=O)N(CCCO)C(=O)/C1=N\Nc1ccc(Br)cc1C(=O)O,4.72,1,ChEMBL
CHEMBL5407039,Cn1c(C(=O)NCc2ccc(O)c([N+](=O)[O-])c2)c(Br)c2ccccc21,4.72,1,ChEMBL
CHEMBL5441763,FC(F)[C@@H](Nc1ncnc2[nH]ccc12)c1ccc2c(c1)OCCO2,4.72,1,ChEMBL
CHEMBL5441415,CC(C)[C@H](Nc1ncnc2[nH]c(-c3cnn(C)c3C#N)cc12)c1ccc2c(n1)OCCO2,4.72,1,ChEMBL
CHEMBL5441680,CCNC(=O)c1cc2c(N[C@@H](c3nc4ccccc4o3)C(C)C)ncnc2[nH]1,4.72,1,ChEMBL
CHEMBL6146226,C[C@H](c1cccc2ccccc12)N(C)Cc1c[nH]c(=O)[nH]c1=O,4.72,1,ChEMBL
CHEMBL6132765,Cc1ccc(CNC(=O)c2ccc(F)c(F)c2)cc1C(=O)N[C@H](C)c1cccc2ccccc12,4.72,1,ChEMBL
WIL-MOD-03b86a88-2,Cc1ccncc1NC(=O)Cc1cc(Cl)cc(C2COC2)c1,4.72,1,Moonshot
MAT-POS-ee51dedd-3,O=C(CCl)N1CCCc2cc(NCc3ccc(F)cc3Cl)ccc21,4.72,1,Moonshot
MAT-POS-f42f3716-7,Cc1ccncc1NC(=O)Cc1cc(Cl)cc(-c2cnn(C)c2C(F)F)c1,4.72,1,Moonshot
CHEMBL5441642,CCNC(=O)c1cc2c(N[C@@H](c3cccc(-c4ccc(OC)nc4)c3)C(C)C)ncnc2[nH]1,4.71,1,ChEMBL
MAT-POS-fce787c2-11,O=C(Nc1cncc2ccccc12)C(CO)c1ccc(Cl)c(Cl)c1,4.71,1,Moonshot
MAT-POS-8293a91a-7,O=C(Nc1cncc2ccccc12)C(NC(=O)[C@H]1CC[C@@H](C(=O)N2CCCC2)O1)c1cccc(Cl)c1,4.71,1,Moonshot
MAT-POS-8e4737f4-1,C[C@]1(C(=O)Nc2cncc3ccccc23)CCOc2ccc(Cl)cc21,4.71,1,Moonshot
CHEMBL5175215,CC(=O)OCC1Cc2c(-c3ccccn3)cccc2-c2c(O)ccc(-c3ccc(C#N)cc3)c21,4.71,1,ChEMBL
CHEMBL5288572,CC1=C(c2ccccc2)C1C(=O)NCc1nc(-c2cccc([N+](=O)[O-])c2)no1,4.71,1,ChEMBL
CHEMBL5276507,CC1=C(c2ccccc2)C1C(=O)NCc1nc(-c2cccc(OC(F)(F)F)c2)no1,4.71,1,ChEMBL
CHEMBL5274679,CC1=C(c2ccccc2)C1C(=O)NC(CC1CCCCC1)c1nc(-c2ccc(C(F)(F)F)cc2)no1,4.71,1,ChEMBL
MAT-POS-bb423b95-5,CC(C)c1ccncc1NC(=O)Cc1cccc(Cl)c1,4.71,1,Moonshot
ALP-POS-305f6ec3-37,CC(C)(C)c1ccc(N(C(=O)c2cn(C3COCC3=O)nn2)C(C(=O)NCCc2cccc(F)c2)c2cccnc2)cc1,4.71,1,Moonshot
EDJ-MED-ee07cf00-17,O=C(Cn1ncn2nccc2c1=O)NC(C(=O)Nc1cncc2ccccc12)c1cccc(Cl)c1,4.71,1,Moonshot
STU-CHA-83dacf15-1,NS(=O)(=O)c1ccc2c(c1)CN(CC1CCN(C(=O)CCl)CC1)CC2,4.71,1,Moonshot
EDJ-MED-b24713dc-1,Cc1ccn2c(NC(=O)Cc3cccc(Cl)c3)cnc2c1,4.71,1,Moonshot
MAT-POS-ee51dedd-1,N#Cc1cccc(CN2CCN(C(=O)CCl)CC2)c1,4.71,1,Moonshot
MAT-POS-044491d2-1,Cc1ccncc1NC(=O)Cc1cc(Cl)cc(NC2CCCC2O)c1,4.71,1,Moonshot
CHEMBL5442050,CC(C)[C@@H](Nc1ncnc2[nH]c(-c3cccc(C#N)c3)cc12)c1ccc2c(c1)OCCO2,4.71,1,ChEMBL
ALP-POS-6d04362c-5,O=C(Cn1nnc2ccccc21)N(Cc1ccccc1)c1ccc(N2CCOCC2)cc1,4.7,1,Moonshot
CHEMBL5401536,Cn1c(=O)[nH]c2ncc(-c3cccc(C(=O)Nc4cccc(C#N)c4)c3)cc21,4.7,1,ChEMBL
CHEMBL5442099,O=C(Nc1cccc2c(C(=O)Nc3ccccc3C(=O)O)c[nH]c12)NC1CC1,4.7,1,ChEMBL
CHEMBL5442039,CC(C)[C@@H](Nc1ncnc2[nH]c(-c3ccc4[nH]ncc4c3)cc12)c1ccc2c(c1)OCCO2,4.7,1,ChEMBL
CHEMBL5441718,CC(C)[C@@H](c1ccc2c(c1)OCCO2)N(C)c1ncnc2[nH]c(-c3cnn(CC(N)=O)c3)cc12,4.7,1,ChEMBL
CHEMBL286722,CC(C)[C@H](NC(=O)OCc1ccccc1)C(=O)N[C@H](C=O)Cc1ccccc1,4.7,1,ChEMBL
CHEMBL288365,CC(C)C[C@@H](C=O)NC(=O)[C@@H](NS(=O)(=O)c1ccc(F)cc1)C(C)C,4.7,1,ChEMBL
CHEMBL590799,CN(C)C(=O)COC(=O)Cc1ccc(OC(=O)c2ccc(NC(=N)N)cc2)cc1,4.7,1,ChEMBL
CHEMBL163,CC(C)c1nc(CN(C)C(=O)N[C@H](C(=O)N[C@@H](Cc2ccccc2)C[C@H](O)[C@H](Cc2ccccc2)NC(=O)OCc2cncs2)C(C)C)cs1,4.7,1,ChEMBL
CHEMBL5178750,C[C@@H](c1cccc2ccccc12)N(C)Cc1ccc(O)cc1,4.7,1,ChEMBL
CHEMBL5207030,CC(C)(C)CC(C)(C)NC(=O)C(c1cccnc1)N(C(=O)c1ccco1)c1ccc(C(C)(C)C)cc1,4.7,1,ChEMBL
CHEMBL5189716,Cc1cccc(C)c1NC(=O)C(c1cccnc1)N(C(=O)c1ccco1)c1ccc(C(C)(C)C)cc1,4.7,1,ChEMBL
CHEMBL5178977,Cc1ccc(S(=O)(=O)CNC(=O)C(c2cccnc2)N(C(=O)c2ccco2)c2ccc(C(C)(C)C)cc2)cc1,4.7,1,ChEMBL
CHEMBL2311738,CC(C)(C)NC(=O)C(c1c[nH]cn1)N(C(=O)c1ccco1)c1ccc(C(C)(C)C)cc1,4.7,1,ChEMBL
CHEMBL3605708,CC(C)(C)NC(=O)C(c1cncnc1)N(C(=O)c1ccco1)c1ccc(C(C)(C)C)cc1,4.7,1,ChEMBL
CHEMBL5191806,C[C@H](NC(=O)[C@H](c1cccnc1)N(C(=O)c1ccco1)c1ccc(-c2ccccc2)cc1)c1ccccc1,4.7,1,ChEMBL
CHEMBL5425895,O=c1[nH]c(-c2cccc(OC(F)(F)F)c2)nc2cc(O)c(O)c(O)c12,4.7,1,ChEMBL
CHEMBL5397835,O=c1[nH]c(-c2ccc([N+](=O)[O-])cc2)nc2cc(O)c(O)c(O)c12,4.7,1,ChEMBL
CHEMBL5396993,CC(C)(C)c1ccc(-c2nc3cc(O)c(O)c(O)c3c(=O)[nH]2)cc1,4.7,1,ChEMBL
CHEMBL5425158,O=c1[nH]c(-c2ccc(O)cc2)nc2cc(O)c(O)c(O)c12,4.7,1,ChEMBL
CHEMBL5438144,O=c1[nH]c(-c2cccs2)nc2cc(O)c(O)c(O)c12,4.7,1,ChEMBL
CHEMBL5417818,O=c1[nH]c(-c2ccccn2)nc2cc(O)c(O)c(O)c12,4.7,1,ChEMBL
CHEMBL5400054,Cc1cc(-c2nc3cc(O)c(O)c(O)c3c(=O)[nH]2)n(C)n1,4.7,1,ChEMBL
CHEMBL5567903,CCOC(=O)/C=C/C(=O)N(c1ccc(-c2ccccc2)cc1)[C@@H](C(=O)N[C@@H](C)c1ccccc1)c1cccnc1,4.7,1,ChEMBL
CHEMBL5561517,O=C(c1cc(=O)[nH]c2ccccc12)N1CCN(c2ccc(Cl)c(Cl)c2)C[C@@H]1CC1CCCCC1,4.7,1,ChEMBL
CHEMBL5566561,O=C(c1cc(=O)[nH]c2ccccc12)N1CCN(c2ccc(Cl)c(Cl)c2)CC1Cc1ccccc1,4.7,1,ChEMBL
CHEMBL5556679,C[C@H](c1cccc2ccccc12)N(C)Cc1ccc(C(=O)O)cc1,4.7,1,ChEMBL
CHEMBL5555809,C[C@H](c1cccc2ccccc12)N(C)Cc1cccc(C(=O)O)c1,4.7,1,ChEMBL
CHEMBL5592779,Cc1ccc([N+](=O)[O-])cc1CN(C)[C@H](C)c1cccc2ccccc12,4.7,1,ChEMBL
CHEMBL5569397,C[C@H](c1cccc2ccccc12)N(C)Cc1cc([N+](=O)[O-])ccc1O,4.7,1,ChEMBL
CHEMBL5542590,C[C@H](c1cccc2ccccc12)N(C)Cc1cc(NC2CCNCC2)ccc1O,4.7,1,ChEMBL
CHEMBL5574162,C#CCCC(=O)NCCOc1ccc(C)c(C(=O)N[C@H](C)c2cccc3ccccc23)c1,4.7,1,ChEMBL
CHEMBL5594529,Cc1ccc(OCCN)cc1C(=O)N[C@H](C)c1cccc(-c2cnc(N(C)C)nc2)c1,4.7,1,ChEMBL
CHEMBL5632601,C=CC(=O)N(c1ccc(-c2ccccc2)cc1)C(C(=O)N[C@@H](C)c1ccccc1)c1cccnc1,4.7,1,ChEMBL
CHEMBL5633236,C=C(F)C(=O)N(c1ccc(-c2ccccc2)cc1)C(C(=O)N[C@@H](C)c1ccccc1)c1cccnc1,4.7,1,ChEMBL
CHEMBL5632110,C=C(C)C(=O)N(c1ccc(-c2ccccc2)cc1)C(C(=O)N[C@@H](C)c1ccccc1)c1cccnc1,4.7,1,ChEMBL
CHEMBL5631724,C=C(C(=O)N(c1ccc(-c2ccccc2)cc1)C(C(=O)N[C@@H](C)c1ccccc1)c1cccnc1)c1ccccc1,4.7,1,ChEMBL
CHEMBL5631556,C=C(NC(C)=O)C(=O)N(c1ccc(-c2ccccc2)cc1)C(C(=O)N[C@@H](C)c1ccccc1)c1cccnc1,4.7,1,ChEMBL
CHEMBL5631676,C[C@H](NC(=O)C(c1cccnc1)N(C(=O)/C=C/Br)c1ccc(-c2ccccc2)cc1)c1ccccc1,4.7,1,ChEMBL
CHEMBL5634056,C[C@H](NC(=O)C(c1cccnc1)N(C(=O)/C=C/Cl)c1ccc(-c2ccccc2)cc1)c1ccccc1,4.7,1,ChEMBL
CHEMBL5632880,C[C@H](NC(=O)C(c1cccnc1)N(C(=O)/C=C\I)c1ccc(-c2ccccc2)cc1)c1ccccc1,4.7,1,ChEMBL
CHEMBL5631923,C/C=C(\C)C(=O)N(c1ccc(-c2ccccc2)cc1)C(C(=O)N[C@@H](C)c1ccccc1)c1cccnc1,4.7,1,ChEMBL
CHEMBL5632594,CC(C)=CC(=O)N(c1ccc(-c2ccccc2)cc1)C(C(=O)N[C@@H](C)c1ccccc1)c1cccnc1,4.7,1,ChEMBL
CHEMBL5633985,CO/C=C/C(=O)N(c1ccc(-c2ccccc2)cc1)C(C(=O)N[C@@H](C)c1ccccc1)c1cccnc1,4.7,1,ChEMBL
CHEMBL5632325,C[C@H](NC(=O)C(c1cccnc1)N(C(=O)C1=CC(=O)CC1)c1ccc(-c2ccccc2)cc1)c1ccccc1,4.7,1,ChEMBL
CHEMBL5633608,C[C@H](NC(=O)C(c1cccnc1)N(C(=O)C1=CCCCC1)c1ccc(-c2ccccc2)cc1)c1ccccc1,4.7,1,ChEMBL
CHEMBL5633284,C[C@H](NC(=O)C(c1cccnc1)N(C(=O)C#CC(C)(C)F)c1ccc(-c2ccccc2)cc1)c1ccccc1,4.7,1,ChEMBL
CHEMBL5632013,CCCC#CC(=O)N(c1ccc(-c2ccccc2)cc1)C(C(=O)N[C@@H](C)c1ccccc1)c1cccnc1,4.7,1,ChEMBL
CHEMBL5631856,C[C@H](NC(=O)[C@H](c1cccnc1)N(C(=O)C#CCC#N)c1ccc(-c2ccccc2)cc1)c1ccccc1,4.7,1,ChEMBL
CHEMBL5633372,C[C@H](NC(=O)C(c1cccnc1)N(C(=O)C1(C#N)CC1)c1ccc(-c2ccccc2)cc1)c1ccccc1,4.7,1,ChEMBL
CHEMBL5631640,C[C@H](NC(=O)C(c1cccnc1)N(C(=O)C1(C#N)CCN(C(=O)OC(C)(C)C)CC1)c1ccc(-c2ccccc2)cc1)c1ccccc1,4.7,1,ChEMBL
CHEMBL5633968,C[C@H](NC(=O)C(c1cccnc1)N(C(=O)C1(C#N)CCOCC1)c1ccc(-c2ccccc2)cc1)c1ccccc1,4.7,1,ChEMBL
CHEMBL5633883,CC(C)/C=C(\C#N)C(=O)N(c1ccc(-c2ccccc2)cc1)C(C(=O)N[C@@H](C)c1ccccc1)c1cccnc1,4.7,1,ChEMBL
CHEMBL5631866,C[C@H](NC(=O)C(c1cccnc1)N(C(=O)/C(C#N)=C/C1CC1)c1ccc(-c2ccccc2)cc1)c1ccccc1,4.7,1,ChEMBL
CHEMBL5631886,C[C@H](NC(=O)C(c1cccnc1)N(C(=O)C(C#N)=C1CCCCC1)c1ccc(-c2ccccc2)cc1)c1ccccc1,4.7,1,ChEMBL
CHEMBL5633477,C[C@H](NC(=O)C(c1cccnc1)N(C(=O)C(=O)N1CCN(C)CC1)c1ccc(-c2ccccc2)cc1)c1ccccc1,4.7,1,ChEMBL
CHEMBL5633686,C#CCCC(=O)N(c1ccc(-c2ccccc2)cc1)C(C(=O)N[C@@H](C)c1ccccc1)c1cccnc1,4.7,1,ChEMBL
CHEMBL5631311,C#CCN(c1ccc(-c2ccccc2)cc1)C(C(=O)N[C@@H](C)c1ccccc1)c1cccnc1,4.7,1,ChEMBL
CHEMBL5633789,C[C@H](NC(=O)C(c1cccnc1)N(C(=O)C(F)(F)S(=O)(=O)F)c1ccc(-c2ccccc2)cc1)c1ccccc1,4.7,1,ChEMBL
CHEMBL5633203,COc1ccc(/C=C(\C#N)C(=O)N(c2ccc(-c3ccccc3)cc2)[C@H](C(=O)N[C@@H](C)c2ccccc2)c2cccnc2)cc1,4.7,1,ChEMBL
CHEMBL6148563,C[C@H](c1cccc2ccccc12)N(C)Cc1ccc(-n2cccc2)cc1,4.7,1,ChEMBL
CHEMBL6148057,C[C@H](c1cccc2ccccc12)N(C)Cc1cnccn1,4.7,1,ChEMBL
CHEMBL6146077,C[C@H](c1cccc2ccccc12)N(C)Cc1ccnc(O)c1,4.7,1,ChEMBL
CHEMBL6148159,C[C@H](c1cccc2ccccc12)N(C)Cc1n[nH]c2cccc(O)c12,4.7,1,ChEMBL
CHEMBL6149835,C[C@H](c1cccc2ccccc12)N(C)Cc1ccc2cccc(O)c2n1,4.7,1,ChEMBL
CHEMBL6146289,COc1ccc(Cl)c(CN(C)[C@H](C)c2cccc3ccccc23)c1,4.7,1,ChEMBL
CHEMBL6151332,CC[C@H](C(=O)Nc1cc(NC2COC2)ccc1C)n1cc(Br)cc2nc(SCc3ccc(F)cc3)nc1-2,4.7,1,ChEMBL
CHEMBL6167695,Cc1ccc(NC(=O)c2ccc(Cl)s2)cc1C(=O)N[C@H](C)c1cccc2ccccc12,4.7,1,ChEMBL
EDJ-MED-e4b030d8-3,C[C@H]1C[C@@H](C(=O)Nc2cncc3ccccc23)c2cc(Cl)ccc2O1,4.7,2,Moonshot
CHEMBL5589635,O=C(c1cncc2ccc(F)cc12)N1CCN(Cc2ccc(Cl)cc2Cl)CC1,4.7,1,ChEMBL
LON-WEI-babf2c61-9,C=CC(=O)N(c1ccc(C(F)(F)F)cc1)C(C(=O)NCCc1cccc(F)c1)c1cccnc1,4.7,1,Moonshot
LON-WEI-adc59df6-17,C=CC(=O)N(c1ccc(C(C)(C)C)cc1)C(C(=O)NCCSC)c1cccnc1,4.7,1,Moonshot
CHEMBL5441389,Cc1nn(C)cc1-c1cc2c(N[C@@H](c3ccc4c(c3)S(=O)(=O)CCC4)C(C)C)ncnc2[nH]1,4.7,1,ChEMBL
BEN-DND-76ad4ac9-12,O=C(CCl)N1CCCN(S(=O)(=O)c2c(F)cccc2F)CC1,4.69,2,Moonshot
MAK-UNK-af83ef51-2,CC(CCc1ccccc1)N1CCN(C(=O)CCl)CC1,4.69,1,Moonshot
CHEMBL5409791,CC(C)[C@H](NC(=O)OC(C)(C)C)C(=O)N1C[C@@H](OC(C)(C)C)C[C@H]1C(=O)N[C@H](C=O)C[C@@H]1CCNC1=O,4.69,1,ChEMBL
CHEMBL5441970,Cc1nc2c(C(=O)N[C@@H](CC(=O)O)c3ccc(Br)cc3)ccnc2[nH]1,4.69,1,ChEMBL
CHEMBL5441990,CC(C)[C@@H](Nc1ncnc2[nH]c(C(=O)N(C)C)cc12)c1ccc2c(c1)OCCO2,4.69,1,ChEMBL
MAT-POS-f9802937-4,CN(C)C(=O)C[C@@]1(C(=O)Nc2cncc3ccccc23)CCOc2ccc(Cl)cc21,4.69,1,Moonshot
VLA-UCB-34f3ed0c-11,O=C1N[C@]2(CCOc3ccc(Cl)cc32)C(=O)N1c1cncc2ccccc12,4.69,1,Moonshot
CHEMBL5442012,CC(C)[C@@H](Nc1ncnc2[nH]ccc12)c1ccncc1,4.69,1,ChEMBL
JAN-GHE-83b26c96-12,Cc1ccncc1NC(=O)Cc1cccc(Br)c1,4.69,1,Moonshot
CHO-MSK-6e55470f-7,Cc1ccncc1NC(=O)Cc1cc(Cl)cc(OCc2nnc(C3CCCCC3)o2)c1,4.69,1,Moonshot
CHEMBL5442136,Cc1[nH]c2ncnc(NC(=O)C3(c4ccc(F)cc4)CCC3)c2c1C,4.68,1,ChEMBL
EDG-MED-0e5afe9d-1,Cn1c(=O)[nH]c2cncc(NC(=O)C3CCOc4ccc(Cl)cc43)c21,4.68,1,Moonshot
MAT-POS-f9802937-2,CN1C(=O)CC(O)(C(=O)Nc2cncc3ccccc23)c2cc(Cl)ccc21,4.68,1,Moonshot
MAT-POS-c7771779-1,O=C1CC(O)(C(=O)Nc2cncc3ccccc23)c2cc(Cl)ccc2N1,4.68,1,Moonshot
ALP-POS-f13221e1-3,O=C(CCc1cccc(Cl)c1)Nc1cncc2ccccc12,4.68,1,Moonshot
CHEMBL4854368,CN(Cc1ccccc1)C(=O)CSc1c[nH]c2c(Br)cccc12,4.68,1,ChEMBL
CHEMBL5207375,CC(C)=CCC/C(C)=C/CC[C@]1(C)C=Cc2c(C=O)c(O)c(C)c(O)c2O1,4.68,1,ChEMBL
CHEMBL5283687,COc1ccc(-c2sc3n(c(NC(C)(C)C)c4[n+]3[C@H]3CC(=O)C=C[C@H]3OC4)c2-c2ccc(OC)cc2)cc1.O=S(=O)([O-])C(F)(F)F,4.68,1,ChEMBL
CHEMBL5441935,CC(=O)Nc1cccc([C@@H](CC(=O)O)NC(=O)c2ncnc3[nH]ccc23)c1,4.68,1,ChEMBL
CHEMBL5556327,CC(c1ncc(-c2ccc(-c3ccc(C#N)s3)cc2)o1)c1cccc2ccccc12,4.68,1,ChEMBL
MAT-POS-450cb4f9-1,O=C1CC(C(=O)N2CCN(c3cccc(Cl)c3)CC2)c2ccccc2N1,4.68,1,Moonshot
AAR-POS-d2a4d1df-27,Cc1ccc(S(=O)(=O)N2CCN(C(=O)CCl)CC2)cc1,4.68,3,Moonshot
EDJ-MED-ee07cf00-8,N#Cc1cn(CC(=O)NC(C(=O)Nc2cncc3ccccc23)c2cccc(Cl)c2)c(=O)[nH]c1=O,4.67,1,Moonshot
ALP-UNI-8e43a71e-7,N#CCCN1CCN(C(=O)CC2(C(=O)Nc3cncc4ccccc34)CCOc3ccc(Cl)cc32)CC1,4.67,1,Moonshot
CHEMBL406050,CCC(C)SSc1ncc[nH]1,4.67,1,ChEMBL
CHEMBL1997422,Nc1nonc1-c1nc2ccccc2n1CC(=O)N/N=C/c1ccc(-c2cccc(C(=O)O)c2)o1,4.67,1,ChEMBL
CHEMBL5270863,CC1=C(c2ccccc2)C1C(=O)NCc1nc(-c2cccc(Cl)c2)no1,4.67,1,ChEMBL
CHEMBL5426938,CC(C)C[C@H](NC(=O)OCc1ccccc1)C(=O)N[C@H](/C=C/C(=O)N1CCN(CC2CCN(c3cc4c(cc3F)C(=O)N(C3CCC(=O)NC3=O)C4=O)CC2)CC1)C[C@@H]1CCNC1=O,4.67,1,ChEMBL
CHEMBL5441906,Cc1ccc(C(=O)N2CCC(c3ccn4ncc(C(=O)N[C@@H]5CCC[C@@H]5C(=O)O)c4c3)CC2)cc1,4.67,1,ChEMBL
MAT-POS-281d2ee9-3,O=C(Cc1cc(Cl)cc(-c2nnn[nH]2)c1)Nc1cncc2ccccc12,4.67,1,Moonshot
JIN-POS-6dc588a4-3,COc1ccncc1NC(=O)Cc1cccc(Cl)c1,4.67,1,Moonshot
EDJ-MED-50fe53e8-1,O=C(Cc1cccc(Cl)c1)Nc1nncc2ccccc12,4.66,2,Moonshot
MAT-POS-ea426761-52,CCCCc1nc(-c2nccn2CCc2ccccn2)c[nH]1,4.66,1,Moonshot
GIA-UNK-20b63697-2,O=C(CCl)N1CCN(C(c2ccccc2)C2CCOCC2)CC1,4.66,1,Moonshot
WIL-MOD-03b86a88-5,Cc1ccncc1NC(=O)Cc1cc(Cl)cc(NS(C)(=O)=O)c1,4.66,1,Moonshot
RUB-POS-1325a9ea-13,O=C(Cc1cccc(Cl)c1)Nc1cncc2[nH]ncc12,4.66,1,Moonshot
CHEMBL5170981,C[C@H](NC(=O)C(c1cccnc1)N(C(=O)c1ccco1)c1ccc(OC(C)(C)C)cc1)c1ccccc1,4.66,1,ChEMBL
CHEMBL5407849,C#C[C@H](CCC(N)=O)NC(=O)[C@H](CC(C)C)NC(=O)c1cc2c(OC)cccc2[nH]1,4.66,1,ChEMBL
CHEMBL5441793,COc1ccc(C(=O)N2CCC(c3ccn4ncc(C(=O)N[C@@H]5CCC[C@@H]5C(=O)O)c4c3)CC2)cc1,4.66,1,ChEMBL
BRU-THA-92256091-16,O=C(NCCc1cccc(F)c1)C(c1cccnc1)N(C(=O)c1c[nH]cn1)c1ccc(OC(F)F)cc1,4.65,1,Moonshot
ALP-POS-e980f4ea-51,O=C(NCCc1cccc(F)c1)C(c1cccnc1)N(C(=O)c1cnc[nH]1)c1ccc(OC(F)F)cc1,4.65,1,Moonshot
MAT-POS-932d1078-1,O=C(NCC1(C(=O)Nc2cncc3ccccc23)CCOc2ccc(Cl)cc21)C1COCCN1CC(F)(F)F,4.65,1,Moonshot
ALP-POS-ced8ea4d-19,COc1ccc(N(C(=O)c2cocn2)C(C(=O)NCCc2cccc(F)c2)c2cccnc2)cc1,4.65,1,Moonshot
CHEMBL5441572,O=C(NCc1nc(-c2cc3c(N4CCCC5(CC5)C4)ncnc3[nH]2)c[nH]1)c1ccc(F)nc1,4.64,1,ChEMBL
BRU-THA-92256091-80,O=C(NCCc1cccc(F)c1)C(c1cccnc1)N(C(=O)c1c[nH]cn1)c1ccc(C2COC2)cc1,4.64,1,Moonshot
ALP-POS-e980f4ea-62,O=C(NCCc1cccc(F)c1)C(c1cccnc1)N(C(=O)c1cnc[nH]1)c1ccc(C2COC2)cc1,4.64,1,Moonshot
MAT-POS-f42f3716-8,Cc1ccncc1NC(=O)Cc1cc(Cl)cc(/C=C(/c2ccccc2)C(F)(F)F)c1,4.64,1,Moonshot
EDJ-MED-c3ea9889-5,CS(=O)(=O)c1ccc2c(NC(=O)C34CC(C3)Oc3ccc(Cl)cc34)cncc2c1,4.64,1,Moonshot
CHEMBL5175665,CC1(C)[C@H](C(=O)OCc2ccccc2)N2C(=O)[C@@H](NC(=O)COc3ccccc3)[C@H]2[S@@+]1[O-],4.64,1,ChEMBL
CHEMBL5441470,Cc1cccc(Cl)c1-n1sc(=O)n(CC2CC2)c1=O,4.64,1,ChEMBL
CHEMBL5557815,Cc1ccc(NC2CCC(C(=O)O)CC2)cc1-c1noc(C(C)c2cccc3ccccc23)n1,4.64,1,ChEMBL
CHEMBL6171054,Cc1nc(C(=O)N2CCOCC2)c(C(=O)Nc2ccc(Cl)c(Cl)c2)[nH]1,4.64,1,ChEMBL
EDG-MED-0da5ad92-20,Cc1ccncc1NC(=O)N(Cc1ccccc1)c1cccc(Cl)c1,4.64,1,Moonshot
JIN-POS-6dc588a4-6,CC(C)(C)Oc1ccncc1NC(=O)Cc1cccc(Cl)c1,4.64,1,Moonshot
MAT-POS-044491d2-2,Cc1ccncc1NC(=O)Cc1cc(Cl)cc(NC2CCC(F)(F)C2O)c1,4.64,1,Moonshot
MAT-POS-ea426761-49,CCCCc1nc(-c2nccn2CC(F)(F)F)c[nH]1,4.64,1,Moonshot
LON-WEI-adc59df6-23,C=CC(=O)N(c1ccc(C(C)(C)C)cc1)C(C(=O)NCc1ccc(F)cc1)c1cccnc1,4.63,1,Moonshot
MAT-POS-ec6d90b7-4,CO[C@]1(C(=O)Nc2cncc3ccc(F)cc23)CCOc2ccc(Cl)cc21,4.63,1,Moonshot
CHEMBL562121,Cc1ccccc1C(=O)NC(C)c1ccc2ccccc2c1,4.63,1,ChEMBL
CHEMBL5420170,Nc1ncnc2c1ncn2[C@@H]1O[C@H](CS(=O)(=O)CCNS(=O)(=O)c2ccccc2)[C@@H](O)[C@H]1O,4.63,1,ChEMBL
CHEMBL5410934,CC1C2=C(CC(C)(C)CC2=O)Nc2cc([N+](=O)[O-])ccc2N1C(=O)CCl,4.63,1,ChEMBL
CHEMBL6150356,Cc1ccccc1C(=O)NC(C)c1cccc2ccccc12,4.63,1,ChEMBL
RAL-THA-2d450e86-19,O=C(Cc1cccc(Cl)c1F)Nc1cncc2ccccc12,4.63,1,Moonshot
RAL-THA-2d450e86-2,O=C(Cc1ccc(Cl)cc1)Nc1cncc2ccccc12,4.63,1,Moonshot
MAT-POS-1e5f28a7-1,COC(=O)C(C(=O)Nc1cnccc1C)c1cccc(Cl)c1,4.63,1,Moonshot
EDJ-MED-ee07cf00-3,Cn1ncc2c(=O)n(CC(=O)NC(C(=O)Nc3cncc4ccccc34)c3cccc(Cl)c3)cnc21,4.62,1,Moonshot
ALP-POS-ced8ea4d-20,Cn1ccc2cc(N(C(=O)c3cocn3)C(C(=O)NCCc3cccc(F)c3)c3cccnc3)ccc21,4.62,1,Moonshot
MAT-POS-853c0ffa-6,N#CC1(CS(=O)(=O)N2Cc3ccc(Cl)cc3C3(CCN(c4cncc5cc(F)cc(Cl)c45)C3=O)C2)CC1,4.62,1,Moonshot
LON-WEI-babf2c61-5,C=CC(=O)N(c1ccc(C(F)(F)F)cc1)C(C(=O)NCCc1cccc(F)c1)c1cncc(Cl)c1,4.62,1,Moonshot
CHO-MSK-6e55470f-5,Cc1noc(COc2cc(Cl)cc(CC(=O)Nc3cnccc3C)c2)n1,4.62,1,Moonshot
PET-UNK-b1ef24dc-1,O=C(Cc1cccc(Cl)c1)Nc1cncc2cnoc12,4.62,1,Moonshot
CHEMBL5194970,O=C(CSc1nc2cc(Cl)ccc2n1Cc1ccccc1)N1CCNC1=O,4.62,1,ChEMBL
CHEMBL5201737,CC1(C)[C@H](C(=O)O)N2C(=O)C(Br)(Br)[C@H]2S1(=O)=O,4.62,1,ChEMBL
CHEMBL6144422,C[C@@H](NC(=O)c1ccccc1CCC(=O)NN)c1cccc2ccccc12,4.62,1,ChEMBL
BEN-DND-7e92b6ca-16,O=C(c1cc(=O)[nH]c2ccccc12)N1CCN(c2ccccc2F)CC1,4.62,1,Moonshot
CHR-SOS-7098f804-10,O=C(Nc1cnccc1Cl)c1cc(Cl)ccc1O,4.62,1,Moonshot
ALP-POS-305f6ec3-41,CC(C)(C)c1ccc(N(C(=O)c2cncs2)C(C(=O)NCCc2cccc(F)c2)c2cccnc2)cc1,4.62,1,Moonshot
CHEMBL5441821,O=C(O)C[C@@H](NC(=O)c1nccc2[nH]ncc12)c1ccc(Br)cc1,4.62,1,ChEMBL
LON-WEI-babf2c61-6,C=CC(=O)N(c1ccc(C(F)(F)F)cc1)C(C(=O)NCCc1cccc(F)c1)c1cncc(C)c1,4.61,1,Moonshot
MAT-POS-a3f7f96a-6,CC1(n2cc(CNCC3(C(=O)Nc4cncc5ccccc45)CCOc4ccc(Cl)cc43)cn2)CCS(=O)(=O)C1,4.61,1,Moonshot
ALP-POS-ced8ea4d-30,O=C(NCCc1cccc(F)c1)C(c1cccnc1)N(C(=O)c1cocn1)c1ccc2c(c1)CCC(=O)N2CC(F)F,4.61,1,Moonshot
MAT-POS-86c60949-1,O=C(Nc1cncc2cc(F)ccc12)[C@H]1CCS(=O)(=O)c2ccc(Cl)cc21,4.61,1,Moonshot
CHEMBL5202218,NC(=S)N/N=C/c1cc(-c2ccc(C(=O)O)cc2)co1,4.61,1,ChEMBL
CHEMBL5410459,CC1(C)CC(=O)C2=C(C1)Nc1cc([N+](=O)[O-])ccc1N(C(=O)CCl)C2,4.61,1,ChEMBL
CHEMBL5441845,CCNC(=O)c1cc2c(N[C@@H](c3ccc4c(c3)CCN4C(=O)C3CC3)C(C)C)ncnc2[nH]1,4.61,1,ChEMBL
CHEMBL5441588,CCNC(=O)c1cc2c(NC3(c4ccc5c(c4)S(=O)(=O)CCC5)CC3)ncnc2[nH]1,4.61,1,ChEMBL
MAT-POS-53907a1c-2,Cc1ccncc1NC(=O)N(CCC1CCCCC1)c1cc(Cl)cc(OC(C)C)c1,4.61,1,Moonshot
TRY-UNI-714a760b-6,Cc1ccncc1NC(=O)Cc1cccc(Cl)c1,4.61,1,Moonshot
RAL-THA-2d450e86-37,O=C(Cc1ccccc1F)Nc1cncc2ccccc12,4.61,1,Moonshot
EDG-MED-0da5ad92-7,CCCCOc1ccc(Cl)cc1CC(=O)Nc1cnccc1C,4.61,1,Moonshot
RAL-THA-2d450e86-32,O=C(Cc1ccc(C(F)(F)F)cc1)Nc1cncc2ccccc12,4.61,1,Moonshot
MAT-POS-5369c344-6,O=C(Nc1cncc2ccccc12)C1CCOc2c(OCc3cccnc3)cc(Cl)cc21,4.6,1,Moonshot
RAL-MED-2de63afb-14,O=C(Cc1cncnc1)Nc1cc(F)cc(OC2CC(=O)N2)c1,4.6,1,Moonshot
ALP-POS-87c86d55-2,CCC(=O)Nc1ccc(N(Cc2cscn2)C(=O)Cn2nnc3ccccc32)cc1,4.6,1,Moonshot
CHEMBL6142409,COC(=O)c1ccc(NC(=O)[C@H]2O[C@@H](n3cnc4c(N)ncnc43)[C@H](O)[C@@H]2O)cc1,4.6,1,ChEMBL
CHEMBL6102442,COc1ccc(NC(=O)[C@H]2O[C@@H](n3cnc4c(N)ncnc43)[C@H](O)[C@@H]2O)cc1O,4.6,1,ChEMBL
CHEMBL6102988,Cc1cc(=O)oc2cc(S(=O)(=O)C[C@H]3O[C@@H](n4cnc5c(N)ncnc54)[C@H](O)[C@@H]3O)ccc12,4.6,1,ChEMBL
CHEMBL5199064,Cc1cc([N+](=O)[O-])c(-c2ccc(/C=N/NC(=O)c3nonc3N)o2)cc1Cl,4.6,1,ChEMBL
CHEMBL5437795,CCc1c(C(=O)/C=C/c2ccc(O)c([N+](=O)[O-])c2)oc2ccccc12,4.6,1,ChEMBL
CHEMBL5416515,O=Cc1cc(F)c(C(=O)Nc2cc(Cl)c3c(c2)OCCO3)cc1F,4.6,1,ChEMBL
CHEMBL4975056,Cc1[nH]c2ncnc(NC(=O)c3ccncc3Cl)c2c1C,4.6,1,ChEMBL
ALP-POS-88a7a97e-4,CC(C)(C)c1ccc(N(C(=O)c2cocn2)C(C(=O)NCc2cccnc2)c2cccnc2)cc1,4.6,1,Moonshot
MAT-POS-044491d2-3,Cc1ccncc1NC(=O)Cc1cc(Cl)cc(NC2CC2C(F)(F)F)c1,4.6,1,Moonshot
CHEMBL5441464,CC(C)[C@@H](Nc1ncnc2[nH]ccc12)c1ccc2c(c1)OCC(=O)N2,4.59,1,ChEMBL
CHEMBL5441648,Cc1nnc(Nc2ccc(C(=O)N[C@@H]3c4cccc(O)c4C[C@H]3C(=O)O)cc2)o1,4.59,1,ChEMBL
CHEMBL5442140,CCNC(=O)c1cc2c(N[C@@H](CC(=O)Nc3cnn(C(C)C)c3)C(C)C)ncnc2[nH]1,4.59,1,ChEMBL
LON-WEI-adc59df6-10,C=CC(=O)N(c1ccc(C(C)(C)C)cc1)C(C(=O)NCCCSC)c1cccnc1,4.59,1,Moonshot
CHEMBL5174488,NC(=S)N/N=C/c1ccc(-c2ccc(Cl)c(C(=O)O)c2)o1,4.59,1,ChEMBL
CHEMBL5517705,Cc1ccc(-c2noc(-c3ccc(-c4ccccc4)cc3)n2)cc1NCc1ccc(C(=O)O)s1,4.59,1,ChEMBL
MAT-POS-a2421bb6-1,NC1CCc2c(NC(=O)C3CCOc4ccc(Cl)cc43)cncc21,4.59,1,Moonshot
ALP-POS-e980f4ea-32,O=C(NCCc1cccc(F)c1)C(c1cccnc1)N(C(=O)c1cnc[nH]1)c1ccc(OC2CCOC2)cc1,4.59,1,Moonshot
WIL-UNI-d4749f31-37,O=C(NNc1nc2ccccc2[nH]1)c1cc(O)nc2ccccc12,4.59,1,Moonshot
JAG-UCB-52b62a6f-19,Cc1cc(C(F)(F)F)nc2n[nH]c(NC(=O)C3CCOc4ccc(Cl)cc43)c12,4.59,1,Moonshot
ALP-POS-305f6ec3-1,CC(C)(C)c1ccc(N(C(=O)c2cc(C3(O)COC3)on2)C(C(=O)NCCc2cccc(F)c2)c2cccnc2)cc1,4.58,1,Moonshot
TRY-UNI-714a760b-18,Cc1ccncc1NC(=O)C(C)c1cccc(Cl)c1,4.58,1,Moonshot
MAT-POS-bf364d7a-2,CC1(CS(=O)(=O)N2Cc3ccc(Cl)cc3[C@@H](C(=O)Nc3cncc4ccccc34)C2)CS(=O)(=O)C1,4.58,1,Moonshot
ALP-POS-568d9d36-1,C=CC(=O)N(c1ccc(I)cc1)C(C(=O)Nc1ccc(Cl)cc1)c1cncnc1,4.58,1,Moonshot
CHEMBL5187027,CC1(C)[C@H](C(=O)OCc2ccccc2)N2C(=O)[C@@H](NC(=O)COc3ccccc3)C[C@H]2S1(=O)=O,4.58,1,ChEMBL
CHEMBL5441514,O=C(O)C[C@@H](NC(=O)c1ncnc2[nH]ccc12)c1ccc(NCC2C[C@@H](O)[C@@H](O)C2)cc1,4.58,1,ChEMBL
CHEMBL6163724,COC(=O)/C=C/CNC(=O)CCc1ccccc1C(=O)N[C@H](C)c1cccc2ccccc12,4.58,1,ChEMBL
ALP-UNI-fe744232-18,CC(C)(O)c1ccc(N(C(=O)c2cocn2)C(C(=O)NCCc2cccc(F)c2)c2cccnc2)cc1,4.58,1,Moonshot
DAR-DIA-23aa0b97-19,N#Cc1cccc(NC(=O)Cc2cncc3ccccc23)c1,4.57,1,Moonshot
CHEMBL4848534,Cn1cc(SCC(=O)NCc2ccccc2)c2ccccc21,4.57,1,ChEMBL
CHEMBL395990,C[C@@H]1O[C@@H](O[C@H]2[C@H](Oc3cc(O)c4c(=O)cc(-c5ccc(O)cc5)oc4c3)O[C@H](CO)[C@@H](O)[C@@H]2O)[C@H](O)[C@H](O)[C@H]1O,4.57,1,ChEMBL
CHEMBL5191524,O=C1OCCN1C(=O)C(Cc1ccccc1)Sc1nc2cc(Cl)ccc2n1Cc1ccccc1,4.57,1,ChEMBL
CHEMBL5432737,N#Cc1c(C(=O)NCc2ccc(O)c([N+](=O)[O-])c2)[nH]c2ccccc12,4.57,1,ChEMBL
CHEMBL5441589,CC(C)[C@@H](Nc1ncnc2[nH]c(-c3cnn(-c4ccc(F)cc4)c3)cc12)c1ccc2c(c1)OCCO2,4.57,1,ChEMBL
CHEMBL6168096,CC(=O)/C=C/C(=O)NNC(=O)CCc1ccccc1C(=O)N[C@H](C)c1cccc2ccccc12,4.57,1,ChEMBL
CHEMBL6190204,Cn1cc(/C=N/NC(=O)c2ccc(CSc3cccc4cccnc34)cc2)cn1,4.57,1,ChEMBL
EDJ-MED-611d11e7-8,COc1ccc2cncc(NC(=O)[C@@H]3CCNc4cc(Cl)c(Cl)cc43)c2c1,4.56,1,Moonshot
KAD-UNI-b13decd3-4,NS(=O)(=O)c1ccc(CNC[C@@]2(C(=O)Nc3cncc4ccccc34)CCOc3ccc(Cl)cc32)cc1F,4.56,1,Moonshot
ALP-POS-ced8ea4d-35,O=C(NCCc1cccc(F)c1)C(c1cccnc1)N(C(=O)c1cocn1)c1cn(Cc2ccccc2)cn1,4.56,1,Moonshot
ERI-UCB-a0b0dbcb-11,COc1cccc(CN2CCN(C(=O)c3cc(=O)[nH]c4ccccc34)CC2)c1,4.56,1,Moonshot
MAT-POS-916a2c5a-4,O=C(c1cc(=O)[nH]c2ccccc12)N1CCN(c2ccccc2)CC1,4.56,2,Moonshot
MAK-UNK-7c9d1431-17,COc1ccc(S(=O)(=O)N2CCN(C(=O)CCl)CC2)cc1,4.56,1,Moonshot
CHEMBL5201497,COc1cc2c(cc1Cl)nc(SC(Cc1ccco1)C(=O)N1CCOC1=O)n2Cc1ccccc1,4.56,1,ChEMBL
CHEMBL4526128,O=C(N[C@@H](Cc1ccc(O)cc1)C(=O)O)c1cc(-c2ccccc2)c(=O)n2c1sc1ccc(OC3CCCCC3)cc12,4.56,1,ChEMBL
CHEMBL5439086,Nc1ncnc2c1ncn2[C@@H]1O[C@H](CS(=O)(=O)CCNS(=O)(=O)c2ccc([N+](=O)[O-])cc2)[C@@H](O)[C@H]1O,4.56,1,ChEMBL
CHEMBL5442006,CC(C)[C@@H](Nc1ncnc2[nH]c(-c3ccc(CC#N)cc3)cc12)c1ccc2c(c1)OCCO2,4.56,1,ChEMBL
CHEMBL6114928,COc1cc(CNC(=O)C2CN(C(C)c3cccc4ccccc34)C2)ccn1,4.56,1,ChEMBL
GIA-UNK-a79af1bc-1,Cc1cc(C)nc(NC2CCN(C(=O)CCl)CC2)n1,4.56,1,Moonshot
LON-WEI-4d77710c-51,Cc1noc(C)c1CCNC(=O)Nc1cn(CC(C)C)c(=O)c2ccccc12,4.56,2,Moonshot
ALP-POS-ced8ea4d-11,CS(=O)(=O)Cc1ccc(N(C(=O)c2cocn2)C(C(=O)NCCc2cccc(F)c2)c2cccnc2)cc1,4.56,1,Moonshot
ALP-POS-95f71980-28,O=C(NCCc1cccc(F)c1)C(c1cccnc1)N(C(=O)c1cocn1)c1ccc(N2CCCS2(=O)=O)cc1,4.56,1,Moonshot
DAV-CRI-3edb475e-6,CC(NC(=O)CCl)c1cc(F)cc(Cl)c1,4.55,1,Moonshot
MAT-POS-d8472c4f-4,O=C(Nc1cncc2ccccc12)c1ccnc2cc(Cl)c(Cl)cc12,4.55,1,Moonshot
CHEMBL2311695,CC(C)c1ccc(N(C(=O)c2ccco2)C(C(=O)NC(C)(C)C)c2cccnc2)cc1,4.55,1,ChEMBL
CHEMBL223094,CC(=O)N[C@H](C(=O)N[C@H](C(=O)N[C@@H](CC(C)C)C(=O)N[C@@H](CCC(=O)N(C)C)C(=O)Cn1[nH]c(=O)c2ccccc2c1=O)C(C)O)C(C)C,4.55,1,ChEMBL
CHEMBL5278309,O=C(c1ccc(-c2ccc(Cl)cc2)o1)C(F)c1cncc(Br)c1,4.55,1,ChEMBL
CHEMBL5441894,O=C(c1nnn[nH]1)N1CCC(c2ccn3ncc(C(=O)N4CCCCC4)c3c2)CC1,4.55,1,ChEMBL
CHEMBL5441921,O=C(N[C@@H]1CCC[C@@H]1C(=O)O)c1cnn2ccc(C3CCN(C(=O)c4ccc(Cl)cc4)CC3)cc12,4.55,1,ChEMBL
CHEMBL5441899,O=C(O)C[C@@H](NC(=O)c1c[nH]c2ncccc12)c1ccc(Br)cc1,4.55,1,ChEMBL
CHEMBL6102427,CC(=O)N[C@H](C(=O)N1C[C@H]2[C@@H]([C@H]1C(=O)N[C@H](C#N)C[C@@H]1CCNC1=O)C2(C)C)c1cc(Cl)c(OCCN(C)C)c(Cl)c1,4.55,1,ChEMBL
ALP-POS-95f71980-3,Cc1cnnn1-c1ccc(N(C(=O)c2cocn2)C(C(=O)NCCc2cccc(F)c2)c2cccnc2)cc1,4.55,1,Moonshot
EDJ-MED-ee742daa-4,CN(C)S(=O)(=O)N1Cc2ccc(Cl)cc2C(C(=O)Nc2cnccc2C(F)(F)F)C1,4.54,1,Moonshot
CHEMBL5424171,COc1cccc2[nH]c(C(=O)N[C@@H](CC(C)C)C(=O)N[C@H](C#N)CCC(N)=O)cc12,4.54,1,ChEMBL
CHEMBL5441757,CNc1c[nH]c2ncnc(N[C@@H](c3ccc4c(c3)OCCO4)C(C)C)c12,4.54,1,ChEMBL
CHEMBL5441787,COC(=O)c1cc2c(N[C@@H](c3ccc4c(c3)CCN4)C(C)C)ncnc2[nH]1,4.54,1,ChEMBL
CHEMBL5570180,CCCCCCCCCC(C)CCC(C)C(=O)O,4.54,1,ChEMBL
ALP-POS-305f6ec3-2,CC(C)(C)c1ccc(N(C(=O)c2c[nH]c(=O)s2)C(C(=O)NCCc2cccc(F)c2)c2cccnc2)cc1,4.54,1,Moonshot
STE-KUL-d79e3d6a-4,C#CCCCC(=O)N[C@@H](CC)C(=O)N[C@H](C(=O)N[C@@H](CC(C)C)C(=O)N[C@@H](CCC(N)=O)C(=O)COC(=O)c1c(C)cccc1C)C(C)(C)C,4.54,1,Moonshot
ALP-POS-88a7a97e-10,CN(C)C(=O)CNC(=O)C(c1cccnc1)N(C(=O)c1cocn1)c1ccc(C(C)(C)C)cc1,4.53,1,Moonshot
CHEMBL5186585,CC(C)(C)c1ccc2c(c1)nc(SC(Cc1ccccc1)C(=O)N1CCOC1=O)n2Cc1ccccc1,4.53,1,ChEMBL
CHEMBL5179950,O=C(CSc1nc2cc(Cl)c(Cl)cc2n1Cc1ccccc1)N1CCOC1=O,4.53,1,ChEMBL
CHEMBL5206974,CC(=O)OCC1Cc2c(-c3ccccn3)cccc2-c2c(O)ccc(C(C)C)c21,4.53,1,ChEMBL
CHEMBL5591631,CC1(C)C=Cc2c(ccc3cc(C(=O)N/N=C/c4cnc5ccccc5c4)oc23)O1,4.53,1,ChEMBL
RAL-THA-2d450e86-38,Cc1ccccc1CC(=O)Nc1cncc2ccccc12,4.53,1,Moonshot
LON-WEI-4d77710c-44,CC(C)Cn1cc(NC(=O)NCc2ccco2)c2ccccc2c1=O,4.53,2,Moonshot
MED-COV-4280ac29-25,O=C(CCl)N1CCN(Cc2cnc(Cc3ccccc3)s2)CC1,4.53,1,Moonshot
CHEMBL5442104,O=C(O)C[C@@H](NC(=O)c1ccc(NC(=O)NC2CC2)cc1)c1cccc(F)c1,4.53,1,ChEMBL
CHEMBL5442035,CC(C)[C@@H](Nc1ncnc2[nH]ccc12)c1ccc2c(c1)N(C)CCO2,4.53,1,ChEMBL
EDJ-MED-49816e9b-1,Cc1ccncc1CC(=O)Nc1cccc(Cl)c1,4.52,1,Moonshot
PEI-IMP-3d837503-1,CCOC(=O)/C=C/N1CCN(S(=O)(=O)c2ccccc2)CC1,4.52,1,Moonshot
CHEMBL5173495,CCCOc1ccc(-c2cc(OCCN3CCN(Cc4ccccc4)CC3)c3c(OC)cc(OC)cc3n2)cc1,4.52,1,ChEMBL
CHEMBL5209332,CCCOc1ccc(-c2cc(OCCN3CCCC3)c3cc(OC)cc(OC)c3n2)cc1,4.52,1,ChEMBL
CHEMBL5575599,C=CC(=O)N[C@@H](CC(C)C)C(=O)N[C@@H](Cc1c[nH]c2ccccc12)C(=O)NCc1ccccc1,4.52,1,ChEMBL
CHEMBL5565757,CC(C)C[C@@H](NC(=O)CCl)C(=O)N[C@@H](Cc1c[nH]c2ccccc12)C(=O)NCc1ccccc1,4.52,1,ChEMBL
CHEMBL5589813,O=C(CCl)NCC(=O)N[C@@H](Cc1c[nH]c2ccccc12)C(=O)NCc1ccccc1,4.52,1,ChEMBL
CHEMBL5566703,O=C(CS)N[C@@H](Cc1ccccc1)C(=O)N[C@@H](Cc1c[nH]c2ccccc12)C(=O)NCc1ccccc1,4.52,1,ChEMBL
CHEMBL5566215,C=CC(=O)N[C@@H](Cc1ccccc1)C(=O)N[C@@H](Cc1c[nH]c2ccccc12)C(=O)NCc1ccccc1,4.52,1,ChEMBL
CHEMBL5564969,CC(C)C[C@H](NC(=O)CCl)C(=O)N[C@@H](Cc1ccccc1)C(=O)N[C@@H](Cc1c[nH]c2ccccc12)C(=O)NCc1ccccc1,4.52,1,ChEMBL
CHEMBL5569237,C=CC[C@H](NC(=O)CCl)C(=O)N[C@@H](Cc1c[nH]c2ccccc12)C(=O)NCCN1CCOCC1,4.52,1,ChEMBL
CHEMBL5570567,COC(=O)[C@H](CC(C)C)NC(=O)[C@H](Cc1c[nH]c2ccccc12)NC(=O)CCl,4.52,1,ChEMBL
CHEMBL5563602,C=CC[C@H](NC(=O)CCl)C(=O)N[C@@H](CC=C)C(=O)N[C@H](CNCc1ccccc1)Cc1c[nH]c2ccccc12,4.52,1,ChEMBL
CHEMBL5592679,COC(=O)[C@H](CCC(N)=O)NC(=O)[C@H](Cc1c[nH]c2ccccc12)NC(=O)[C@H](CC(C)C)NC(=O)CCl,4.52,1,ChEMBL
CHEMBL5574180,CC(C)C[C@@H](C(=O)NCC12CC3CC(CC(C3)C1)C2)N(Cc1ccccc1)C(=O)CCl,4.52,1,ChEMBL
LUO-POS-868e8996-10,N#CC1(CS(=O)(=O)N2Cc3ccc(Cl)cc3[C@]3(CC(=O)N(c4cncc5ccccc45)C3=O)C2)CC1,4.52,1,Moonshot
CHEMBL5184754,O=C1NCCN1C(=O)C(Cc1ccccc1)Sc1nc2cc(Cl)ccc2n1Cc1ccccc1,4.52,1,ChEMBL
CHEMBL5441650,CCNC(=O)c1cc2c(N[C@H](c3ccc4nc(NC(C)=O)sc4c3)C(C)C)ncnc2[nH]1,4.52,1,ChEMBL
RAL-THA-2d450e86-11,COc1cccc(CC(=O)Nc2cncc3ccccc23)c1,4.52,1,Moonshot
ALP-POS-b0bc6a46-22,COc1ccc(N(C(=O)c2ccco2)C(C(=O)NCCc2cccc(F)c2)c2cccnc2)cc1,4.52,2,Moonshot
EDJ-MED-dd2a8363-3,O=C1NCC(C(=O)Nc2cnn3c2CCCC3)c2cc(Cl)ccc21,4.52,1,Moonshot
CHEMBL5442106,O=C(O)C[C@@H](NC(=O)c1nccc2cc[nH]c12)c1ccc(Br)cc1,4.51,1,ChEMBL
CHEMBL5442004,Cc1nn(C)nc1-c1cc2c(N[C@@H](c3ccc4c(c3)OCCO4)C(C)C)ncnc2[nH]1,4.51,1,ChEMBL
MAT-POS-78e1d523-2,CNC(=O)C1(CC(=O)Nc2cncc3ccccc23)CCOc2ccc(Cl)cc21,4.51,1,Moonshot
ALP-POS-ce760d3f-4,O=C(Nc1c[n+]([O-])cc2ccccc12)[C@H]1CCOc2ccc(Cl)cc21,4.51,1,Moonshot
CHEMBL5189428,O=C1OCCN1C(=O)C(Cc1ccco1)Sc1nc2cc(Cl)c(Cl)cc2n1Cc1ccccc1,4.51,1,ChEMBL
CHEMBL5172484,COc1ccc(COC(=O)[C@@H]2N3C(=O)[C@@H](NC(=O)COc4ccccc4)[C@H]3S(=O)(=O)C2(C)C)cc1,4.51,1,ChEMBL
CHEMBL5425227,C=C(Cl)COC(=O)c1cnc2[nH]ccc2c1,4.51,1,ChEMBL
CHEMBL5441741,CC(C)[C@@H](Nc1ncnc2[nH]ccc12)C(N)=O,4.51,1,ChEMBL
RAL-THA-58fba2bc-1,O=C(O)CC1(C(=O)Nc2cncc3ccccc23)CCOc2ccc(Cl)cc21,4.5,2,Moonshot
MAT-POS-f42f3716-4,CCc1cc(F)ccc1-c1cc(Cl)cc(CC(=O)Nc2cnccc2C)c1,4.5,1,Moonshot
CHEMBL5436990,C=CC(=O)NCCC(=O)N1CCC(C2C(=O)Nc3cc(Cl)ccc32)CC1,4.5,1,ChEMBL
CHEMBL5441484,CNc1ccc([C@@H](CC(=O)O)NC(=O)c2ncnc3[nH]ccc23)cc1,4.5,1,ChEMBL
CHEMBL5441830,Cc1n[nH]c(C)c1-c1cc2c(N[C@@H](c3ccc4c(c3)OCCO4)C(C)C)ncnc2[nH]1,4.5,1,ChEMBL
CHEMBL5505771,CC(c1noc(-c2ccc(-c3ccc(C#N)s3)cc2)n1)c1cccc2ccccc12,4.5,1,ChEMBL
MAT-POS-f42f3716-6,Cc1ccncc1NC(=O)Cc1cc(Cl)cc(-c2ccc(C)c(F)c2F)c1,4.5,1,Moonshot
ALP-POS-76eab5ce-2,O=C(NCc1cccc(Cl)c1)c1cncc2ccccc12,4.5,1,Moonshot
CHEMBL5442060,COc1cccc([C@@H](Nc2ncnc3[nH]ccc23)C(C)C)c1,4.5,1,ChEMBL
MAT-POS-afb6844f-1,CNc1cncc(NC(=O)C2CCOc3ccc(Cl)cc32)c1C,4.49,1,Moonshot
CHEMBL5194113,Cc1ccc2c(c1)nc(SC(Cc1ccccc1)C(=O)N1CCNC1=O)n2Cc1ccccc1,4.49,1,ChEMBL
CHEMBL5187397,NC(=S)N/N=C/c1ccc(-c2ccc(C(=O)O)c(Cl)c2)o1,4.49,1,ChEMBL
ALP-POS-95f71980-14,CC(C)(C)c1cnc(N(C(=O)c2cocn2)C(C(=O)NCCc2cccc(F)c2)c2cccnc2)o1,4.49,1,Moonshot
BEN-DND-7e92b6ca-13,COc1ccccc1N1CCN(C(=O)c2cc(=O)[nH]c3ccccc23)CC1,4.48,1,Moonshot
MAT-POS-3ccb8ef6-2,O=C(Nc1cncc2ccccc12)[C@H]1CNCc2ccc(Cl)cc21,4.48,1,Moonshot
CHEMBL611029,O=c1c(O)c(-c2ccc(O)cc2)oc2c(O)c(O)cc(O)c12,4.48,1,ChEMBL
CHEMBL5200159,CCc1ccc(O)c2c1C(COC(C)=O)Cc1c(-c3ccccn3)cccc1-2,4.48,1,ChEMBL
ALP-POS-95f71980-33,Cc1nnn(-c2ccc(N(C(=O)c3cocn3)C(C(=O)NCCc3cccc(F)c3)c3cccnc3)cc2)n1,4.48,1,Moonshot
LON-WEI-adc59df6-40,C=CC(=O)N(c1ccc(C(C)(C)C)cc1)C(C(=O)NCc1ccccc1)c1cccnc1,4.48,1,Moonshot
ALP-POS-d0876c20-4,COc1nc2ncc(C(C(=O)NCCc3cccc(F)c3)N(C(=O)c3cocn3)c3ccc(C(C)(C)C)cc3)cn2n1,4.48,1,Moonshot
ALP-POS-cd485364-2,Nc1cncc2c1CCCN2C(=O)Cc1cccc(Cl)c1,4.48,1,Moonshot
WAR-XCH-79d12f6e-4,Cc1ccc(S(=O)(=O)NC2CCN(C(=O)CCl)CC2)cc1,4.47,1,Moonshot
MAT-POS-590ac91e-40,COc1ccccc1OCC(C)NC(=O)c1cc(=O)[nH]c2cc(F)ccc12,4.47,1,Moonshot
CHEMBL464006,CC(C)=CCc1c(-c2ccc(O)cc2O)oc2c3c(cc(O)c2c1=O)OC(C)(C)C=C3,4.47,1,ChEMBL
CHEMBL5441861,O=C(O)C[C@@H](NC(=O)c1ncnc2[nH]ccc12)c1ccncc1,4.47,1,ChEMBL
CHEMBL5169608,CC(C)[C@H](Nc1ncnc2[nH]ccc12)C(=O)O,4.47,1,ChEMBL
CHEMBL5593246,CC1(C)C=Cc2c(ccc3cc(C(=O)N/N=C/c4ccc5ncccc5c4)oc23)O1,4.47,1,ChEMBL
CHEMBL5613938,CSc1nc2ccccc2n1C(=O)c1cccc(C(F)(F)F)c1,4.47,1,ChEMBL
RUB-POS-1325a9ea-15,Cn1ncc2c(NC(=O)Cc3cccc(Cl)c3)cncc21,4.47,1,Moonshot
ERI-UCB-a0b0dbcb-13,O=C(c1cc(=O)[nH]c2ccccc12)N1CCN(Cc2cccc(C(F)(F)F)c2)CC1,4.47,1,Moonshot
RAL-MED-2de63afb-2,Cc1cc(NC(=O)Cc2cncnc2)cc(OC2CC(=O)N2)c1,4.46,1,Moonshot
MAT-POS-bb423b95-7,CN(C(=O)Cc1cccc(Cl)c1)c1cncc2ccccc12,4.46,1,Moonshot
CHEMBL5170254,CC(C)(C)c1ccc2c(c1)nc(SCC(=O)N1CCOC1=O)n2Cc1ccccc1,4.46,1,ChEMBL
CHEMBL5195155,C[C@H](NC(=O)C(c1cccnc1)N(C(=O)c1ccco1)c1ccc(Cc2ccccc2)cc1)c1ccccc1,4.46,1,ChEMBL
CHEMBL5401763,C#C[C@H](CCC(N)=O)NC(=O)[C@H](CC(C)C)NC(=O)OCc1ccccc1,4.46,1,ChEMBL
CHEMBL5442121,Cn1ccc2c(C(=O)N[C@@H](CC(=O)O)c3ccc(Br)cc3)ccnc21,4.46,1,ChEMBL
CHEMBL5556449,Cc1ccc(NC2CCCC(C(=O)O)C2)cc1-c1noc(C(C)c2cccc3ccccc23)n1,4.46,1,ChEMBL
CHEMBL554,CS(=O)(=O)CCNCc1ccc(-c2ccc3ncnc(Nc4ccc(OCc5cccc(F)c5)c(Cl)c4)c3c2)o1,4.46,1,ChEMBL
RAL-THA-2d450e86-39,COc1ccccc1CC(=O)Nc1cncc2ccccc12,4.46,1,Moonshot
MAT-POS-932d1078-2,CO[C@]1(C(=O)Nc2cncc3ccccc23)CCOc2c(F)cc(F)cc21,4.45,1,Moonshot
BRU-THA-92256091-86,O=C(NCCc1cccc(F)c1)C(c1cccnc1)N(C(=O)c1c[nH]cn1)c1ccc(Cn2cccn2)cc1,4.45,1,Moonshot
ALP-POS-e980f4ea-16,O=C(NCCc1cccc(F)c1)C(c1cccnc1)N(C(=O)c1cnc[nH]1)c1ccc(Cn2cccn2)cc1,4.45,1,Moonshot
CHEMBL5202164,O=C(CSc1nc2cc(Cl)c(O)cc2n1Cc1ccccc1)N1CCOC1=O,4.45,1,ChEMBL
CHEMBL5174450,CC(=O)OCC1Cc2c(-c3ccc(Cl)cn3)cccc2-c2c(O)ccc(C)c21,4.45,1,ChEMBL
CHEMBL5192323,CC1(C)[C@H](C(=O)OCc2cc(C(F)(F)F)cc(C(F)(F)F)c2)N2C(=O)[C@@H](NC(=O)COc3ccccc3)[C@H]2S1(=O)=O,4.45,1,ChEMBL
CHEMBL1770312,CC(C)=CCc1c(-c2ccc(O)c3c2OC(C)(C)C=C3)oc2cc(O)cc(O)c2c1=O,4.45,1,ChEMBL
CHEMBL5275803,CC1=C(c2ccccc2)C1C(=O)NCc1nc(-c2cccc(C)c2)no1,4.45,1,ChEMBL
CHEMBL5410076,COc1ccc(C(=O)N[C@H](C)c2cccc3ccccc23)cc1N,4.45,1,ChEMBL
CHEMBL5441785,O=C(N[C@H]1CCC[C@H]1C(=O)O)c1cnn2ccc(C3CCN(C(=O)c4ccccc4)CC3)cc12,4.45,1,ChEMBL
CHEMBL5441734,CC(C)[C@@H]1C(=O)NCCN1c1ncnc2[nH]ccc12,4.45,1,ChEMBL
CHEMBL5557982,Cc1ccc(-c2noc(C(C)(C)c3ccc(-c4ccccc4)cc3)n2)cc1NCc1ccc(C(=O)O)s1,4.45,1,ChEMBL
BAR-COM-4e090d3a-6,Cn1nncc1CC(=O)NC(c1ccccc1)c1nc2ccccc2n1C,4.45,1,Moonshot
LON-WEI-adc59df6-3,C=CC(=O)N(c1ccc(C(C)(C)C)cc1)C(C(=O)NC)c1cccnc1,4.45,1,Moonshot
KAD-UNI-cb0f2bbc-23,CNS(=O)(=O)c1cc(CNC[C@@]2(C(=O)Nc3cncc4ccccc34)CCOc3ccc(Cl)cc32)ccc1F,4.44,1,Moonshot
LON-WEI-adc59df6-43,C=CC(=O)N(c1ccc(C(C)(C)C)cc1)C(C(=O)Nc1ccc2c(c1)OCO2)c1cccnc1,4.44,1,Moonshot
CHEMBL5182801,Cc1ccc2c(c1)nc(SC(Cc1ccccc1)C(=O)N1CCOC1=O)n2Cc1ccccc1,4.44,1,ChEMBL
CHEMBL1479456,NC(=O)CN1C(=O)C(O)(CC(=O)/C=C\c2ccc3c(c2)OCO3)c2ccccc21,4.44,1,ChEMBL
ALP-POS-ced8ea4d-37,O=C(NCCc1cccc(F)c1)C(c1cccnc1)N(C(=O)c1cocn1)c1ccc(C(F)(F)F)nc1,4.44,1,Moonshot
DAR-DIA-0587064e-19,O=C(Nc1cncc2ccccc12)C1CCOc2c(OCc3ccccc3)cc(Cl)cc21,4.44,2,Moonshot
MAT-POS-044491d2-7,Cc1ccncc1NC(=O)Cc1cc(Cl)cc(NCC(C)(C)C#N)c1,4.44,1,Moonshot
MAT-POS-c9973a83-1,COc1cc(Cl)cc(CC(=O)Nc2cnccc2C)c1,4.43,1,Moonshot
RAL-THA-6b94ceba-2,Cc1ccncc1NC(=O)Cc1cc(Cl)cc(OCc2ncn[nH]2)c1,4.43,1,Moonshot
CHEMBL6166367,CC(=O)C(=O)NNC(=O)CCc1ccccc1C(=O)N[C@H](C)c1cccc2ccccc12,4.43,1,ChEMBL
NEH-REV-107bcf72-5,O=C(CCl)N1CCN(Cc2cc(O)ccc2O)CC1,4.43,1,Moonshot
ALP-POS-02c6a514-34,CC(C)(C)c1ccc(N(C(=O)c2ccco2)C(C(=O)NCCc2cccc(F)c2)c2cnc3ccccn23)cc1,4.43,1,Moonshot
EDG-MED-ba1ac7b9-28,CN(CCO)C1CCN(C(=O)CC2(C(=O)Nc3cncc4ccccc34)CCOc3ccc(Cl)cc32)CC1,4.42,1,Moonshot
AAR-POS-8a4e0f60-7,CN(C(=O)Cn1nnc2ccccc21)c1ccc(Oc2ccc(C(F)(F)F)cn2)cc1,4.42,1,Moonshot
JIN-POS-6dc588a4-20,O=C(Cc1cccc(Cl)c1)Nc1cncc2c1NCCC2,4.42,1,Moonshot
CHEMBL445978,COc1ccc(-c2cc(=O)c3c(O)c(OC)c(O[C@@H]4O[C@H](CO[C@@H]5O[C@@H](C)[C@H](O)[C@@H](O)[C@H]5O)[C@@H](O)[C@H](O)[C@H]4O)cc3o2)cc1,4.42,1,ChEMBL
CHEMBL5187156,O=C(Nc1ccc2c(c1)B(O)OC2)c1cccc(OCc2ccccc2)n1,4.42,1,ChEMBL
CHEMBL5279125,O=C[C@H](Cc1c[nH]cn1)NC(=O)[C@H](Cc1c[nH]cn1)NC(=O)[C@@H]1Cc2ccccc2CN1,4.42,1,ChEMBL
CHEMBL5438646,Nc1ncnc2c1ncn2[C@@H]1O[C@H](CS(=O)(=O)CCNS(=O)(=O)c2ccc(C(F)(F)F)cc2)[C@@H](O)[C@H]1O,4.42,1,ChEMBL
CHEMBL5441622,O=C(O)c1sccc1C(=O)N1CCC(c2ccn3ncc(C(=O)N4CCCCC4)c3c2)CC1,4.42,1,ChEMBL
CHEMBL5441859,CC(C)[C@H](Nc1ncnc2c1OCCO2)c1ccc2c(c1)S(=O)(=O)CCC2,4.42,1,ChEMBL
CHEMBL5565292,CN(C)C1CN(Cc2ccc(NC(=O)c3ccc(OCCC(F)(F)F)c([N+](=O)[O-])c3)cc2C(F)(F)F)C1,4.42,1,ChEMBL
ERI-UCB-ce40166b-6,O=C(Cc1cncc2ccccc12)Nc1cc(Cl)cc(OC2CCC(=O)N2)c1,4.42,1,Moonshot
CHEMBL5441975,O=C(O)C[C@@H](NC(=O)c1cncc2[nH]ccc12)c1ccc(Br)cc1,4.42,1,ChEMBL
EDJ-MED-d08626de-1,CO[C@]1(C(=O)Nc2cncc3ccccc23)CCOc2ccc(Cl)cc21,4.41,1,Moonshot
ALP-POS-c0c213c9-1,COc1ccc2nnn(CC(=O)N(Cc3ccccn3)c3ccc(C4CCNCC4)cc3)c2c1,4.41,1,Moonshot
CHEMBL5172191,CC(=O)Cc1cc(=O)c2c(C)cc(O)c([C@@H]3O[C@H](CO)[C@@H](O)[C@H](O)[C@H]3O)c2o1,4.41,1,ChEMBL
CHEMBL5272656,COc1cccc(-c2noc(CNC(=O)C3C(C)=C3c3ccccc3)n2)c1,4.41,1,ChEMBL
CHEMBL5405564,C=CC(=O)N(C)c1ccc(C(=O)Nc2ccc(-c3cn4ccsc4n3)cc2)cc1,4.41,1,ChEMBL
CHEMBL5439416,CNS(=O)(=O)/C=C/[C@H](CCC(N)=O)NC(=O)[C@H](CC(C)C)NC(=O)OCc1ccccc1,4.41,1,ChEMBL
CHR-SOS-7098f804-14,O=C(Nc1cccnc1)c1cc(Cl)ccc1-c1ccccc1,4.41,1,Moonshot
ALP-POS-95f71980-11,CC(C)(C)c1ccc(N(C(=O)c2coc(CS(C)(=O)=O)n2)C(C(=O)NCCc2cccc(F)c2)c2cccnc2)cc1,4.41,1,Moonshot
CHEMBL5442135,O=C(N[C@@H]1CCC[C@@H]1C(=O)O)c1cnn2ccc(C3CCN(C(=O)c4ccc(Cl)c(Cl)c4)CC3)cc12,4.41,1,ChEMBL
CHEMBL5441942,Cc1ccc(-c2cc3c(N[C@@H](c4ccc5c(c4)OCCO5)C(C)C)ncnc3[nH]2)o1,4.41,1,ChEMBL
ALP-POS-a3de0cb1-16,O=C1CCCCN1c1ccc(N(Cc2ccccc2)C(=O)Cc2n[nH]c3ccccc23)cc1,4.4,1,Moonshot
EDG-MED-5d232de5-8,O=C1[C@H](c2cccc(Cl)c2)CCN1c1cncc2ccccc12,4.4,1,Moonshot
ALP-POS-305f6ec3-59,CC(C)(C)c1ccc(N(C(=O)c2cc(=O)[nH][nH]2)C(C(=O)NCCc2cccc(F)c2)c2cccnc2)cc1,4.4,1,Moonshot
VLA-UCB-05e51b3f-5,O=C1C[C@@]2(CCOc3ccc(Cl)cc32)C(=O)N1c1cncc2ccccc12,4.4,1,Moonshot
CHEMBL1431798,CN=C(S)N=C(Nc1ccccc1)c1ccccc1,4.4,1,ChEMBL
CHEMBL5442068,O=C(O)C[C@@H](NC(=O)c1ccc2[nH]ccc2n1)c1ccc(Br)cc1,4.4,1,ChEMBL
CHEMBL5441711,O=C(O)C[C@@H](NC(=O)c1cccc2[nH]cnc12)c1ccc(Br)cc1,4.4,1,ChEMBL
CHEMBL5441602,CS(=O)(=O)Nc1cccc([C@@H](CC(=O)O)NC(=O)c2ncnc3[nH]ccc23)c1,4.4,1,ChEMBL
TAM-UNI-d1c3dd9f-5,CS(=O)(=O)N1CCc2ccc(CN3CCN(C(=O)CCl)CC3)cc2C1,4.4,1,Moonshot
MAT-POS-afd4d4fd-2,O=C(Cc1cccc(Cl)n1)Nc1cncc2ccccc12,4.39,1,Moonshot
ALP-POS-477dc5b7-3,O=C(Nc1cncc2ccccc12)C1(CCC2CC2)CCOc2ccc(Cl)cc21,4.39,1,Moonshot
CHEMBL5172901,NC(=S)N/N=C/c1ccc(-c2cccc(C(=O)O)c2Cl)o1,4.39,1,ChEMBL
CHEMBL5403998,CCCCCCCCCCCCNC(=O)[C@@H](Cc1ccc(O)c(O)c1)OC(=O)/C=C/c1ccc(O)c(O)c1,4.39,1,ChEMBL
CHEMBL6103385,Cc1ccc(N)cc1CN[C@H](C)c1cccc2ccccc12,4.39,1,ChEMBL
ALP-POS-0c2c77e1-1,O=C(Cc1cccc(Cl)c1)Nc1cnccc1-c1ccccc1,4.39,2,Moonshot
ALP-POS-0c0a3b93-1,CC(C)(C)c1ccc(N(C(=O)c2ccco2)C(C(=O)N2CCOCC2)c2cccnc2)cc1,4.39,1,Moonshot
BRU-THA-92256091-20,CS(=O)(=O)Cc1ccc(N(C(=O)c2c[nH]cn2)C(C(=O)NCCc2cccc(F)c2)c2cccnc2)cc1,4.39,1,Moonshot
ALP-POS-e980f4ea-11,CS(=O)(=O)Cc1ccc(N(C(=O)c2cnc[nH]2)C(C(=O)NCCc2cccc(F)c2)c2cccnc2)cc1,4.39,1,Moonshot
CHEMBL5441842,CNc1cccc([C@@H](CC(=O)O)NC(=O)c2ncnc3[nH]ccc23)c1,4.38,1,ChEMBL
RAL-THA-6b94ceba-5,CC(=O)NCc1cc(Cl)cc(CC(=O)Nc2cnccc2C)c1,4.38,1,Moonshot
CHEMBL5200289,Cc1ccsc1C(=O)N[C@H](C)c1cccc2ccccc12,4.38,1,ChEMBL
CHEMBL5184680,CC1(C)[C@H](C(=O)OCc2ccccc2)N2C(=O)[C@@H](NC(=O)COc3cccc4ccccc34)[C@H]2S1(=O)=O,4.38,1,ChEMBL
CHEMBL5441693,Cc1[nH]c2ncnc(NC(=O)C3CC=CC3)c2c1C,4.38,1,ChEMBL
CHEMBL5442142,CC(C)[C@@H](Nc1ncnc2[nH]ccc12)c1ccc(C(F)(F)F)cc1,4.38,1,ChEMBL
CHEMBL5441723,Cc1ccoc1-c1cc2c(N[C@@H](c3ccc4c(c3)OCCO4)C(C)C)ncnc2[nH]1,4.38,1,ChEMBL
JAG-UCB-a3ef7265-3,O=C(Nc1cnccc1CO)[C@@H]1COc2ccc(Cl)cc21,4.37,1,Moonshot
CHEMBL5175380,Nc1cc(C(=O)Nc2cccc3ccccc23)cc(C(F)(F)F)c1,4.37,1,ChEMBL
CHEMBL5279101,O=c1c(OC[C@H]2O[C@@H](O)[C@H](O)[C@@H](O)[C@H]2O)c(-c2ccc(O)c(O)c2)oc2cc(O)cc(O)c12,4.37,1,ChEMBL
CHEMBL5442081,CC(C)[C@@H](Nc1ncnc2n[nH]cc12)c1cnn(C)c1,4.37,1,ChEMBL
CHEMBL5594631,CC1(C)C=Cc2c(ccc3cc(C(=O)N/N=C/c4cccc5ncccc45)oc23)O1,4.37,1,ChEMBL
CHEMBL5630045,CN1C[C@@H](c2ccc(F)cc2)[C@@]2(CN(P(=O)(CO)CO)C/C(=C\c3ccccc3)C2=O)[C@@]12C(=O)Nc1ccc(Cl)cc12,4.37,1,ChEMBL
PET-UNK-ac320b15-9,O=C(N[C@@H](C(=O)Nc1cncc2ccccc12)c1cccc(Cl)c1)[C@H]1CC[C@@H](C(=O)N2CCCC2)O1,4.37,1,Moonshot
ALP-POS-b0bc6a46-16,O=C(NCCc1cccc(F)c1)C(c1cccnc1)N(C(=O)c1ccco1)c1ccc(-c2n[nH]c3c2COCC3)cc1,4.37,2,Moonshot
CHEMBL5281483,O=C(OCCc1ccc(O)c(O)c1)c1cc(=O)c2c(O)cccc2o1,4.36,1,ChEMBL
CHEMBL5441727,CC(C)[C@@H](Nc1n[nH]c2ncccc12)c1ccc2c(c1)S(=O)(=O)CCC2,4.36,1,ChEMBL
CHEMBL5441563,CC(C)[C@@H](Nc1cc(N)ncn1)c1ccc2c(c1)S(=O)(=O)CCC2,4.36,1,ChEMBL
CHEMBL291313,N#CC(C#N)=C1C(=O)Nc2ccc([N+](=O)[O-])cc21,4.36,1,ChEMBL
MAT-POS-0bc33984-1,CC1CCNC(=O)C1NC(=O)Cc1cccc(Cl)c1,4.36,1,Moonshot
BEN-DND-03406596-8,O=C(CCl)N1CCCN(S(=O)(=O)c2ccc(F)cc2)CC1,4.36,1,Moonshot
ALP-POS-305f6ec3-21,CCOC(=O)Cn1cc(C(=O)N(c2ccc(C(C)(C)C)cc2)C(C(=O)NCCc2cccc(F)c2)c2cccnc2)nn1,4.36,1,Moonshot
CHEMBL5441825,COC[C@@H]1C[C@@H]1CNc1ccc([C@@H](CC(=O)O)NC(=O)c2ncnc3[nH]ccc23)cc1,4.36,1,ChEMBL
LON-WEI-4d77710c-39,CC(CCc1ccco1)NC(=O)Nc1cn(C)c(=O)c2ccccc12,4.35,2,Moonshot
CHEMBL5415241,O=C(O)C1=C(C(=O)N(Cc2ccccc2)Cc2ccccc2)CN2C[C@H](NC(=O)[C@H](Cc3ccccc3)NC(=O)c3cc4ccccc4[nH]3)C(=O)N12,4.35,1,ChEMBL
CHEMBL5441641,O=C(O)c1cscc1C(=O)N1CCC(c2ccn3ncc(C(=O)N4CCCCC4)c3c2)CC1,4.35,1,ChEMBL
CHEMBL6177172,C[C@@H](NC(=O)c1ccccc1CCC(=O)NNC(=O)/C=C/c1ncco1)c1cccc2ccccc12,4.35,1,ChEMBL
CHEMBL6172705,O=C(Nc1ccc(Cl)c(Cl)c1)c1[nH]cnc1C(=O)N1CCOCC1,4.35,1,ChEMBL
EDJ-MED-e66f2cc5-1,Cc1ccncc1N1CCC(c2cccc(Cl)c2)C1=O,4.35,1,Moonshot
CHEMBL20210,CCOC(=O)/C=C/[C@H](C[C@@H]1CCNC1=O)NC(=O)[C@@H](CC(=O)[C@@H](NC(=O)c1cc(C)on1)C(C)C)Cc1ccc(F)cc1,4.35,1,ChEMBL
ALP-POS-95f71980-35,O=C(NCCc1cccc(F)c1)C(c1cccnc1)N(C(=O)c1cocn1)c1ccc(-n2cc[nH]c2=O)cc1,4.35,1,Moonshot
CHEMBL5442103,CNc1nc(C(=O)N[C@@H](Cc2nn[nH]n2)c2ccc(OC)cc2)c2ccnc-2[nH]1,4.34,1,ChEMBL
JAN-GHE-5a013bed-11,O=C(Cc1cccc(Cl)c1)Nc1nnn[nH]1,4.34,1,Moonshot
LON-WEI-adc59df6-30,C=CC(=O)N(c1ccc(C(C)(C)C)cc1)C(C(=O)NCC)c1cccnc1,4.34,1,Moonshot
CHEMBL5205913,O=C1OCCN1C(=O)C(Cc1ccco1)Sc1nc2cc(Cl)c(O)cc2n1Cc1ccccc1,4.34,1,ChEMBL
CHEMBL5198745,CC1(C)[C@H](C(=O)OCc2ccccc2)N2C(=O)[C@@H](NC(=O)CCc3ccccc3)[C@H]2S1(=O)=O,4.34,1,ChEMBL
CHEMBL5414300,CCc1cccc(NC(=O)[C@@H](Cc2ccc(O)c(O)c2)OC(=O)/C=C/c2ccc(O)c(O)c2)c1,4.34,1,ChEMBL
CHEMBL5590116,CCOC(=O)c1cc(=O)oc2cc(O)c(O)cc12,4.34,1,ChEMBL
LON-WEI-b8d98729-27,C=CC(=O)N(c1ccc(C(F)(F)F)cc1)C(C(=O)Nc1ccc(OC)cc1)c1cccnc1,4.34,1,Moonshot
TRY-UNI-2eddb1ff-2,Cc1ccncc1NC(=O)Cc1cncc(Cl)c1,4.33,2,Moonshot
ALP-POS-2da19ca7-2,O=C(C[C@@]1(C(=O)Nc2cncc3ccccc23)CCOc2ccc(Cl)cc21)N1CCN(C2CCOC2)CC1,4.33,1,Moonshot
CHEMBL5289700,CC(=O)/C=C/[C@H](CCc1ccccc1)NC(=O)[C@H](CC1CCCCC1)NC(=O)c1ccc(F)cc1,4.33,1,ChEMBL
CHEMBL5274314,O=C(/C=C/c1ccccc1)NCc1nc(-c2ccc(C(F)(F)F)cc2)no1,4.33,1,ChEMBL
CHEMBL5283003,O=C(C#Cc1ccccc1)NCc1nc(-c2ccc(C(F)(F)F)cc2)no1,4.33,1,ChEMBL
CHEMBL5441688,C[C@@H](Cc1ccc(Cl)s1)Nc1ccc([C@@H](CC(=O)O)NC(=O)c2ncnc3[nH]ccc23)cc1,4.33,1,ChEMBL
CHEMBL5442053,COc1ccc([C@@H](CC(=O)O)NC(=O)c2ccc(NC(=O)NC3CC3)cc2)cc1,4.33,1,ChEMBL
CHEMBL5441946,COc1nc(NC(=O)c2cc3c(N[C@@H](c4ccc5c(c4)OCCO5)C(C)C)ncnc3[nH]2)n[nH]1,4.33,1,ChEMBL
CHEMBL5441439,CCNC(=O)c1cc2c(N[C@H](c3ccc4c(c3)OCCO4)C(C)C)ncnc2[nH]1,4.33,1,ChEMBL
EDG-MED-971238d3-4,N[C@@]1(C(=O)Nc2cncc3ccccc23)CCOc2ccc(Cl)cc21,4.32,1,Moonshot
BRU-THA-92256091-77,O=C(NCCc1cccc(F)c1)C(c1cccnc1)N(C(=O)c1c[nH]cn1)c1ccc2c(c1)CCC(=O)N2CC(F)F,4.32,1,Moonshot
ALP-POS-e980f4ea-30,O=C(NCCc1cccc(F)c1)C(c1cccnc1)N(C(=O)c1cnc[nH]1)c1ccc2c(c1)CCC(=O)N2CC(F)F,4.32,1,Moonshot
CHEMBL5441760,CCNC(=O)c1cc2c(N[C@H](c3cnc(C(=O)N(C)C)nc3)C(C)C)ncnc2[nH]1,4.32,1,ChEMBL
ALP-POS-ced8ea4d-8,Cn1ncc2cc(N(C(=O)c3cocn3)C(C(=O)NCCc3cccc(F)c3)c3cccnc3)ccc21,4.32,1,Moonshot
CHEMBL5410336,Cc1ccc(S(=O)(=O)NCCS(=O)(=O)C[C@H]2O[C@@H](n3cnc4c(N)ncnc43)[C@H](O)[C@@H]2O)cc1,4.31,1,ChEMBL
EDJ-MED-3c65e9ce-4,Cc1ccncc1NC(=O)CN1CCC(C)CC1,4.31,1,Moonshot
MAT-POS-f9802937-6,CNC(=O)C[C@@]1(C(=O)Nc2cncc3ccccc23)CCOc2ccc(Cl)cc21,4.3,1,Moonshot
MAT-POS-b3e365b9-2,O=C(Nc1cncc2ccccc12)[C@H]1CCOc2ccc(Cl)cc21,4.3,1,Moonshot
LON-WEI-adc59df6-28,C=CC(=O)N(c1ccc(C(C)(C)C)cc1)C(C(=O)NCc1cccnc1)c1cccnc1,4.3,1,Moonshot
CHEMBL5179718,CC1(C)S[C@@H]2[C@H](NC(=O)COc3ccccc3)C(=O)N2[C@H]1C(=O)OCc1ccccc1,4.3,1,ChEMBL
CHEMBL615,CC1(C)S[C@@H]2[C@H](NC(=O)COc3ccccc3)C(=O)N2[C@H]1C(=O)O,4.3,1,ChEMBL
CHEMBL5180585,CC1(C)[C@H](C(=O)OCc2ccccc2)N2C(=O)[C@H](NC(=O)COc3ccccc3)[C@H]2[S@@+]1[O-],4.3,1,ChEMBL
CHEMBL5177029,CC1(C)[C@H](C(=O)OCc2ccccc2)N2C(=O)[C@H](NC(=O)COc3ccccc3)[C@H]2S1(=O)=O,4.3,1,ChEMBL
CHEMBL5207886,CC1(C)[C@H](C(=O)OCc2cc(F)c(F)c(F)c2)N2C(=O)[C@@H](NC(=O)COc3ccccc3)[C@H]2S1(=O)=O,4.3,1,ChEMBL
CHEMBL5205045,CC1(C)[C@H](C(=O)OCc2ccc([N+](=O)[O-])cc2)N2C(=O)[C@@H](NC(=O)COc3ccccc3)[C@H]2S1(=O)=O,4.3,1,ChEMBL
CHEMBL5182588,CC1(C)[C@H](C(=O)OCc2ccc3ccccc3c2)N2C(=O)[C@@H](NC(=O)COc3ccccc3)[C@H]2S1(=O)=O,4.3,1,ChEMBL
CHEMBL5183311,CC1(C)[C@H](C(=O)OCc2ccccc2)N2C(=O)[C@@H](NC(=O)Cc3ccccc3)[C@H]2S1(=O)=O,4.3,1,ChEMBL
CHEMBL5207205,CC1(C)[C@H](C(=O)OCc2ccccc2)N2C(=O)[C@@H](NC(=O)OCc3ccccc3)[C@H]2S1(=O)=O,4.3,1,ChEMBL
CHEMBL5200029,Cc1onc(-c2c(Cl)cccc2Cl)c1C(=O)N[C@@H]1C(=O)N2[C@@H](C(=O)OCc3ccccc3)C(C)(C)S(=O)(=O)[C@H]12,4.3,1,ChEMBL
CHEMBL5178752,CC1(C)[C@H](C(=O)OCc2ccccc2)N2C(=O)[C@@H](NC(=O)CNC(=O)c3ccccc3)[C@H]2S1(=O)=O,4.3,1,ChEMBL
CHEMBL5194789,CC1(C)[C@H](C(=O)OCc2ccccc2)N2C(=O)[C@@H](NC(=O)CNC(=O)OCc3ccccc3)[C@H]2S1(=O)=O,4.3,1,ChEMBL
CHEMBL5200470,CC(C)C[C@H](NC(=O)OCc1ccccc1)C(=O)N[C@@H]1C(=O)N2[C@@H](C(=O)OCc3ccccc3)C(C)(C)S(=O)(=O)[C@H]12,4.3,1,ChEMBL
CHEMBL5185121,CCN1CCC(NC(=O)N[C@@H](C(=O)N[C@@H]2C(=O)N3[C@@H](C(=O)OCc4ccccc4)C(C)(C)S(=O)(=O)[C@H]23)c2ccccc2)C(=O)C1=O,4.3,1,ChEMBL
CHEMBL5181916,CC(Oc1ccccc1)C(=O)N[C@@H]1C(=O)N2[C@@H](C(=O)OCc3ccccc3)C(C)(C)S(=O)(=O)[C@H]12,4.3,1,ChEMBL
CHEMBL5204887,CC(Oc1ccccc1)C(=O)N[C@@H]1C(=O)N2[C@@H](C(=O)OCc3ccc(F)cc3)C(C)(C)S(=O)(=O)[C@H]12,4.3,1,ChEMBL
CHEMBL3133030,CC1(C)S[C@H]2N(C(=O)C2(Br)Br)[C@H]1C(=O)OCc1ccccc1,4.3,1,ChEMBL
CHEMBL5174549,CC1(C)S[C@H]2N(C(=O)C2(Br)Br)[C@H]1C(=O)OCc1ccc([N+](=O)[O-])cc1,4.3,1,ChEMBL
CHEMBL403,CC1(C)[C@H](C(=O)O)N2C(=O)C[C@H]2S1(=O)=O,4.3,1,ChEMBL
CHEMBL5205487,CC1(C)[C@H](C(=O)OCc2ccccc2)N2C(=O)C[C@H]2S1(=O)=O,4.3,1,ChEMBL
CHEMBL5426089,Cc1c(C(=O)/C=C/c2ccc(O)c([N+](=O)[O-])c2)c(C#N)c2n1CCC2,4.3,1,ChEMBL
CHEMBL5441681,CC(C)[C@H](Nc1ncnc2[nH]ccc12)c1ccc2c(c1)OCCO2,4.3,1,ChEMBL
CHEMBL5558582,CC(c1nc(-c2ccc(NCc3ccc(C(=O)O)cc3)cc2)no1)c1cccc2ccccc12,4.3,1,ChEMBL
CHEMBL5557557,CNC(=O)c1cc(C)cc([N+](=O)[O-])c1N1CC[C@]2(CCN(C(=O)c3cncc4cc(O)ccc34)C2)C1,4.3,1,ChEMBL
ALP-POS-ced8ea4d-27,Cc1ccc(N(C(=O)c2cocn2)C(C(=O)NCCc2cccc(F)c2)c2cccnc2)cc1,4.3,1,Moonshot
LON-WEI-9739a092-4,CCN(Cc1ccc(F)cc1)c1cc(Cl)cc(CC(=O)Nc2cncc3ccccc23)c1,4.3,1,Moonshot
LON-WEI-9739a092-7,O=C(Cc1cc(Cl)cc(NCc2ccc(Br)cc2)c1)Nc1cncc2ccccc12,4.3,1,Moonshot
PET-UNK-b1ef24dc-3,O=C(Cc1cccc(Cl)c1)Nc1cncc2oncc12,4.3,1,Moonshot
ALP-POS-a3de0cb1-13,O=C(Nn1nnc2ccccc21)C(Cc1cccc(Cl)c1)c1ccc(N2CCCCC2=O)cc1,4.29,1,Moonshot
ALP-POS-95f71980-2,CC(C)(C)c1ccc(N(C(=O)c2ccns2)C(C(=O)NCCc2cccc(F)c2)c2cccnc2)cc1,4.29,1,Moonshot
ALP-POS-95f71980-16,CC(C)(C)c1cc(N(C(=O)c2cocn2)C(C(=O)NCCc2cccc(F)c2)c2cccnc2)no1,4.29,1,Moonshot
CHEMBL5442126,COc1ccc([C@H](CC(=O)O)NC(=O)c2ccc(NC(=O)NC3CC3)cc2)cc1,4.29,1,ChEMBL
RAL-THA-6b94ceba-7,CNC(=O)c1cc(Cl)cc(CC(=O)Nc2cnccc2C)c1,4.29,1,Moonshot
MAT-POS-8a69d52e-3,C[C@H]1C[C@H](C(=O)Nc2cncc3ccccc23)c2cc(Cl)ccc2O1,4.28,2,Moonshot
CHEMBL5441736,Cc1cnn(C)c1NC(=O)c1cc2c(N[C@@H](c3ccc4c(c3)OCCO4)C(C)C)ncnc2[nH]1,4.28,1,ChEMBL
CHEMBL5205104,O=C1OCCN1C(=O)C(Cc1ccco1)Sc1nc2ccc(Cl)cc2n1Cc1ccccc1,4.28,1,ChEMBL
CHEMBL5172920,COc1cc2c(cc1Cl)nc(SCC(=O)N1CCOC1=O)n2Cc1ccccc1,4.28,1,ChEMBL
CHEMBL5200317,O=C(Nc1cccc(C(=O)Nc2ccc3c(c2)B(O)OC3)c1)c1ccccc1,4.28,1,ChEMBL
CHEMBL385315,CC(=O)N[C@H](C(=O)N[C@H](C(=O)N[C@@H](CC(C)C)C(=O)N[C@@H](CCC(=O)N(C)C)C(=O)Cn1[nH]c(=O)c2c([N+](=O)[O-])cccc2c1=O)C(C)O)C(C)C,4.28,1,ChEMBL
CHEMBL5394078,N#Cc1ccc(S(=O)(=O)NCCS(=O)(=O)C[C@H]2O[C@@H](n3cnc4c(N)ncnc43)[C@H](O)[C@@H]2O)cc1,4.28,1,ChEMBL
CHEMBL5441567,CC(C)[C@H](Nc1ncnc2c1CCN2)c1ccc2c(c1)S(=O)(=O)CCC2,4.28,1,ChEMBL
CHEMBL6172116,C[C@@H](NC(=O)c1ccccc1CCC(=O)NNC(=O)COC(F)(F)F)c1cccc2ccccc12,4.28,1,ChEMBL
RAL-THA-2d450e86-34,O=C(Cc1ccncc1Cl)Nc1cncc2ccccc12,4.28,1,Moonshot
CHEMBL5569972,O=C(Nn1cnc2c(F)cc(F)cc21)C1COc2cc(Cl)c(Cl)cc21,4.28,1,ChEMBL
JOH-UNI-0e1753c1-2,O=CC(=O)N1CCN(Cc2cccc(Cl)c2)CC1,4.27,1,Moonshot
EDJ-MED-e58735b6-4,Cc1ccncc1NC(=O)Cc1cccc(-c2cn[nH]c2)c1,4.27,1,Moonshot
EDJ-MED-12c115cc-2,O=C(Nc1cncc2ccccc12)[C@H]1COc2ccc(Cl)cc21,4.27,1,Moonshot
NAU-LAT-64f4b287-5,Cc1nnc(C2Cc3ccccc3CN2C(=O)CCl)o1,4.27,1,Moonshot
MED-COV-4280ac29-12,O=C(CCl)N1CCN(C2(c3cccc(Cl)c3)CC2)CC1,4.27,1,Moonshot
CHEMBL5196969,COc1ccc2nc(SC(Cc3ccco3)C(=O)N3CCOC3=O)n(Cc3ccccc3)c2c1,4.27,1,ChEMBL
CHEMBL5171142,COCCn1c(C(=O)NCC(O)c2ccccc2)nc2ccccc2c1=O,4.27,1,ChEMBL
CHEMBL5199771,CC(=O)OCC1Cc2c(ccc(C)c2-c2ccccn2)-c2c(O)ccc(C)c21,4.27,1,ChEMBL
CHEMBL5441498,COc1cnn(C)c1-c1cc2c(N[C@@H](c3ccc4c(c3)OCCO4)C(C)C)ncnc2[nH]1,4.27,1,ChEMBL
CHEMBL6133518,N#CC(C#N)=C1C(=O)Nc2c(Br)cc(Br)cc21,4.27,1,ChEMBL
EDG-MED-0da5ad92-2,O=C(Cc1cccc(Cl)c1)Nc1cccnc1,4.27,1,Moonshot
ALP-POS-8b8a49e1-6,O=C(Cc1cccc(Cl)c1)NC1CC(=O)c2ccccc21,4.27,2,Moonshot
ALP-POS-95f71980-27,O=C1CC(c2ccc(N(C(=O)c3cocn3)C(C(=O)NCCc3cccc(F)c3)c3cccnc3)cc2)CC(=O)N1,4.27,1,Moonshot
DAR-DIA-23aa0b97-8,N#Cc1cccc(NC(=O)Nc2cncc(N)c2)c1,4.27,1,Moonshot
CHEMBL5441880,Cc1[nH]c2ncnc(NC(=O)c3ncccc3Cl)c2c1C,4.26,1,ChEMBL
CHEMBL5441901,O=C(O)C[C@H](NC(=O)c1ccc(NC(=O)NC2CC2)cc1)c1cccnc1,4.26,1,ChEMBL
EDG-MED-5d232de5-6,CN1CC[C@@H](C(=O)Nc2cncc3ccccc23)c2cc(Cl)ccc21,4.26,1,Moonshot
MIC-UNK-66895286-3,Cc1[nH]ncc1CC(=O)Nc1cccc(Cl)c1,4.26,1,Moonshot
CHEMBL5571383,N#Cc1ccccc1CN1CCCN(C(=O)c2cncc(Cl)c2)CC1,4.26,1,ChEMBL
CHEMBL5441555,CC(C)[C@@H](Nc1ncnc2[nH]c(-c3cnoc3)cc12)c1ccc2c(c1)OCCO2,4.26,1,ChEMBL
ALP-POS-b0bc6a46-20,CSc1ccc(CN(C(=O)c2ccco2)C(C(=O)NCCc2cccc(F)c2)c2cccnc2)cc1C#N,4.26,2,Moonshot
TRY-UNI-714a760b-22,Cc1ccncc1NC(=O)C(C)c1cccc(C#N)c1,4.26,1,Moonshot
CHEMBL5285814,O=C(/C=C/c1cccs1)NCc1nc(-c2ccc(C(F)(F)F)cc2)no1,4.26,1,ChEMBL
EDJ-MED-fb79a796-3,N#CC1(CS(=O)(=O)N2Cc3ccc(Cl)cc3C(C(=O)Nc3nncn3C3CC3)C2)CC1,4.26,1,Moonshot
MAT-POS-e48723dc-1,CNC(=O)C1(N2C[C@]3(CCN(c4cncc5ccccc45)C3=O)c3cc(Cl)ccc3C2=O)CC1,4.26,1,Moonshot
CHEMBL5442079,O=C(Nc1ccc2c(C(=O)N[C@@H]3c4ccccc4C[C@@H]3C(=O)O)cnn2c1)NC1CC1,4.25,1,ChEMBL
LON-WEI-adc59df6-26,C=CC(=O)N(c1ccc(C(C)(C)C)cc1)C(C(=O)NCCOC)c1cccnc1,4.25,1,Moonshot
CHEMBL5072144,Cc1ccc(N(C)C2CNC2)cc1C(=O)N[C@H](C)c1nccc2ccccc12,4.25,1,ChEMBL
CHEMBL5202324,O=C1OCCN1C(=O)C(Cc1ccco1)Sc1nc2ccc(O)cc2n1Cc1ccccc1,4.25,1,ChEMBL
CHEMBL5181062,O=C(Nc1ccc2c(c1)B(O)OC2)c1cccc(NCc2ccccc2)c1,4.25,1,ChEMBL
ALP-POS-b0bc6a46-23,CC(=O)c1ccc(N(C(=O)c2ccco2)C(C(=O)NCCc2cccc(F)c2)c2cccnc2)cc1,4.25,2,Moonshot
MAT-POS-e119ab4f-4,O=C(Nc1cncc2ccccc12)C12CC(C1)Oc1ccc(Cl)cc12,4.25,1,Moonshot
CHEMBL5591438,O=C1N[C@@H](Cc2cc(Cl)ccc2F)C(=O)N1c1cncc(F)c1,4.24,1,ChEMBL
CHEMBL5185504,CC(=O)OCC1Cc2c(-c3ccccn3)cc(C)cc2-c2c(O)ccc(C)c21,4.24,1,ChEMBL
CHEMBL5269595,O=C(c1ccc(-c2ccc(Cl)cc2)o1)C(F)(F)c1cncc(Br)c1,4.24,1,ChEMBL
CHEMBL5442089,O=C(N[C@@H](C(=O)O)c1ccc(Br)cc1)c1ncnc2[nH]ccc12,4.24,1,ChEMBL
DAR-DIA-23aa0b97-20,O=C(Cc1cncc2ccccc12)Nc1ccccc1,4.24,1,Moonshot
ALP-POS-ddb41b15-3,CN(C)c1cncc(CN(C(=O)c2cc(=O)[nH]c3ccccc23)c2cccc(Cl)c2)c1,4.24,1,Moonshot
RAL-THA-2d450e86-3,Cc1ccc(CC(=O)Nc2cncc3ccccc23)cc1,4.23,1,Moonshot
BEN-DND-93268d01-6,Cc1ccncc1NC(=O)CCc1cccc(F)c1,4.23,1,Moonshot
CHEMBL5204406,CC(=O)OCC1Cc2c(-c3ncccc3C)cccc2-c2c(O)ccc(C)c21,4.23,1,ChEMBL
CHEMBL5405544,Cc1cccc2nc(CNC(=S)NCc3cccnc3)cn12,4.23,1,ChEMBL
CHEMBL5436474,CC(C)SCn1cnc2cnn(C)c2c1=O,4.23,1,ChEMBL
CHEMBL5442031,O=C(O)c1ccsc1C(=O)N1CCC(c2ccn3ncc(C(=O)N4CCCCC4)c3c2)CC1,4.23,1,ChEMBL
CHEMBL5442033,CC(C)[C@@H](Nc1ncnc2ccccc12)c1ccc2c(c1)OCCO2,4.23,1,ChEMBL
CHEMBL5556150,Cc1ccc(NCc2ccc(S(C)(=O)=O)cc2)cc1-c1noc(C(C)c2cccc3ccccc23)n1,4.23,1,ChEMBL
CHEMBL5555933,Cc1ccc(-c2noc(-c3ccccc3)n2)cc1NCc1ccc(C(=O)O)s1,4.23,1,ChEMBL
LON-WEI-b8d98729-38,C=CC(=O)N(c1ccc2ncsc2c1)C(C(=O)Nc1cccc(CC)c1)c1cccnc1,4.23,1,Moonshot
CHEMBL5442074,O[C@H]1CCCC[C@@H]1Nc1ncnc2[nH]ccc12,4.22,1,ChEMBL
BAR-COM-0f94fc3d-48,Cc1ccncc1NC(=O)CN1C(=O)COc2ccc(Cl)cc21,4.22,1,Moonshot
CHEMBL5188282,Cc1cccc(COc2cccc(C(=O)Nc3ccc4c(c3)B(O)OC4)c2)c1,4.22,1,ChEMBL
CHEMBL5276871,O=C(/C=C/c1ccco1)NCc1nc(-c2ccc(C(F)(F)F)cc2)no1,4.22,1,ChEMBL
CHEMBL5399052,N#Cc1cncc(NCc2cc(Br)c[nH]2)n1,4.22,1,ChEMBL
CHEMBL5441759,CC(C)[C@H](Oc1cc(N)ncn1)c1ccc2c(c1)S(=O)(=O)CCC2,4.22,1,ChEMBL
ALP-POS-ced8ea4d-24,O=C(NCCc1cccc(F)c1)C(c1cccnc1)N(C(=O)c1cocn1)c1ccc2ncsc2c1,4.22,1,Moonshot
EDJ-MED-d08626de-4,CO[C@@]1(C(=O)Nc2cncc3ccccc23)CCOc2cc(Cl)c(Cl)cc21,4.22,2,Moonshot
ALP-POS-95f71980-15,CN1CCCN(c2ccc(N(C(=O)c3cocn3)C(C(=O)NCCc3cccc(F)c3)c3cccnc3)cc2)C1=O,4.21,1,Moonshot
TRY-UNI-714a760b-20,Cc1ccncc1NC(=O)Cc1cccc(C#N)c1,4.21,1,Moonshot
JAG-UCB-52b62a6f-10,COc1ccc2c(NC(=O)C3CCOc4ccc(Cl)cc43)noc2c1,4.21,1,Moonshot
CHEMBL5177181,O=C(CSc1nc2cc(Cl)ccc2n1Cc1ccccc1)N1CCOC1=O,4.21,1,ChEMBL
CHEMBL5200032,CC(=O)OCC1Cc2c(-c3ccccn3)cccc2-c2c(O)ccc(C)c21,4.21,1,ChEMBL
CHEMBL5269736,O=C(NCc1nc(-c2ccc(C(F)(F)F)cc2)no1)c1ccccc1,4.21,1,ChEMBL
CHEMBL5407441,O=C(NC1CSC1)c1ncnn2cccc12,4.21,1,ChEMBL
CHEMBL5441907,O=C(c1cccnc1S)N1CCC(c2ccn3ncc(C(=O)N4CCCCC4)c3c2)CC1,4.21,1,ChEMBL
ALP-POS-b0bc6a46-14,COc1ccc(N(C(=O)c2ccco2)C(C(=O)NCCc2cccc(F)c2)c2cccnc2)cc1NC(=O)C1CCCCC1,4.2,2,Moonshot
EDG-MED-0e5afe9d-2,O=C(Nc1cncc2[nH]c(=O)[nH]c12)C1CCOc2ccc(Cl)cc21,4.2,1,Moonshot
ALP-POS-88a7a97e-42,Cc1ccc(S(=O)(=O)CNC(=O)C(c2cccnc2)N(C(=O)c2cocn2)c2ccc(C(C)(C)C)cc2)cc1,4.2,1,Moonshot
BRU-THA-92256091-23,COCc1ccc(N(C(=O)c2c[nH]cn2)C(C(=O)NCCc2cccc(F)c2)c2cccnc2)cc1,4.2,1,Moonshot
ALP-POS-e980f4ea-52,COCc1ccc(N(C(=O)c2cnc[nH]2)C(C(=O)NCCc2cccc(F)c2)c2cccnc2)cc1,4.2,1,Moonshot
CHEMBL5441888,CC(C)[C@@H](Nc1ncnc2c1CCO2)c1ccc2c(c1)S(=O)(=O)CCC2,4.2,1,ChEMBL
CHEMBL5559548,CNC(=O)c1cc(Br)cc([N+](=O)[O-])c1N[C@@H]1CCC[C@H](NC(=O)c2cncc3cccc(O)c23)C1,4.2,1,ChEMBL
ALP-POS-ced8ea4d-1,CN1C(=O)CCc2cc(N(C(=O)c3cocn3)C(C(=O)NCCc3cccc(F)c3)c3cccnc3)ccc21,4.2,1,Moonshot
DAR-DIA-23aa0b97-11,N#Cc1cccc(NC(=O)Nc2c[nH]c3ncccc23)c1,4.2,1,Moonshot
TRY-UNI-714a760b-12,Cc1ccncc1NC(=O)Nc1cccc(Cl)c1,4.19,2,Moonshot
CHEMBL374164,CC(=O)N[C@H](C(=O)N[C@H](C(=O)N[C@@H](CC(C)C)C(=O)N[C@@H](CCC(=O)N(C)C)C(=O)Cn1[nH]c(=O)c2ccccc2c1=O)C(C)OCc1ccccc1)C(C)C,4.19,1,ChEMBL
CHEMBL5559091,CNC(=O)c1cc(Br)cc([N+](=O)[O-])c1N[C@H]1CCCC[C@H]1NC(=O)c1cncc2ccccc12,4.19,1,ChEMBL
MAT-POS-6da3605a-2,OC(Cc1cccc(Cl)c1)Cn1cncn1,4.19,1,Moonshot
LON-WEI-adc59df6-53,C=CC(=O)N(c1ccc(C(C)(C)C)cc1)C(C(=O)NC(C)(C)C)c1cncc(Cl)c1,4.18,1,Moonshot
SHA-THE-408e7524-13,CCCCCC(=O)SCCNC(=O)CCNC(=O)[C@H](O)C(C)(C)COP(=O)(O)OP(=O)(O)OC[C@H]1O[C@@H](n2cnc3c(N)ncnc32)[C@H](O)[C@@H]1OP(=O)(O)O,4.18,1,Moonshot
JIN-POS-6dc588a4-24,N#Cc1ncc(NC(=O)Cc2cccc(Cl)c2)c2ccccc12,4.18,1,Moonshot
CHEMBL5442097,Cn1nc(C(=O)N2CCC(c3ccn4ncc(C(=O)N5CCCCC5)c4c3)CC2)cc1C(=O)O,4.18,1,ChEMBL
ALP-POS-ced8ea4d-5,CC(C)S(=O)(=O)c1ccc(N(C(=O)c2cocn2)C(C(=O)NCCc2cccc(F)c2)c2cccnc2)cc1,4.18,1,Moonshot
LON-WEI-b8d98729-17,C=CC(=O)N(c1ccc(C(C)OC)cc1)C(C(=O)Nc1cccc(CC)c1)c1cccnc1,4.18,1,Moonshot
MIC-UNK-08cd9c58-1,O=C(Cc1cccc(Cl)c1)Nc1cncc2ncccc12,4.17,2,Moonshot
CHEMBL5186504,CC(=O)OCC1Cc2c(-c3cc(C)ccn3)cccc2-c2c(O)ccc(C)c21,4.17,1,ChEMBL
CHEMBL5193737,CC(=O)OCC1Cc2c(-c3ccc(F)cn3)cccc2-c2c(O)ccc(C)c21,4.17,1,ChEMBL
CHEMBL5284820,CC1=C(c2ccccc2)C1C(=O)NCc1nc(-c2ccccc2C(F)(F)F)no1,4.17,1,ChEMBL
CHEMBL5290811,CC1=C(c2ccccc2)C1C(=O)NCc1nc(-c2cccc(F)c2)no1,4.17,1,ChEMBL
CHEMBL5441768,O=C(O)c1ccc(C(=O)N2CCC(c3ccn4ncc(C(=O)N5CCCCC5)c4c3)CC2)o1,4.17,1,ChEMBL
CHEMBL5441530,CC(C)[C@@H](Nc1ncnc2[nH]ccc12)c1ccc2c(c1)N(C)C(=O)CO2,4.17,1,ChEMBL
CHEMBL5441979,CC(C)[C@@H](Oc1cc(N)ncn1)c1ccc2c(c1)S(=O)(=O)CCC2,4.17,1,ChEMBL
CHEMBL5594098,CCn1cncc1NC(=O)C1c2cc(Cl)cc(Cl)c2OCC1C,4.17,1,ChEMBL
CHEMBL5590039,C[C@@H](OC(C)(C)C)[C@H](NC(=O)OCc1ccccc1)C(=O)N[C@@H](CC1CCCCC1)C(=O)NN(CCC(N)=O)C(=O)C(Cl)Cl,4.17,1,ChEMBL
ALP-POS-95f71980-36,CC(C)(c1ccc(N(C(=O)c2cocn2)C(C(=O)NCCc2cccc(F)c2)c2cccnc2)cc1)S(C)(=O)=O,4.17,1,Moonshot
CHEMBL5441646,O=C(O)C[C@@H](CNC(=O)c1ncnc2[nH]ccc12)c1ccc(Cl)cc1,4.17,1,ChEMBL
NAU-LAT-8502cac5-8,O=C(Nc1nncn1C1CC1)C1CCS(=O)(=O)c2ccccc21,4.16,1,Moonshot
RUB-POS-1325a9ea-20,O=C(Cc1cccc(Cl)c1)NC1COCc2ccccc21,4.16,1,Moonshot
ALP-POS-ced8ea4d-63,O=C(NCCc1cccc(F)c1)C(c1cccnc1)N(C(=O)c1cocn1)c1cnc(C2CCC2)nc1,4.16,1,Moonshot
CHEMBL446118,CC(=O)N[C@H](C(=O)N[C@H](C(=O)N[C@@H](CC(C)C)C(=O)N[C@@H](CCC(=O)N(C)C)C(=O)Cn1[nH]c(=O)c2c([N+](=O)[O-])cccc2c1=O)C(C)OCc1ccccc1)C(C)C,4.16,1,ChEMBL
MAT-POS-993cdc78-2,CO[C@@]1(C(=O)Nc2cncc3ccccc23)CCOc2cc(F)c(Cl)cc21,4.16,1,Moonshot
MAT-POS-b5c94171-1,Cc1ccnc(N)c1NC(=O)C1CCOc2ccc(Cl)cc21,4.16,1,Moonshot
JAG-UCB-52b62a6f-16,O=C(Nc1n[nH]c2ccncc12)C1CCOc2ccc(Cl)cc21,4.15,1,Moonshot
LON-WEI-8f408cad-1,O=C(CCl)Nc1cccc(N2CCCC2=O)c1,4.15,3,Moonshot
CHEMBL4875501,CC(=O)N[C@@H](CO)C(=O)N[C@H](C(=O)N[C@@H](CO)C(=O)N[C@@H](C)C(=O)N[C@H](C(=O)N[C@@H](CC(C)C)C(=O)N[C@@H](CCC(N)=O)C(=O)N[C@@H](CO)C(=O)NCC(=O)N[C@@H](Cc1ccccc1)C(=O)N[C@@H](CCCNC(=N)N)C(=O)N[C@@H](CCCCN)C(=O)N[C@@H](Cc1ccccc1)C(N)=O)C(C)C)[C@@H](C)O,4.15,1,ChEMBL
CHEMBL5558664,COC(=O)c1ccc(Nc2ccc(C)c(-c3noc(C(C)c4cccc5ccccc45)n3)c2)cc1,4.15,1,ChEMBL
MAT-POS-500f4700-1,Cc1ccnc(NC(=O)C2CCOc3ccc(Cl)cc32)c1N,4.15,1,Moonshot
CHO-MSK-6e55470f-22,COc1ccc(-c2cc(COc3cc(Cl)cc(CC(=O)Nc4cnccc4C)c3)on2)cc1,4.14,1,Moonshot
CHEMBL5441832,O=C(O)C[C@@H](NC(=O)c1ccc(NC(=O)NC2CC2)cc1)c1cccnc1,4.14,1,ChEMBL
CHEMBL5441480,O=C(O)[C@@H](CC1CCCCC1)Nc1ncnc2[nH]ccc12,4.14,1,ChEMBL
CHEMBL5441656,O=C(O)[C@@H](Nc1ncnc2[nH]ccc12)C1CC1,4.14,1,ChEMBL
CHEMBL5442125,COc1cn[nH]c1NC(=O)c1cc2c(N[C@@H](c3ccc4c(c3)OCCO4)C(C)C)ncnc2[nH]1,4.14,1,ChEMBL
RAL-THA-2d450e86-4,COc1ccc(CC(=O)Nc2cncc3ccccc23)cc1,4.14,1,Moonshot
ROD-UFR-86d8d6a3-1,O=S(=O)(Nc1ccccc1)c1cc2c(cc1OCc1ccccc1)OCO2,4.14,1,Moonshot
CHEMBL5442084,CCc1coc(Nc2ccc([C@@H](CC(=O)O)NC(=O)c3c[nH]c4ncncc34)cc2)n1,4.13,1,ChEMBL
CHEMBL5441865,O=C(O)C[C@@H](NC(=O)c1ccc(NC(=O)NC2CC2)cc1)c1cccc(C(F)F)c1,4.13,1,ChEMBL
ALP-POS-305f6ec3-55,Cn1cnc(C(=O)N(c2ccc(C(C)(C)C)cc2)C(C(=O)NCCc2cccc(F)c2)c2cccnc2)n1,4.13,1,Moonshot
EDJ-MED-c3ea9889-8,O=C(Nc1cncc2cccc(Cl)c12)C12CC(C1)Oc1ccc(Cl)cc12,4.12,1,Moonshot
EDJ-MED-c8e7a002-4,Cc1ccn2cnnc2c1NC(=O)Cc1cccc(Cl)c1,4.12,1,Moonshot
ALP-POS-6747fa38-1,CC(=O)N1CCN(CC(=O)Nc2cncc3ccccc23)CC1,4.12,5,Moonshot
CHEMBL5288939,CC1=C(c2ccccc2)C1C(=O)NC(CC1CC1)c1nc(-c2ccc(C(F)(F)F)cc2)no1,4.12,1,ChEMBL
CHEMBL5274912,O=C(Cc1cncc(Br)c1)c1cnc(-c2ccc(Cl)cc2)o1,4.12,1,ChEMBL
CHEMBL5441698,O=C(N[C@@H](C(=O)O)c1ccc2c(c1)CCO2)c1ncnc2[nH]ccc12,4.12,1,ChEMBL
CHEMBL5441957,Cn1ncc2c(C(=O)N[C@@H](CC(=O)O)c3ccc(Br)cc3)ccnc21,4.12,1,ChEMBL
ALP-POS-ced8ea4d-9,CS(=O)(=O)c1ccc(N(C(=O)c2cocn2)C(C(=O)NCCc2cccc(F)c2)c2cccnc2)cc1,4.12,1,Moonshot
JIN-POS-6dc588a4-10,O=C(Cc1cccc(Cl)c1)Nc1cncc2nccnc12,4.12,1,Moonshot
ALP-POS-95f71980-6,CC(C)(C)c1ccc(N(C(=O)c2ccc(O)c(=O)o2)C(C(=O)NCCc2cccc(F)c2)c2cccnc2)cc1,4.12,1,Moonshot
EDJ-MED-c3ea9889-6,O=C(Nc1cncc2cc(F)ccc12)C12CC(C1)Oc1ccc(Cl)cc12,4.12,1,Moonshot
ALP-POS-95f71980-10,O=C(NCCc1cccc(F)c1)C(c1cccnc1)N(C(=O)c1cocn1)c1ccc(N2CCCC2=O)cc1,4.12,1,Moonshot
ALP-POS-305f6ec3-33,CC(C)(C)c1ccc(N(C(=O)c2c[nH]c(=O)cn2)C(C(=O)NCCc2cccc(F)c2)c2cccnc2)cc1,4.11,1,Moonshot
TRY-UNI-2eddb1ff-8,Cc1ccncc1NC(=O)C(C)c1cc(Cl)cc(OC2CC(=O)N2)c1,4.11,1,Moonshot
ALP-POS-ced8ea4d-18,O=C(NCCc1cccc(F)c1)C(c1cccnc1)N(C(=O)c1cocn1)c1ccc2nc(C(F)(F)F)[nH]c2c1,4.11,1,Moonshot
CHEMBL5416105,Nc1cn2cc(-c3cscc3Cl)ncc2n1,4.11,1,ChEMBL
CHEMBL5441560,O=C(c1c[nH]c(=O)cn1)N1CCC(c2ccn3ncc(C(=O)N4CCCCC4)c3c2)CC1,4.11,1,ChEMBL
ALP-POS-ce760d3f-8,O=C1C(c2ccc(Cl)cc2)CCCN1c1cncc2ccccc12,4.11,1,Moonshot
RUT-UNI-630c5802-20,CCC(C)(C)CCN(Cc1ccsc1)C(=O)Cn1nnc2ccccc21,4.11,1,Moonshot
CHEMBL5277777,CC1=C(c2ccccc2)C1C(=O)NCc1nc(-c2ccccc2)no1,4.1,1,ChEMBL
CHEMBL5441551,CS(=O)(=O)NC1CCC(Nc2ccc([C@@H](CC(=O)O)NC(=O)c3ncnc4[nH]ccc34)cc2)CC1,4.1,1,ChEMBL
ALP-POS-b0bc6a46-28,O=C(NCCc1cccc(F)c1)C(c1cccnc1)N(C(=O)c1ccco1)C1CCN(c2ccccc2)CC1,4.1,2,Moonshot
CHEMBL5406827,CC(C)C[C@H](NC(=O)OCc1ccccc1)C(=O)N[C@@H](CCC(N)=O)C(=O)C(=O)Nc1ccccc1,4.1,1,ChEMBL
CHEMBL5435701,CC(C)C[C@H](NC(=O)OCc1ccccc1)C(=O)N[C@H](C=O)CCC(N)=O,4.1,1,ChEMBL
CHEMBL5436497,CC(C)C[C@H](NC(=O)OCc1ccccc1)C(=O)N[C@H](C#N)CCC(N)=O,4.1,1,ChEMBL
CHEMBL5441676,CC(C)[C@@H](Nc1ncnc2[nH]ccc12)c1cccc(C(F)(F)F)c1,4.09,1,ChEMBL
MAT-POS-ec6d90b7-1,O=C1O[C@]2(CCOc3ccc(Cl)cc32)C(=O)N1c1cncc2ccccc12,4.09,1,Moonshot
CHEMBL5441614,CN1CC[C@@H]1[C@@H](Nc1ncnc2[nH]ccc12)c1ccc2c(c1)OCCO2,4.09,1,ChEMBL
CHEMBL5441632,CO[C@H]1C[C@@H](C(=O)O)N(c2ncnc3[nH]ccc23)C1,4.09,1,ChEMBL
JAG-UCB-cedd89ab-1,Cc1ccncc1N1CCN(c2cccc(Cl)c2)C1=O,4.09,1,Moonshot
MAT-POS-c478e61b-1,O=C1CC(Oc2cc(Cl)cc(CC(=O)Nn3cnc4ccccc43)c2)N1,4.09,2,Moonshot
PET-UNK-14142a25-1,CNC(=O)CN1C[C@]2(CCN(c3cncc4ccccc34)C2=O)c2cc(Cl)ccc2C1=O,4.09,3,Moonshot
MAT-POS-2bb0cf2b-1,NC[C@]1(C(=O)Nc2cncc3ccccc23)CCOc2ccc(Cl)cc21,4.08,1,Moonshot
LON-WEI-d1c9908a-11,C=CC(=O)N(c1ccc(C2(C)CC2)cc1)C(C(=O)Nc1ccc(Br)cc1)c1cccnc1,4.08,1,Moonshot
ALP-POS-88a7a97e-47,CC(C)(C)c1ccc(N(C(=O)c2cocn2)C(C(=O)NCCN2CCOCC2)c2cccnc2)cc1,4.08,1,Moonshot
ALP-UNI-fe744232-11,CC1(c2ccc(N(C(=O)c3cocn3)C(C(=O)NCCc3cccc(F)c3)c3cccnc3)cc2)OCCO1,4.08,1,Moonshot
CHEMBL6145328,N#CC(C#N)=C1C(=O)Nc2ccc(Br)cc21,4.08,1,ChEMBL
MAT-POS-3b92565d-6,O=C(Cc1cc(Cl)cc(OC2CC(=O)N2)c1)Nc1cc(=O)[nH]c2ccccc12,4.08,1,Moonshot
ALP-POS-ced8ea4d-36,O=C(NCCc1cccc(F)c1)C(c1cccnc1)N(C(=O)c1cocn1)c1ccc2scnc2c1,4.08,1,Moonshot
LUO-POS-868e8996-8,CNC(=O)CN1C[C@]2(CC(=O)N(c3cncc4ccccc34)C2=O)c2cc(Cl)ccc2C1=O,4.07,1,Moonshot
EDJ-MED-49816e9b-4,Cc1ccncc1N1CCC(c2cccc(Cl)c2)S1(=O)=O,4.07,1,Moonshot
CHEMBL5205858,CC(=O)OCC1Cc2c(-c3ccccn3)ccc(Cl)c2-c2c(O)ccc(C)c21,4.07,1,ChEMBL
MAT-POS-9ff17035-1,O=C(Cc1cc(Cl)cc(OC2CCC(=O)N2)c1)Nc1cncc2ccccc12,4.07,1,Moonshot
CHEMBL5288729,C=CC(=O)N(c1ccc(C(C)(C)C)cc1)[C@@H](C(=O)NCCc1cccc(F)c1)c1cccnc1,4.06,2,ChEMBL+Moonshot
CHEMBL5442009,Cc1[nH]c2ncnc(NC(=O)Cc3cn[nH]c3)c2c1C,4.06,1,ChEMBL
CHEMBL5441876,c1nc(NCc2ccc3c(c2)OCCO3)c2cc[nH]c2n1,4.06,1,ChEMBL
CHEMBL5441655,O=C(O)[C@@H](CC(F)F)Nc1ncnc2[nH]ccc12,4.06,1,ChEMBL
ALP-POS-902f21bb-2,Nc1nn(C(=O)C2CCOc3ccc(Cl)cc32)c2ccncc12,4.06,1,Moonshot
BEN-DND-61647d40-13,O=C(Cn1cnc2ccccc21)Nc1cccc(Cl)c1,4.06,3,Moonshot
RAL-MED-2de63afb-1,O=C(Cc1cccnc1)Nc1cccc(OC2CC(=O)N2)c1,4.05,1,Moonshot
CHEMBL5565663,O=C(c1cccnc1)N1CCN(Cc2cc(Cl)cc(Cl)c2OC(F)F)CC1,4.05,1,ChEMBL
CHEMBL5570014,O=C(c1cccnc1)N1CCN(Cc2cccc(Cl)c2Cl)CC1,4.05,1,ChEMBL
CHEMBL5575889,O=C(Cc1cccnc1)N1CCc2c(Cl)cc(Cl)cc2C1,4.05,1,ChEMBL
CHEMBL5414823,O=C(O)C1=C(Cl)CS[C@@H]2[C@H](NC(=O)[C@H](Cc3ccccc3)NC(=O)c3cc4ccccc4[nH]3)C(=O)N12,4.05,1,ChEMBL
ALP-POS-ced8ea4d-28,O=C(NCCc1cccc(F)c1)C(c1cccnc1)N(C(=O)c1cocn1)c1ccccc1,4.05,1,Moonshot
CHEMBL5178853,CC(C)(C)[C@H](NC(=O)C(F)(F)F)C(=O)N1C[C@H]2[C@@H]([C@H]1C(=O)N[C@@H](C[C@@H]1CCNC1=O)C(N)=O)C2(C)C,4.05,1,ChEMBL
CHEMBL5441466,O=C(O)C[C@@H](NC(=O)c1ccnc2ncccc12)c1ccc(Br)cc1,4.04,1,ChEMBL
LON-WEI-adc59df6-32,C=CC(=O)N(c1ccc(C(C)(C)C)cc1)C(C(=O)NCC1CCCO1)c1cccnc1,4.04,1,Moonshot
MAT-POS-8695a11f-1,O=C1N(c2cncc3ccccc23)CC[C@@]1(O)c1cccc(Cl)c1,4.04,1,Moonshot
CHEMBL5266928,O=C(CCc1ccccc1)NCc1nc(-c2ccc(C(F)(F)F)cc2)no1,4.04,1,ChEMBL
CHEMBL5442162,C[C@H]1C[C@H]1c1nnc(Nc2ccc([C@@H](CC(=O)O)NC(=O)c3c[nH]c4ncncc34)cc2)o1,4.04,1,ChEMBL
CHEMBL5441789,O=C(O)[C@H](CC1CCCCC1)Nc1ncnc2[nH]ccc12,4.04,1,ChEMBL
CHEMBL5441608,CC(C)[C@H](Nc1ncnc2[nH]c(-c3cnn(CC(N)=O)c3)cc12)c1ccc2c(c1)OCCO2,4.04,1,ChEMBL
EDG-MED-5d232de5-2,O=C(Nc1cncc2ccc(F)cc12)[C@H]1CCOc2ccc(Cl)cc21,4.04,1,Moonshot
ALP-POS-305f6ec3-26,Cn1nc(C(=O)N2CCOCC2)cc1C(=O)N(c1ccc(C(C)(C)C)cc1)C(C(=O)NCCc1cccc(F)c1)c1cccnc1,4.04,1,Moonshot
CHEMBL5556738,CC(C)CCn1sc2c(Br)cccc2c1=O,4.03,1,ChEMBL
BRU-THA-92256091-19,COc1ccc(N(C(=O)c2c[nH]cn2)C(C(=O)NCCc2cccc(F)c2)c2cccnc2)cc1,4.03,1,Moonshot
ALP-POS-e980f4ea-19,COc1ccc(N(C(=O)c2cnc[nH]2)C(C(=O)NCCc2cccc(F)c2)c2cccnc2)cc1,4.03,1,Moonshot
EDJ-MED-6e43a462-11,O=C(Cc1cccc(Cl)c1)Nc1cnc2n1CCCC2,4.03,1,Moonshot
PET-UNK-8df914d1-4,Cn1cncc1NC(=O)Cc1cccc(Cl)c1,4.03,1,Moonshot
JOH-UNI-0e1753c1-1,COC(OC)C(=O)N1CCN(Cc2cccc(Cl)c2)CC1,4.03,1,Moonshot
ALP-POS-d0876c20-15,COc1nccnc1C(C(=O)NCCc1cccc(F)c1)N(C(=O)c1cocn1)c1ccc(C(C)(C)C)cc1,4.02,1,Moonshot
CHEMBL5441610,CC(C)[C@@H](Nc1ncnc2[nH]ccc12)c1cccc(S(C)(=O)=O)c1,4.02,1,ChEMBL
ALP-POS-95b75b4d-1,Cc1ccncc1NC(=O)Cc1cccc(F)c1,4.02,1,Moonshot
MAR-UCB-f313ec4d-3,COc1ccccc1OCCC(=O)Nc1cncc2ccccc12,4.02,1,Moonshot
JAN-GHE-83b26c96-22,Cc1ccncc1NC(=O)C(C)(C)c1cccc(Cl)c1,4.01,2,Moonshot
CHEMBL5441773,O[C@@H]1CCCC[C@@H]1Nc1ncnc2[nH]ccc12,4.01,1,ChEMBL
MAT-POS-c74bc7b3-2,C[C@]1(C(=O)Nc2cncc3ccccc23)CCNc2cc(Cl)c(Cl)cc21,4.01,1,Moonshot
CHEMBL5280670,CC1=C(c2ccccc2)C1C(=O)NC(C)c1nc(-c2ccc(C(F)(F)F)cc2)no1,4.01,1,ChEMBL
CHEMBL5442020,COc1ccccc1C[C@@H](Nc1ncnc2[nH]ccc12)C(C)C,4.01,1,ChEMBL
CHEMBL5441527,CC(C)[C@@H](Nc1ncnc2[nH]ccc12)c1nc2ccccc2[nH]1,4.01,1,ChEMBL
CHEMBL5517872,CC(c1nc(-c2cccc(NCc3ccc(C(=O)O)o3)c2)no1)c1cccc2ccccc12,4.01,1,ChEMBL
LON-WEI-b8d98729-39,C=CC(=O)N(c1ccc(C(F)(F)F)cc1)C(C(=O)Nc1c(C)cccc1CC)c1cccnc1,4.01,1,Moonshot
CHEMBL6152673,COc1cc(CNC(=O)C2CCN(C(C)c3c(C)sc4ccccc34)CC2)ccn1,4.01,1,ChEMBL
CHEMBL6102040,CCOc1ccc2ccccc2c1C(C)N1CCC(C(=O)NCc2ccnc(OC)c2)CC1,4.01,1,ChEMBL
CHEMBL6150130,COc1cc(CNC(=O)C2CCN(C(C)c3c(OC)ccc4ccccc34)CC2)ccn1,4.01,1,ChEMBL
GAB-REV-70cc3ca5-8,Cc1ccncc1NC(=O)CN(C)S(=O)(=O)c1cccc2cccnc12,4.0,1,Moonshot
LON-WEI-b8d98729-23,C=CC(=O)N(c1cc(C(C)(C)C)on1)C(C(=O)NC(C)(C)C)c1cccnc1,4.0,1,Moonshot
LON-WEI-8f408cad-8,C=CC(=O)N(c1ccc(C(C)(C)C)cc1)C(C(=O)NC(C)(C)C)c1cccnc1,4.0,1,Moonshot
BRU-THA-92256091-7,O=C(NCCc1cccc(F)c1)C(c1cccnc1)N(Cc1ccccc1)C(=O)c1c[nH]cn1,4.0,1,Moonshot
BRU-THA-92256091-11,O=C(NCCc1cccc(F)c1)C(c1cccnc1)N(Cc1cccnc1)C(=O)c1c[nH]cn1,4.0,1,Moonshot
BRU-THA-92256091-13,O=C(NCCc1cccc(F)c1)C(c1cccnc1)N(C(=O)c1c[nH]cn1)C1CCCCCC1,4.0,1,Moonshot
BRU-THA-92256091-14,CC(C)S(=O)(=O)c1ccc(N(C(=O)c2c[nH]cn2)C(C(=O)NCCc2cccc(F)c2)c2cccnc2)cc1,4.0,1,Moonshot
BRU-THA-92256091-28,COc1ccccc1CN(C(=O)c1c[nH]cn1)C(C(=O)NCCc1cccc(F)c1)c1cccnc1,4.0,1,Moonshot
BRU-THA-92256091-31,CCOc1ccc(N(C(=O)c2c[nH]cn2)C(C(=O)NCCc2cccc(F)c2)c2cccnc2)cn1,4.0,1,Moonshot
BRU-THA-92256091-44,COc1cc(N(C(=O)c2c[nH]cn2)C(C(=O)NCCc2cccc(F)c2)c2cccnc2)ccc1S(=O)(=O)N(C)C,4.0,1,Moonshot
BRU-THA-92256091-47,O=C(NCCc1cccc(F)c1)C(c1cccnc1)N(C(=O)c1c[nH]cn1)C1CCC2OCCC2C1,4.0,1,Moonshot
BRU-THA-92256091-49,O=C(NCCc1cccc(F)c1)C(c1cccnc1)N(C(=O)c1c[nH]cn1)C1CCC2(CCO2)CC1,4.0,1,Moonshot
BRU-THA-92256091-51,O=C(NCCc1cccc(F)c1)C(c1cccnc1)N(C(=O)c1c[nH]cn1)c1ccc2ncsc2c1,4.0,1,Moonshot
BRU-THA-92256091-54,O=C(NCCc1cccc(F)c1)C(c1cccnc1)N(C(=O)c1c[nH]cn1)c1ccc2c(c1)COCC2,4.0,1,Moonshot
BRU-THA-92256091-60,Cn1ncc2cc(N(C(=O)c3c[nH]cn3)C(C(=O)NCCc3cccc(F)c3)c3cccnc3)ccc21,4.0,1,Moonshot
BRU-THA-92256091-61,Cn1cnc2cc(N(C(=O)c3c[nH]cn3)C(C(=O)NCCc3cccc(F)c3)c3cccnc3)ccc21,4.0,1,Moonshot
BRU-THA-92256091-65,Cn1ccc2cc(N(C(=O)c3c[nH]cn3)C(C(=O)NCCc3cccc(F)c3)c3cccnc3)ccc21,4.0,1,Moonshot
BRU-THA-92256091-67,Cc1nc2ccc(N(C(=O)c3c[nH]cn3)C(C(=O)NCCc3cccc(F)c3)c3cccnc3)cc2o1,4.0,1,Moonshot
BRU-THA-92256091-75,O=C(NCCc1cccc(F)c1)C(c1cccnc1)N(C(=O)c1c[nH]cn1)c1cnc(C2CCC2)nc1,4.0,1,Moonshot
BRU-THA-92256091-76,O=C(NCCc1cccc(F)c1)C(c1cccnc1)N(C(=O)c1c[nH]cn1)c1ccc2c(c1)CCCS2(=O)=O,4.0,1,Moonshot
BRU-THA-92256091-78,CN1C(=O)CCc2cc(N(C(=O)c3c[nH]cn3)C(C(=O)NCCc3cccc(F)c3)c3cccnc3)ccc21,4.0,1,Moonshot
BRU-THA-92256091-79,O=C(NCCc1cccc(F)c1)C(c1cccnc1)N(C(=O)c1c[nH]cn1)c1cccc(C2COC2)c1,4.0,1,Moonshot
BRU-THA-92256091-92,O=C(NCCc1cccc(F)c1)C(c1cccnc1)N(C(=O)c1c[nH]cn1)c1cccc(Oc2cccnn2)c1,4.0,1,Moonshot
ALP-POS-e980f4ea-1,CN1C(=O)CCc2cc(N(C(=O)c3cnc[nH]3)C(C(=O)NCCc3cccc(F)c3)c3cccnc3)ccc21,4.0,1,Moonshot
ALP-POS-e980f4ea-5,CC(C)S(=O)(=O)c1ccc(N(C(=O)c2cnc[nH]2)C(C(=O)NCCc2cccc(F)c2)c2cccnc2)cc1,4.0,1,Moonshot
ALP-POS-e980f4ea-7,O=C(NCCc1cccc(F)c1)C(c1cccnc1)N(Cc1cccnc1)C(=O)c1cnc[nH]1,4.0,1,Moonshot
ALP-POS-e980f4ea-8,Cn1ncc2cc(N(C(=O)c3cnc[nH]3)C(C(=O)NCCc3cccc(F)c3)c3cccnc3)ccc21,4.0,1,Moonshot
ALP-POS-e980f4ea-10,Cn1cnc2cc(N(C(=O)c3cnc[nH]3)C(C(=O)NCCc3cccc(F)c3)c3cccnc3)ccc21,4.0,1,Moonshot
ALP-POS-e980f4ea-15,O=C(NCCc1cccc(F)c1)C(c1cccnc1)N(C(=O)c1cnc[nH]1)c1cccc(Oc2cccnn2)c1,4.0,1,Moonshot
ALP-POS-e980f4ea-20,Cn1ccc2cc(N(C(=O)c3cnc[nH]3)C(C(=O)NCCc3cccc(F)c3)c3cccnc3)ccc21,4.0,1,Moonshot
ALP-POS-e980f4ea-21,Cc1nc2ccc(N(C(=O)c3cnc[nH]3)C(C(=O)NCCc3cccc(F)c3)c3cccnc3)cc2o1,4.0,1,Moonshot
ALP-POS-e980f4ea-22,O=C(NCCc1cccc(F)c1)C(c1cccnc1)N(C(=O)c1cnc[nH]1)C1CCCCCC1,4.0,1,Moonshot
ALP-POS-e980f4ea-24,O=C(NCCc1cccc(F)c1)C(c1cccnc1)N(C(=O)c1cnc[nH]1)c1ccc2ncsc2c1,4.0,1,Moonshot
ALP-POS-e980f4ea-25,O=C(NCCc1cccc(F)c1)C(c1cccnc1)N(C(=O)c1cnc[nH]1)c1ccc2c(c1)CCCS2(=O)=O,4.0,1,Moonshot
ALP-POS-e980f4ea-26,O=C(NCCc1cccc(F)c1)C(c1cccnc1)N(C(=O)c1cnc[nH]1)C1CCN(c2ccccc2F)C1,4.0,1,Moonshot
ALP-POS-e980f4ea-31,O=C(NCCc1cccc(F)c1)C(c1cccnc1)N(C(=O)c1cnc[nH]1)C1CCN(c2ccccc2)C1,4.0,1,Moonshot
ALP-POS-e980f4ea-40,COc1ccccc1CN(C(=O)c1cnc[nH]1)C(C(=O)NCCc1cccc(F)c1)c1cccnc1,4.0,1,Moonshot
ALP-POS-e980f4ea-49,CCOc1ccc(N(C(=O)c2cnc[nH]2)C(C(=O)NCCc2cccc(F)c2)c2cccnc2)cn1,4.0,1,Moonshot
ALP-POS-e980f4ea-50,COc1cc(N(C(=O)c2cnc[nH]2)C(C(=O)NCCc2cccc(F)c2)c2cccnc2)ccc1S(=O)(=O)N(C)C,4.0,1,Moonshot
ALP-POS-e980f4ea-53,O=C(NCCc1cccc(F)c1)C(c1cccnc1)N(C(=O)c1cnc[nH]1)c1ccc2c(c1)COCC2,4.0,1,Moonshot
ALP-POS-e980f4ea-54,CC(c1ccccc1)N(C(=O)c1cnc[nH]1)C(C(=O)NCCc1cccc(F)c1)c1cccnc1,4.0,1,Moonshot
ALP-POS-e980f4ea-56,O=C(NCCc1cccc(F)c1)C(c1cccnc1)N(C(=O)c1cnc[nH]1)C1CCC2(CCO2)CC1,4.0,1,Moonshot
ALP-POS-e980f4ea-58,Cc1ccccc1C(C)N(C(=O)c1cnc[nH]1)C(C(=O)NCCc1cccc(F)c1)c1cccnc1,4.0,1,Moonshot
ALP-POS-e980f4ea-59,O=C(NCCc1cccc(F)c1)C(c1cccnc1)N(C(=O)c1cnc[nH]1)c1cccc(C2COC2)c1,4.0,1,Moonshot
ALP-POS-e980f4ea-60,O=C(NCCc1cccc(F)c1)C(c1cccnc1)N(C(=O)c1cnc[nH]1)C1CCC2OCCC2C1,4.0,1,Moonshot
ALP-POS-e980f4ea-61,O=C(NCCc1cccc(F)c1)C(c1cccnc1)N(C(=O)c1cnc[nH]1)C1CCCC2(CCC2)C1,4.0,1,Moonshot
ALP-POS-e980f4ea-63,O=C(NCCc1cccc(F)c1)C(c1cccnc1)N(C(=O)c1cnc[nH]1)c1cnc(C2CCC2)nc1,4.0,1,Moonshot
ALP-POS-e980f4ea-64,O=C(NCCc1cccc(F)c1)C(c1cccnc1)N(Cc1ccccc1)C(=O)c1cnc[nH]1,4.0,1,Moonshot
WAR-XCH-eb7b662f-2,N#Cc1cc(Cl)cc(NC(=O)Nc2cccnc2)c1,4.0,1,Moonshot
TRY-UNI-714a760b-24,Cc1ccncc1NC(=O)Nc1cccc(C#N)c1,4.0,1,Moonshot
LON-WEI-b8d98729-15,C=CC(=O)N(c1cc(C(C)(C)C)on1)C(C(=O)Nc1cccc(CC)c1)c1cccnc1,4.0,1,Moonshot
SHA-THE-408e7524-3,C[C@H](N)C(=O)N[C@@H](CCC(N)=O)C(=O)O,4.0,1,Moonshot
SHA-THE-408e7524-4,C[C@H]1[C@H](C)CC[C@]2(C(=O)O[C@@H]3O[C@H](CO[C@@H]4O[C@H](CO)[C@@H](O[C@@H]5O[C@@H](C)[C@H](O)[C@@H](O)[C@H]5O)[C@H](O)[C@H]4O)[C@@H](O)[C@H](O)[C@H]3O)CC[C@]3(C)C(=CC[C@@H]4[C@@]5(C)C[C@@H](O)[C@H](O)[C@@](C)(CO)[C@@H]5CC[C@]43C)[C@H]12,4.0,1,Moonshot
SHA-THE-408e7524-6,COC(=O)N[C@H](C(=O)N1CCC[C@H]1c1ncc(-c2ccc(-c3ccc(-c4cnc([C@@H]5CCCN5C(=O)[C@@H](NC(=O)OC)C(C)C)[nH]4)cc3)cc2)[nH]1)C(C)C,4.0,1,Moonshot
SHA-THE-408e7524-7,CC[C@H](C)[C@H](NC(=O)[C@H](CO)NC(=O)[C@@H](NC(=O)[C@@H]1CCCN1C(=O)[C@H](C)NC(=O)[C@@H](N)CC(N)=O)C(C)C)C(=O)N1CCC[C@H]1C(=O)N[C@@H](CCC(N)=O)C(=O)O,4.0,1,Moonshot
SHA-THE-408e7524-8,CC(C)C[C@@H](NC(=O)[C@@H](Cc1ccccc1)NC(=O)[C@H](N)Cc1ccccc1)C(=O)N[C@H](CCCCN)C(=O)N1CCC(N)(C(=O)O)CC1,4.0,1,Moonshot
SHA-THE-408e7524-9,Cc1cc(O)cc(C)c1C[C@H](NC(=O)[C@H](N)CCCNC(=N)N)C(=O)N[C@@H](CCCCN)C(=O)N[C@@H](Cc1ccccc1)C(N)=O,4.0,1,Moonshot
SHA-THE-408e7524-10,CC(=O)N[C@H](CSSC[C@H](N)C(=O)O)C(=O)N[C@H](C)C(=O)N[C@H](CCCNC(=N)N)C(=O)N[C@H](CCCNC(=N)N)C(=O)N[C@H](CCCNC(=N)N)C(=O)N[C@H](C)C(=O)N[C@H](CCCNC(=N)N)C(N)=O,4.0,1,Moonshot
SHA-THE-408e7524-15,CC(C)C1NC(=O)C(CCCCN)NC(=O)C(Cc2c[nH]c3ccccc23)NC(=O)C(Cc2ccc(O)cc2)NC(=O)C(NC(=O)C(N)Cc2ccc3ccccc3c2)CSSCC(C(=O)NC(C(N)=O)C(C)O)NC1=O,4.0,1,Moonshot
SHA-THE-408e7524-17,NCCCCC(NC(=O)[C@@H]1CCCN1C(=O)[C@@H]1CSSC[C@H](N)C(=O)N[C@@H](Cc2ccc(O)cc2)C(=O)N[C@@H](Cc2ccccc2)C(=O)N[C@@H](CCC(N)=O)C(=O)N[C@@H](CC(N)=O)C(=O)N1)C(=O)NCC(N)=O,4.0,1,Moonshot
SHA-THE-408e7524-19,C[C@H](C(=O)O)C(=O)SCCNC(=O)CCNC(=O)[C@H](O)C(C)(C)COP(=O)(O)OP(=O)(O)OC[C@H]1O[C@@H](n2cnc3c(N)ncnc32)[C@H](O)[C@@H]1OP(=O)(O)O,4.0,1,Moonshot
SHA-THE-408e7524-21,CC(C)(COP(=O)(O)OP(=O)(O)OC[C@H]1O[C@@H](n2cnc3c(N)ncnc32)[C@H](O)[C@@H]1OP(=O)(O)O)[C@@H](O)C(=O)NCCC(=O)NCCSC(=O)CCC(=O)O,4.0,1,Moonshot
SHA-THE-408e7524-22,CN1Cc2c(Cl)cc(Cl)cc2[C@H](c2cccc(S(=O)(=O)NCCOCCOCCNC(=O)NCCCCNC(=O)NCCOCCOCCNS(=O)(=O)c3cccc([C@@H]4CN(C)Cc5c(Cl)cc(Cl)cc54)c3)c2)C1,4.0,1,Moonshot
SHA-THE-408e7524-23,CC(C)C(NC(=O)[C@H](CC(=O)O)NC(=O)[C@H](CCCCN)NC(=O)[C@@H](N)CCCN=C(N)N)C(=O)N[C@@H](Cc1ccc(O)cc1)C(=O)O,4.0,1,Moonshot
DAV-CRI-3edb475e-4,O=C(CCl)NC(CO)c1cccc(Cl)c1,4.0,1,Moonshot
LON-WEI-d1c9908a-3,C=CC(=O)N(c1ccc(C(C)(C)C)cc1)C(C(=O)Nc1ccc(OC)cc1C)c1cccnc1,4.0,1,Moonshot
LON-WEI-d1c9908a-6,C=CC(=O)N(c1ccc(C2(C)CC2)cc1)C(C(=O)Nc1cccc(CC)c1)c1cccnc1,4.0,1,Moonshot
MAT-POS-590ac91e-11,Cc1ccncc1NC(=O)CC(C)C(C)C,4.0,1,Moonshot
MAT-POS-865c3497-2,O=C1NC[C@@H](C(=O)Nc2cncc3ccccc23)c2cc(Cl)ccc21,4.0,1,Moonshot
JOH-MSK-a63bdd1d-4,CC(=O)NCCc1c[nH]c2ccc(O)cc12,4.0,2,Moonshot
JUA-UNI-bc099708-1,C=CC(=O)NCC(=O)N(Cc1ccccc1)C[C@H](O)c1cccs1,4.0,1,Moonshot
JUA-UNI-bc099708-2,C=CC(=O)NCc1ccc(C(=O)NCc2cc(C)cc3c(C)c(C)[nH]c23)cc1,4.0,1,Moonshot
JUA-UNI-bc099708-3,C=CC(=O)NCC(=O)N(CCN1CCOCC1)Cc1sccc1Br,4.0,1,Moonshot
JUA-UNI-bc099708-4,C=CC(=O)NCc1ccc(C(=O)N[C@H](CO)c2ccc(Br)c(F)c2)cc1,4.0,1,Moonshot
JUA-UNI-bc099708-5,C=CC(=O)Nc1cc(C(=O)NC[C@H](Cc2ccccc2)c2ccccn2)ccc1O,4.0,1,Moonshot
JUA-UNI-a9dfaed1-1,C=CC(=O)NCC(=O)N(Cc1ccccc1O)C[C@@H]1CCCO1,4.0,1,Moonshot
JUA-UNI-a9dfaed1-2,C=CC(=O)NCc1ccccc1S(=O)(=O)NC(C)(C)C,4.0,1,Moonshot
JUA-UNI-a9dfaed1-3,C=CC(=O)NCc1ccccc1S(=O)(=O)NC,4.0,1,Moonshot
JUA-UNI-a9dfaed1-4,C=CC(=O)NCC(=O)N(Cc1ccccc1)C[C@@]1(O)CN2CCC1CC2,4.0,1,Moonshot
JUA-UNI-a9dfaed1-5,C=CC(=O)NCCC(=O)N(Cc1ccccc1)Cc1nc2ccccc2c(=O)[nH]1,4.0,1,Moonshot
JUA-UNI-a9dfaed1-6,C=CC(=O)N[C@H](Cc1ccccc1)C(=O)NCCN(C)C,4.0,1,Moonshot
JUA-UNI-a9dfaed1-7,C=CC(=O)Nc1ccc(O)c(C(=O)NC[C@@H](O)c2ccc3ccccc3c2)c1,4.0,1,Moonshot
AAR-POS-5507155c-1,CS(=O)(=O)c1ccc(N2CCNCC2)cc1,4.0,2,Moonshot
JAN-GHE-83b26c96-20,Cc1ccncc1NC(=O)C1(c2cccc(Cl)c2)CC1,4.0,2,Moonshot
BEN-DND-61647d40-12,O=C(Cn1nnc2ccccc21)Nc1cccc(Cl)c1,4.0,4,Moonshot
MAK-UNK-ed378e62-6,COc1cnc(C#N)nc1,4.0,2,Moonshot
EDG-MED-0da5ad92-3,Cc1ccncc1NC(=O)N(C)c1cccc(Cl)c1,4.0,1,Moonshot
EDG-MED-0da5ad92-5,Cc1ccncc1NC(=O)C(CO)c1cccc(Cl)c1,4.0,1,Moonshot
EDG-MED-0da5ad92-15,Cc1ccnnc1NC(=O)Cc1cccc(Cl)c1,4.0,1,Moonshot
EDG-MED-0da5ad92-17,Cc1cc(N)ncc1NC(=O)Cc1cccc(Cl)c1,4.0,1,Moonshot
BEN-DND-93268d01-1,CC(C(=O)Nc1cncnc1)c1ccccc1,4.0,2,Moonshot
BEN-DND-93268d01-11,Cc1ccncc1NC(=O)CN1CCCCC1,4.0,1,Moonshot
BEN-DND-7e92b6ca-4,O=C(NCCNc1ccccc1)c1cc(=O)[nH]c2ccccc12,4.0,1,Moonshot
BEN-DND-7e92b6ca-5,O=C(NCCOc1ccccc1)c1cc(=O)[nH]c2ccccc12,4.0,1,Moonshot
MAT-POS-590ac91e-16,Cc1ccncc1NC(=O)[C@H](C)OC(F)F,4.0,1,Moonshot
MAT-POS-590ac91e-32,COc1ccccc1OCCNC(=O)c1cc(=O)[nH]c2cc(F)ccc12,4.0,1,Moonshot
MAT-POS-590ac91e-38,COc1ccccc1OC(C)CNC(=O)c1cc(=O)[nH]c2cc(F)ccc12,4.0,1,Moonshot
MAT-POS-590ac91e-46,CC1(C)Cc2cccc(OCCNC(=O)c3cc(=O)[nH]c4cc(F)ccc34)c2O1,4.0,1,Moonshot
MAT-POS-590ac91e-63,Cc1ccc(S(=O)(=O)N2CCN(C(=O)c3cc(=O)[nH]c4cc(F)ccc34)CC2)c(C)c1,4.0,1,Moonshot
MAK-UNK-10dfa458-4,C=CC(=O)N1CCN(S(=O)(=O)c2cccs2)CC1,4.0,2,Moonshot
MAK-UNK-10dfa458-5,C=CC(=O)N1CCN(S(=O)(=O)c2cccc(F)c2)CC1,4.0,2,Moonshot
ANN-UNI-98d2bf15-1,Cc1ccncc1NC(=O)Cc1ccccc1N,4.0,2,Moonshot
ANN-UNI-98d2bf15-3,NC(=O)c1ccncc1NC(=O)Cc1cccc(Cl)c1,4.0,2,Moonshot
ALP-POS-c0c213c9-3,O=C(CN(C(=O)Cn1nnc2ccccc21)c1ccc(-c2ccccc2)cc1)N1CCNCC1,4.0,1,Moonshot
ALP-POS-c0c213c9-4,NCc1cn(CC(=O)N(Cc2cscn2)c2ccc(-c3ccccc3)nc2)nn1,4.0,1,Moonshot
ALP-POS-c0c213c9-5,NCc1cn(CC(=O)N(Cc2ccsc2)c2ccc(-c3ccccc3)cc2)nn1,4.0,1,Moonshot
ALP-POS-c0c213c9-7,NCc1cn(CC(=O)N(CC(=O)N2CCNCC2)c2ccc(-c3ccccc3)cc2)nn1,4.0,1,Moonshot
ALP-POS-c0c213c9-10,O=C(CN(C(=O)Cc1cccnc1)c1ccc(-c2ncccn2)cc1)N1CCNCC1,4.0,1,Moonshot
ALP-POS-c0c213c9-11,NCc1cn(CC(=O)N(Cc2ccsc2)c2ccc(-n3cnnc3)cc2)nn1,4.0,1,Moonshot
ALP-POS-c0c213c9-13,O=C(Cn1nnc2ccccc21)N(CC1CCOC1)c1ccc(C2CCNCC2)cc1,4.0,1,Moonshot
ALP-POS-c0c213c9-15,O=C(Cn1nnc2ccccc21)N(Cc1ccccn1)c1cnc(-c2ccccc2)nc1,4.0,1,Moonshot
ALP-POS-c0c213c9-18,O=C(Cn1nnc2ccccc21)N(Cc1ccccn1)c1ccc(-n2cnnc2)cc1,4.0,1,Moonshot
ALP-POS-c0c213c9-20,O=C(CN(C(=O)Cn1ccnn1)c1ccc(-c2ccccn2)cc1)N1CCNCC1,4.0,1,Moonshot
JAG-UCB-ef2c0e8e-4,Cc1ccc(-n2ncc3c(=O)n(CC(N)=O)cnc32)cc1C,4.0,1,Moonshot
JAG-UCB-1d922829-1,Cc1ccc(NC2=C(c3ccccc3)C(=O)N(Cc3cccnc3)C2=O)cc1C,4.0,1,Moonshot
JAG-UCB-1d922829-2,Cc1ccc(NC2=C(c3ccccc3)C(=O)N(Cc3cccnc3)C2=O)c(C)c1,4.0,1,Moonshot
JAG-UCB-1d922829-3,Cc1ccc(NC2=C(c3ccccc3)C(=O)N(Cc3cccnc3)C2=O)cc1Cl,4.0,1,Moonshot
JAG-UCB-1d922829-4,CC(=O)N(CC(=O)Nc1ccc(F)c(Cl)c1)c1cccc(Cl)c1,4.0,1,Moonshot
JAG-UCB-1d922829-5,CC(=O)N(CC(=O)Nc1ccc(F)c(Cl)c1)c1cccc(C#N)c1,4.0,1,Moonshot
JAG-UCB-1d922829-6,CC(=O)N(CC(=O)Nc1ccc(F)c(Cl)c1)c1cccc(C(F)(F)F)c1,4.0,1,Moonshot
DAR-DIA-8e329c92-2,COc1ccccc1OCCNC(=O)c1cc(N)cc2ccccc12,4.0,2,Moonshot
LON-WEI-babf2c61-12,C=CC(=O)N(c1cc(C(C)(C)C)on1)C(C(=O)NCCc1cccc(F)c1)c1cncc(O)c1,4.0,1,Moonshot
LON-WEI-babf2c61-14,C=CC(=O)N(c1cc(C(C)(C)C)on1)C(C(=O)NCCc1cccc(F)c1)c1cncc(C#N)c1,4.0,1,Moonshot
JAG-UCB-77729364-1,Cc1cc2c(N)nc(=O)n(CC(=O)Nc3cccc(Cl)c3)c2s1,4.0,1,Moonshot
MIC-UNK-66895286-1,O=C(Cc1cccc(Cl)c1)Nc1cn[nH]c1,4.0,1,Moonshot
PET-UNK-bbe8d7ff-2,Cc1ccncc1N(CC#N)C(=O)Cc1cccc(Cl)c1,4.0,1,Moonshot
VLA-UCB-00f2c2b3-7,O=C(Cc1cccc(Cl)c1)Nc1cccc2[nH]ncc12,4.0,1,Moonshot
JAG-UCB-c37fbdcd-2,COc1ccc(Cl)cc1N1C(=O)CN(Cc2cc(=O)[nH]c3ccccc23)C1=O,4.0,1,Moonshot
JAG-UCB-c61058a9-45,O=C(Nc1cc(=O)[nH]c2ccccc12)C1CCOc2ccc(Cl)cc21,4.0,4,Moonshot
JAN-GHE-74b8b0cb-1,O=C1CC(Oc2cc(Cl)cc(CC(=O)Nn3cnc4ccccc4c3=O)c2)N1,4.0,1,Moonshot
MIC-UNK-42806bd5-3,O=C1CC(NC(=O)C2CCOc3ccc(Cl)cc32)CN1,4.0,2,Moonshot
MIC-UNK-4c7b8ba7-1,O=C(Cc1cccc(Cl)c1)NC1CCCNC1=O,4.0,1,Moonshot
MIC-UNK-fc94cdb5-1,O=C1CC(NC(=O)Cc2cccc(Cl)c2)C(=O)N1,4.0,1,Moonshot
ALP-POS-ddb41b15-8,Cn1c(C(NC(=O)Cc2cc3ccccc3[nH]2)c2cccc(Cl)c2)nc2ccccc21,4.0,1,Moonshot
ALP-POS-ddb41b15-9,COc1cccc(C(NC(=O)Cc2cccc(Cl)c2)c2nc3ccccc3[nH]2)c1,4.0,1,Moonshot
WIL-UNI-2e73223c-4,Cc1ccncc1OCCNC(=O)C(C)(C)c1cccc(Cl)c1,4.0,1,Moonshot
ALP-POS-05819dc4-1,COc1ccc(Cl)cc1OCCNC(=O)c1cc(=O)[nH]c2ccccc12,4.0,1,Moonshot
MAT-POS-c0143b99-1,C=CC(=O)N(Cc1cccc(Cl)c1)C(C(=O)NCCc1cccc(F)c1)c1cnccc1C,4.0,1,Moonshot
EDJ-MED-50fe53e8-2,O=C(Cc1cccc(Cl)c1)Nc1cnnc2ccccc12,4.0,2,Moonshot
EDJ-MED-50fe53e8-3,O=C(Cc1cccc(Cl)c1)Nc1ncn2ccccc12,4.0,1,Moonshot
EDJ-MED-a364e151-1,O=C(Cc1cccc(Cl)c1)Nc1cncc2c1CCCC2,4.0,1,Moonshot
RAL-THA-6b94ceba-1,Cc1ccncc1NC(=O)Cc1cc(Cl)cc(OCc2ncc[nH]2)c1,4.0,1,Moonshot
RAL-THA-6b94ceba-9,Cc1ccncc1NC(=O)Cc1cc(Cl)cc(-c2ncc[nH]2)c1,4.0,1,Moonshot
EDJ-MED-06d94977-1,CCC(=O)Nc1ccc(N(C)C(=O)Cn2nnc3ccccc32)cc1,4.0,1,Moonshot
EDJ-MED-06d94977-2,CN(Cc1cccc(Cl)c1)C(=O)Cn1nnc2ccccc21,4.0,1,Moonshot
EDJ-MED-8698005e-1,CC(=O)NC(C)c1cc(Cl)cc(-c2ccc(S(N)(=O)=O)cc2)c1,4.0,1,Moonshot
MAT-POS-0bc33984-2,CC1(NC(=O)Cc2cccc(Cl)c2)CCNC1=O,4.0,1,Moonshot
AAR-RCN-748c104b-1,COc1cc(OC)nc(C#N)n1,4.0,1,Moonshot
NIR-WEI-f9286bb6-1,C=CC(=O)N(Cc1ccccc1Cl)C(C(=O)NC)c1cncc2ccccc12,4.0,1,Moonshot
NIR-WEI-f9286bb6-2,C=CC(=O)N(Cc1ccccc1Cl)C(C(=O)NC(C)(C)C)c1cccnc1,4.0,1,Moonshot
NIR-WEI-f9286bb6-3,C=CC(=O)N(Cc1ccccc1Cl)C(C(=O)NC)c1cccnc1,4.0,1,Moonshot
NIR-WEI-f9286bb6-4,C=CC(=O)N(Cc1ccccc1Cl)C(C(=O)NC(C)(C)C)c1cncc2ccccc12,4.0,1,Moonshot
VLA-UCB-1dbca3b4-1,O=C(Cc1cccc(Cl)c1)NC1C(=O)Nc2ccccc21,4.0,4,Moonshot
MAT-POS-6da3605a-1,Cc1cc2c(cc1C)C(C(=O)N1CCCCC1c1cn[nH]c1)CO2,4.0,1,Moonshot
MAT-POS-bb423b95-6,O=C(Cc1cccc(Cl)c1)Nc1c[nH]c(=O)c2ccccc12,4.0,3,Moonshot
MAT-POS-bb423b95-9,O=C(Cc1cccc(Cl)c1)Nc1cncc2c(Cl)cccc12,4.0,1,Moonshot
AAR-RCN-98de6bc7-1,N#Cc1ncc(Br)cn1,4.0,1,Moonshot
AAR-RCN-28a8122f-1,N#Cc1nccn1CCc1cccc(Cl)c1,4.0,1,Moonshot
AAR-RCN-8752a6eb-1,Cc1cc(C)nc(C#N)n1,4.0,1,Moonshot
AAR-RCN-ec065b93-1,N#Cc1ncc(F)cn1,4.0,1,Moonshot
AAR-RCN-934be69e-1,N#Cc1ncc(Cl)cn1,4.0,1,Moonshot
AAR-RCN-37d0aa00-1,N#Cc1nccc(Cl)n1,4.0,1,Moonshot
AAR-RCN-67438d21-1,CC1(C)OB(c2cnc(C#N)nc2)OC1(C)C,4.0,1,Moonshot
AAR-RCN-78cf61f7-1,CC(Cn1ccnc1C#N)c1cccc(Cl)c1,4.0,1,Moonshot
AAR-RCN-845f9611-1,N#Cc1nccn1CCCc1cccc(Cl)c1,4.0,1,Moonshot
AAR-RCN-521d1733-1,C[n+]1ccn(CCc2cccc(Cl)c2)c1C#N,4.0,1,Moonshot
AAR-RCN-dbf5c5ee-1,C[n+]1ccn(CCCc2cccc(Cl)c2)c1C#N,4.0,1,Moonshot
MAT-POS-4211dce8-1,Cn1cc(NC(=O)Cc2cccc(Cl)c2)c2ccccc2c1=O,4.0,1,Moonshot
ALP-POS-f13221e1-4,Cc1ccncc1NC(=O)CCc1cccc(Cl)c1,4.0,1,Moonshot
AAR-RCN-390aeb1f-1,COc1cc(OC)[n+](C)c(C#N)n1,4.0,1,Moonshot
AAR-RCN-9f0de475-1,Cc1cc(C)[n+](C)c(C#N)n1,4.0,1,Moonshot
MAT-POS-f42f3716-2,Cc1ccncc1NC(=O)Cc1cc(Cl)cc(-c2ccc(S(C)(=O)=O)cc2Cl)c1,4.0,1,Moonshot
MAT-POS-f42f3716-9,CCOC(=O)c1cc(-c2cc(Cl)cc(CC(=O)Nc3cnccc3C)c2)n[nH]1,4.0,1,Moonshot
ALP-POS-8ed8d9ec-13,O=C(Cc1nnn2ccccc12)N(Cc1ccccc1)c1ccc(N2CCCCC2)cc1,4.0,2,Moonshot
ALP-POS-a3de0cb1-3,COc1ccc(C(Cc2ccsc2)C(=O)Nc2n[nH]c3ccccc23)cc1,4.0,1,Moonshot
ALP-POS-a3de0cb1-5,Cc1ccc(C(Cc2cnn(C)c2)C(=O)Nc2n[nH]c3ccccc23)cc1,4.0,1,Moonshot
ALP-POS-a3de0cb1-6,Cc1ccc(C(Cc2ccccc2)C(=O)Nc2nnn3ccccc23)cc1,4.0,1,Moonshot
ALP-POS-a3de0cb1-7,CN(C)c1ccc(C(Cc2ccsc2)C(=O)Nn2cnc3ccccc32)cc1,4.0,1,Moonshot
ALP-POS-a3de0cb1-10,CN(C)c1ccc(C(Cc2ccsc2)C(=O)Nc2nnc3ccccn23)cc1,4.0,1,Moonshot
ALP-POS-a3de0cb1-12,O=C(Nn1cnc2ccccc21)C(Cc1cccc(Cl)c1)c1ccc(N2CCOCC2)cc1,4.0,1,Moonshot
ALP-POS-a3de0cb1-14,COc1ccc(C(Cc2cnn(C)c2)C(=O)Nc2c[nH]c3ccccc23)cc1,4.0,1,Moonshot
ALP-POS-a3de0cb1-15,COc1ccc(N(Cc2ccccc2)C(=O)Cc2c[nH]c3ccccc23)cc1,4.0,1,Moonshot
CHO-MSK-6e55470f-14,COc1cc(COc2cc(Cl)cc(CC(=O)Nc3cnccc3C)c2)ccc1OC(F)F,4.0,1,Moonshot
CHO-MSK-6e55470f-17,CCOC(=O)c1c(COc2cc(Cl)cc(CC(=O)Nc3cnccc3C)c2)oc2ccccc12,4.0,1,Moonshot
CHO-MSK-6e55470f-19,Cc1ccncc1NC(=O)Cc1cc(Cl)cc(OCc2cc(-c3ccc(Cl)cc3)no2)c1,4.0,1,Moonshot
CHO-MSK-6e55470f-24,Cc1ccncc1NC(=O)Cc1cc(Cl)cc(OCc2nn(C(=O)OC(C)(C)C)c3ccccc23)c1,4.0,1,Moonshot
MAT-POS-b3e365b9-4,Cc1ccncc1NC(=O)[C@@H]1CCOc2ccc(Cl)cc21,4.0,1,Moonshot
EDJ-MED-e4b030d8-7,COc1cc(Cl)cc2c1OCC[C@H]2C(=O)Nc1cncc2ccccc12,4.0,1,Moonshot
EDJ-MED-e4b030d8-12,O=C(Nc1cncc2ccccc12)[C@@H]1COc2ccc(Cl)cc2C1,4.0,1,Moonshot
MAT-POS-8e4737f4-2,O=C(Nc1cncc2ccccc12)[C@H]1COc2ccc(Cl)cc2C1,4.0,1,Moonshot
MAT-POS-173a45da-2,Cc1ccncc1NC(=O)Cc1cc(Cl)cc(OCc2n[nH]c3ccccc23)c1,4.0,1,Moonshot
ERI-UCB-a0b0dbcb-6,COc1ccccc1OC1CCN(C(=O)c2cc(=O)[nH]c3ccccc23)C1,4.0,1,Moonshot
ERI-UCB-a0b0dbcb-8,COc1ccccc1NC1CN(C(=O)c2cc(=O)[nH]c3ccccc23)C1,4.0,1,Moonshot
ERI-UCB-a0b0dbcb-9,COc1ccccc1OC1CN(C(=O)c2cc(=O)[nH]c3ccccc23)C1,4.0,1,Moonshot
MAR-UCB-f313ec4d-4,COc1ccccc1NCCNC(=O)c1cc(=O)[nH]c2ccccc12,4.0,1,Moonshot
DAR-DIA-6a508060-7,O=C(NC1N=Nc2ccccc21)C1CCOc2ccc(Cl)cc21,4.0,1,Moonshot
MAT-POS-8a69d52e-5,C[C@H]1COc2ccc(Cl)cc2[C@H]1C(=O)Nc1cncc2ccccc12,4.0,2,Moonshot
MAT-POS-8a69d52e-6,C[C@@H]1COc2ccc(Cl)cc2[C@H]1C(=O)Nc1cncc2ccccc12,4.0,3,Moonshot
ALP-POS-7c842ab8-1,Cn1cc(CN(C(=O)Cn2nnc3ccccc32)c2ccc(N3CCCCC3)cc2)cn1,4.0,1,Moonshot
MAT-POS-500ca5bf-1,Cc1ccncc1NC(=O)Cc1cc(Cl)cc(OCCN2CCOCC2C)c1,4.0,1,Moonshot
BEN-DND-b89db3f2-2,O=C(Nc1cc[nH]c(=O)c1)C1CCOc2ccc(Cl)cc21,4.0,2,Moonshot
JAG-UCB-52b62a6f-5,O=C(Nc1[nH]nc2cccc(F)c12)C1CCOc2ccc(Cl)cc21,4.0,1,Moonshot
JAG-UCB-52b62a6f-6,O=C(Nc1[nH]nc2ccccc12)C1CCOc2ccc(Cl)cc21,4.0,1,Moonshot
JAG-UCB-52b62a6f-7,O=C(Nc1[nH]nc2cccnc12)C1CCOc2ccc(Cl)cc21,4.0,1,Moonshot
JAG-UCB-52b62a6f-11,Cc1ccn2cnnc2c1NC(=O)C1CCOc2ccc(Cl)cc21,4.0,1,Moonshot
JAG-UCB-52b62a6f-12,COc1ccc2c(NC(=O)C3CCOc4ccc(Cl)cc43)[nH]nc2c1,4.0,1,Moonshot
JAG-UCB-52b62a6f-13,O=C(Nc1cccc2cn[nH]c12)C1CCOc2ccc(Cl)cc21,4.0,1,Moonshot
JAG-UCB-52b62a6f-15,O=C(Nc1n[nH]c2ccnc(Br)c12)C1CCOc2ccc(Cl)cc21,4.0,1,Moonshot
JAG-UCB-52b62a6f-17,O=C(Nc1n[nH]c2ccccc12)C1CCOc2ccc(Cl)cc21,4.0,1,Moonshot
EDJ-MED-c8e7a002-1,COc1ccc2c(NC(=O)Cc3cccc(Cl)c3)noc2c1,4.0,1,Moonshot
EDJ-MED-c8e7a002-2,COc1ccc2n[nH]c(NC(=O)Cc3cccc(Cl)c3)c2c1,4.0,1,Moonshot
EDJ-MED-c8e7a002-3,COc1ccc2c(NC(=O)Cc3cccc(Cl)c3)[nH]nc2c1,4.0,1,Moonshot
EDJ-MED-c8e7a002-5,Cc1cc(C(F)(F)F)nc2n[nH]c(NC(=O)Cc3cccc(Cl)c3)c12,4.0,1,Moonshot
EDJ-MED-c8e7a002-6,Cc1nn(C)c2[nH]nc(NC(=O)Cc3cccc(Cl)c3)c12,4.0,1,Moonshot
EDJ-MED-c8e7a002-9,O=C(Cc1cccc(Cl)c1)Nc1n[nH]c2ccc(F)cc12,4.0,1,Moonshot
EDJ-MED-c8e7a002-10,O=C(Cc1cccc(Cl)c1)Nc1[nH]nc2cc(F)ccc12,4.0,1,Moonshot
EDJ-MED-c8e7a002-11,O=C(Cc1cccc(Cl)c1)Nc1n[nH]c2ccccc12,4.0,2,Moonshot
EDJ-MED-c8e7a002-12,O=C(Cc1cccc(Cl)c1)Nc1cccc2cn[nH]c12,4.0,1,Moonshot
EDJ-MED-c8e7a002-13,O=C(Cc1cccc(Cl)c1)Nc1[nH]nc2cccc(F)c12,4.0,1,Moonshot
EDJ-MED-c8e7a002-14,O=C(Cc1cccc(Cl)c1)Nc1[nH]nc2cccnc12,4.0,1,Moonshot
EDJ-MED-c8e7a002-15,O=C(Cc1cccc(Cl)c1)Nc1n[nH]c2ccnc(Br)c12,4.0,1,Moonshot
EDJ-MED-c8e7a002-16,O=C(Cc1cccc(Cl)c1)Nc1n[nH]c2ccncc12,4.0,1,Moonshot
PET-UNK-e44ffd04-1,O=C(Cc1cccc(Cl)c1)Nc1nnc2ccccn12,4.0,3,Moonshot
ALP-POS-64a710fa-2,CN(C)CCCN(Cc1cccs1)C(=O)Cc1cncc2ccccc12,4.0,1,Moonshot
LOR-NOR-c954e7ad-1,Cc1nc(CN2C(=O)C(=O)c3cc(Br)ccc32)cs1,4.0,1,Moonshot
LOR-NOR-c954e7ad-2,CCCCN1C(=O)C(=O)c2cc(Br)cc(C)c21,4.0,1,Moonshot
LOR-NOR-c954e7ad-3,CC(C)CCN1C(=O)C(=O)c2cc(Br)ccc21,4.0,1,Moonshot
LOR-NOR-c954e7ad-4,CCc1ccc2c(c1)C(=O)C(=O)N2CC(=O)O,4.0,1,Moonshot
LOR-NOR-c954e7ad-5,O=C(O)CN1C(=O)C(=O)c2cc([N+](=O)[O-])ccc21,4.0,1,Moonshot
LOR-NOR-c954e7ad-6,O=C1C(=O)N(Cc2ccccc2)c2ccc([N+](=O)[O-])cc21,4.0,1,Moonshot
MAT-POS-53907a1c-1,COc1ccc2c(N)nn(C(=O)Cc3cccc(Cl)c3)c2c1,4.0,1,Moonshot
MAT-POS-0c8fa4a7-2,COc1ccc2c(c1)c(N)nn2C(=O)Cc1cccc(Cl)c1,4.0,1,Moonshot
MAT-POS-0c8fa4a7-3,Nc1nn(C(=O)Cc2cccc(Cl)c2)c2ccccc12,4.0,1,Moonshot
MAT-POS-0c8fa4a7-4,Nc1nn(C(=O)Cc2cccc(Cl)c2)c2cccc(F)c12,4.0,1,Moonshot
ALP-POS-cd485364-1,Nc1nn(C(=O)Cc2cccc(Cl)c2)c2ccc(F)cc12,4.0,1,Moonshot
ALP-POS-e2fddb0f-2,Nc1nn(C(=O)C2CCOc3ccc(Cl)cc32)c2cc(F)ccc12,4.0,2,Moonshot
ALP-POS-b0bc6a46-1,CC1CC(CCN(C(=O)c2ccco2)C(C(=O)NCCc2cccc(F)c2)c2cccnc2)CC(C)(C)C1,4.0,2,Moonshot
ALP-POS-b0bc6a46-2,O=C(NCCc1cccc(F)c1)C(c1cccnc1)N(Cc1ccccc1)C(=O)c1ccco1,4.0,2,Moonshot
ALP-POS-b0bc6a46-4,CCOC1CC2(C1)CC2N(C(=O)c1ccco1)C(C(=O)NCCc1cccc(F)c1)c1cccnc1,4.0,2,Moonshot
ALP-POS-b0bc6a46-7,O=C(NCCc1cccc(F)c1)C(c1cccnc1)N(Cc1cc(C(F)(F)F)cs1)C(=O)c1ccco1,4.0,2,Moonshot
ALP-POS-b0bc6a46-8,COc1ccccc1N(C(=O)c1ccco1)C(C(=O)NCCc1cccc(F)c1)c1cccnc1,4.0,2,Moonshot
ALP-POS-b0bc6a46-11,CC(C)c1cc(N(C(=O)c2ccco2)C(C(=O)NCCc2cccc(F)c2)c2cccnc2)ccc1C(F)(F)F,4.0,2,Moonshot
ALP-POS-b0bc6a46-13,O=C(NCCc1cccc(F)c1)C(c1cccnc1)N(C(=O)c1ccco1)c1cccc(CSC2CCOCC2)c1,4.0,2,Moonshot
ALP-POS-b0bc6a46-18,COc1ccc(N(C(=O)c2ccco2)C(C(=O)NCCc2cccc(F)c2)c2cccnc2)cc1OCCO,4.0,2,Moonshot
ALP-POS-b0bc6a46-21,O=C(NCCc1cccc(F)c1)C(c1cccnc1)N(C(=O)c1ccco1)[C@H]1C[C@H](c2cc(F)cc(F)c2)C1,4.0,2,Moonshot
ALP-POS-b0bc6a46-25,COc1cc(C)ccc1N(C(=O)c1ccco1)C(C(=O)NCCc1cccc(F)c1)c1cccnc1,4.0,2,Moonshot
ALP-POS-b0bc6a46-26,O=C(NCCc1cccc(F)c1)C(c1cccnc1)N(C(=O)c1ccco1)C1CCCC(c2ccc(F)c(F)c2)C1,4.0,2,Moonshot
ALP-POS-b0bc6a46-27,N#Cc1cc(N(C(=O)c2ccco2)C(C(=O)NCCc2cccc(F)c2)c2cccnc2)ccc1Oc1ccc(C(F)(F)F)cc1,4.0,2,Moonshot
ALP-POS-b0bc6a46-29,COC(=O)C(C)(CN(C(=O)c1ccco1)C(C(=O)NCCc1cccc(F)c1)c1cccnc1)c1ccccc1F,4.0,2,Moonshot
ALP-POS-02c6a514-6,CC(=O)c1ccccc1C(=O)N(c1ccc(C(C)(C)C)cc1)C(C(=O)NCCc1cccc(F)c1)c1cccnc1,4.0,1,Moonshot
ALP-POS-02c6a514-10,Nc1ccc2[nH]c(C(=O)N(C(=O)c3ccco3)C(C(=O)NCCc3cccc(F)c3)c3cccnc3)cc2c1,4.0,1,Moonshot
ALP-POS-02c6a514-11,CC(C)(C)c1ccc(N(C(=O)c2ccccc2)C(C(=O)NCCc2cccc(F)c2)c2cccnc2)cc1,4.0,1,Moonshot
ALP-POS-02c6a514-13,COc1cncc(C(C(=O)NCCc2cccc(F)c2)N(C(=O)c2ccco2)c2ccc(C(C)(C)C)cc2)c1C,4.0,1,Moonshot
ALP-POS-02c6a514-19,CC(C)(C)c1ccc(N(C(=O)c2ccco2)C(C(=O)NCCc2cccc(F)c2)c2coc3ccccc23)cc1,4.0,1,Moonshot
ALP-POS-02c6a514-22,Cn1cncc1C(=O)N(c1ccc(C(C)(C)C)cc1)C(C(=O)NCCc1cccc(F)c1)c1cccnc1,4.0,1,Moonshot
ALP-POS-02c6a514-26,CC(C)(C)c1ccc(N(C(=O)c2ccncc2)C(C(=O)NCCc2cccc(F)c2)c2cccnc2)cc1,4.0,1,Moonshot
ALP-POS-02c6a514-31,Cn1nc(C(C(=O)NCCc2cccc(F)c2)N(C(=O)c2ccco2)c2ccc(C(C)(C)C)cc2)c2ccccc21,4.0,1,Moonshot
ALP-POS-02c6a514-33,CC(C)(C)c1ccc(N(C(=O)c2cccc(C#N)c2)C(C(=O)NCCc2cccc(F)c2)c2cccnc2)cc1,4.0,1,Moonshot
ALP-POS-02c6a514-40,COc1ccccc1C(=O)N(c1ccc(C(C)(C)C)cc1)C(C(=O)NCCc1cccc(F)c1)c1cccnc1,4.0,1,Moonshot
ALP-POS-02c6a514-48,CC(C)(C)c1ccc(N(C(=O)c2ccco2)C(C(=O)NCCc2cccc(F)c2)c2n[nH]c3ccccc23)cc1,4.0,1,Moonshot
ALP-POS-02c6a514-51,CC(C)(C)c1ccc(N(C(=O)C2CCCN2)C(C(=O)NCCc2cccc(F)c2)c2cccnc2)cc1,4.0,1,Moonshot
ALP-POS-902f21bb-1,Nc1nn(C(=O)Cc2cccc(Cl)c2)c2cc(F)ccc12,4.0,1,Moonshot
ALP-POS-79636100-3,Cc1cc(C(F)(F)F)nc2c1c(N)nn2C(=O)Cc1cccc(Cl)c1,4.0,1,Moonshot
ALP-POS-6495d03e-6,Cc1cc(C(F)(F)F)nc2c1c(N)nn2C(=O)C1CCOc2ccc(Cl)cc21,4.0,1,Moonshot
ALP-POS-6495d03e-7,Nc1nn(C(=O)Cc2cccc(Cl)c2)c2cccnc12,4.0,1,Moonshot
JOH-UNI-f51e3bbc-1,O=C(Nc1c[nH]c(=O)c2ccccc12)C1CCOc2ccc(Cl)cc21,4.0,1,Moonshot
ALP-UNI-4b8a177c-1,O=C(Nc1cncc2ccccc12)C1CCOc2c(O)ccc(Cl)c21,4.0,1,Moonshot
ALP-POS-a1bdc92a-1,CCC(=O)Nc1ccc(N(Cc2ccccc2)C(=O)n2nnc3ccccc32)cc1,4.0,1,Moonshot
ALP-POS-c3a96089-2,Cc1ccc(N(Cc2cscn2)C(=O)Cc2cncc3ccccc23)nc1,4.0,1,Moonshot
EDJ-MED-eff36d94-1,O=C(Nc1c[n+]([O-])cc2ccccc12)[C@@H]1CCOc2ccc(Cl)cc21,4.0,1,Moonshot
MAT-POS-35d3f55a-1,COc1ccccc1OCCNC(=O)C1CC(=O)Nc2ccccc21,4.0,1,Moonshot
KHR-WEI-75c61062-1,CCN(C(=O)c1ccco1)C(C(=O)NCCc1cccc(F)c1)c1cccnc1,4.0,1,Moonshot
KHR-WEI-75c61062-2,CN(C(=O)c1ccco1)C(C(=O)NCCc1cccc(F)c1)c1cccnc1,4.0,1,Moonshot
PET-UNK-752bebd6-1,COc1ccccc1OCCNC(=O)c1cc(=O)ccn1C,4.0,1,Moonshot
MAT-POS-8fd29122-1,COc1ccccc1OCCNC(=O)c1cc(=O)cc[nH]1,4.0,1,Moonshot
MAT-POS-8fd29122-2,O=C(c1cc(=O)cc[nH]1)N1CCN(c2cccc(Cl)c2)CC1,4.0,1,Moonshot
EDJ-MED-92e193ae-2,O=C(Nc1cncc2ccccc12)[C@H]1CCNc2ccc(Cl)cc21,4.0,1,Moonshot
JOH-UNI-61f30276-2,O=c1[nH]c(Cc2cccc(C(F)(F)F)c2)nc2cnccc12,4.0,2,Moonshot
JOH-UNI-61f30276-3,O=c1[nH]c(Cc2cccc(S(F)(F)(F)(F)F)c2)nc2cnccc12,4.0,2,Moonshot
LON-WEI-b2874fec-1,O=C1CCCN1Cc1cccc(C(=O)N2CCC(C3CCNC3)CC2)c1,4.0,1,Moonshot
LON-WEI-b2874fec-2,Cc1ccc(Nc2ccccc2C(=O)N2CCC(C3CCNC3)CC2)cc1,4.0,1,Moonshot
LON-WEI-b2874fec-3,CS(=O)(=O)Nc1ccc(Cl)cc1C(=O)N1CCC(C2CCNC2)CC1,4.0,1,Moonshot
LON-WEI-b2874fec-4,O=C1CCc2cc(C(=O)N3CCC(C4CCNC4)CC3)ccc2N1,4.0,1,Moonshot
LON-WEI-b2874fec-5,Cc1cc(C(=O)N2CCC(C3CCNC3)CC2)cc(S(=O)(=O)N(C)C)c1C,4.0,1,Moonshot
LON-WEI-b2874fec-6,Cc1c(C(=O)N2CCC(C3CCNC3)CC2)cccc1-c1ccccn1,4.0,1,Moonshot
LON-WEI-b2874fec-7,CCCOc1c(Cl)cc(C(=O)N2CCC(C3CCNC3)CC2)cc1OCC,4.0,1,Moonshot
LON-WEI-b2874fec-8,CC(C)OCc1cc(C(=O)N2CCC(C3CCNC3)CC2)ccc1F,4.0,1,Moonshot
LON-WEI-b2874fec-9,O=C(c1cccc(N2CCCNC2=O)c1)N1CCC(C2CCNC2)CC1,4.0,1,Moonshot
LON-WEI-b2874fec-10,CN1CCN(c2ccc(F)cc2C(=O)N2CCC(C3CCNC3)CC2)CC1,4.0,1,Moonshot
LON-WEI-b2874fec-11,Cc1cc(C(=O)N2CCC(C3CCNC3)CC2)cc(C)c1OC(F)F,4.0,1,Moonshot
LON-WEI-b2874fec-12,CS(=O)(=O)c1ccccc1C(=O)N1CCC(C2CCNC2)CC1,4.0,1,Moonshot
LON-WEI-b2874fec-13,CCc1ccc(S(C)(=O)=O)cc1C(=O)N1CCC(C2CCNC2)CC1,4.0,1,Moonshot
LON-WEI-b2874fec-14,O=C(c1ccc2[nH]c(C(F)F)nc2c1)N1CCC(C2CCNC2)CC1,4.0,1,Moonshot
LON-WEI-b2874fec-15,O=C(Nc1ccccc1)[C@@H](c1ccccc1)N1Cc2ccccc2C1=O,4.0,1,Moonshot
LON-WEI-b2874fec-16,O=C(Nc1ccc(Cl)cc1)[C@@H](c1ccccc1)N1Cc2ccccc2C1=O,4.0,1,Moonshot
LON-WEI-b2874fec-17,Cc1cccc(NC(=O)[C@@H](c2ccccc2)N2Cc3ccccc3C2=O)n1,4.0,1,Moonshot
LON-WEI-b2874fec-18,O=C(Nc1ccncc1)[C@@H](c1ccccc1)N1Cc2ccccc2C1=O,4.0,1,Moonshot
LON-WEI-b2874fec-19,O=C(Nc1ccc(F)cc1)[C@@H](c1ccccc1)N1Cc2ccccc2C1=O,4.0,1,Moonshot
LON-WEI-b2874fec-20,COCCNC(=O)[C@@H](c1ccccc1)N1Cc2ccccc2C1=O,4.0,1,Moonshot
LON-WEI-b2874fec-21,O=C(NCC1=[SH]C=CC1)[C@@H](c1ccccc1)N1Cc2ccccc2C1=O,4.0,1,Moonshot
LON-WEI-b2874fec-22,O=C(NCCc1ccccc1)[C@@H](c1ccccc1)N1Cc2ccccc2C1=O,4.0,1,Moonshot
LON-WEI-b2874fec-23,N#Cc1ccccc1NC(=O)[C@@H](c1ccccc1)N1Cc2ccccc2C1=O,4.0,1,Moonshot
LON-WEI-b2874fec-24,O=C(Nc1cccc(F)c1)[C@@H](c1ccccc1)N1Cc2ccccc2C1=O,4.0,1,Moonshot
LON-WEI-b2874fec-25,O=C(Nc1cccnc1)[C@@H](c1ccccc1)N1Cc2ccccc2C1=O,4.0,1,Moonshot
LON-WEI-b2874fec-26,CNCC1CCCN(C(=O)[C@@H](c2ccccc2)N2Cc3ccccc3C2=O)C1,4.0,1,Moonshot
LON-WEI-b2874fec-27,CN(C)C(=O)C(CNC(=O)[C@@H](c1ccccc1)N1Cc2ccccc2C1=O)c1ccccc1,4.0,1,Moonshot
LON-WEI-f8a636e2-1,O=C(NCc1cccs1)[C@@H](c1ccccc1)N1Cc2ccccc2C1=O,4.0,1,Moonshot
EDJ-MED-3c65e9ce-2,CC(=O)N1CCN(CC(=O)Nc2cnccc2C2CC2)CC1,4.0,1,Moonshot
EDJ-MED-3c65e9ce-3,CC(=O)N1CCN(CC(=O)Nc2cnccc2-c2ccccc2)CC1,4.0,1,Moonshot
ALP-POS-305f6ec3-3,CC(C)(C)c1ccc(N(C(=O)c2scnc2Cl)C(C(=O)NCCc2cccc(F)c2)c2cccnc2)cc1,4.0,1,Moonshot
ALP-POS-305f6ec3-4,CC(C)(C)c1ccc(N(C(=O)c2cnc(C(C)(C)CF)o2)C(C(=O)NCCc2cccc(F)c2)c2cccnc2)cc1,4.0,1,Moonshot
ALP-POS-305f6ec3-5,CC(C)(C)c1ccc(N(C(=O)c2nc3c(s2)CCC3)C(C(=O)NCCc2cccc(F)c2)c2cccnc2)cc1,4.0,1,Moonshot
ALP-POS-305f6ec3-6,CC(C)(C)c1ccc(N(C(=O)c2nc(=O)[nH][nH]2)C(C(=O)NCCc2cccc(F)c2)c2cccnc2)cc1,4.0,1,Moonshot
ALP-POS-305f6ec3-7,Cc1nc(C2CC2)oc1C(=O)N(c1ccc(C(C)(C)C)cc1)C(C(=O)NCCc1cccc(F)c1)c1cccnc1,4.0,1,Moonshot
ALP-POS-305f6ec3-8,Cc1nc(C(=O)N(c2ccc(C(C)(C)C)cc2)C(C(=O)NCCc2cccc(F)c2)c2cccnc2)nn1-c1nnc[nH]1,4.0,1,Moonshot
ALP-POS-305f6ec3-9,CN1CCn2nc(C(=O)N(c3ccc(C(C)(C)C)cc3)C(C(=O)NCCc3cccc(F)c3)c3cccnc3)cc2S1(=O)=O,4.0,1,Moonshot
ALP-POS-305f6ec3-12,Cn1cnc(C(=O)N(c2ccc(C(C)(C)C)cc2)C(C(=O)NCCc2cccc(F)c2)c2cccnc2)cc1=O,4.0,1,Moonshot
ALP-POS-305f6ec3-13,Cn1c(=O)[nH]c(=O)c2ccc(C(=O)N(c3ccc(C(C)(C)C)cc3)C(C(=O)NCCc3cccc(F)c3)c3cccnc3)nc21,4.0,1,Moonshot
ALP-POS-305f6ec3-15,CCc1nc(-c2nnc[nH]2)sc1C(=O)N(c1ccc(C(C)(C)C)cc1)C(C(=O)NCCc1cccc(F)c1)c1cccnc1,4.0,1,Moonshot
ALP-POS-305f6ec3-16,CC(O)Cc1c(C(=O)N(c2ccc(C(C)(C)C)cc2)C(C(=O)NCCc2cccc(F)c2)c2cccnc2)[nH][nH]c1=O,4.0,1,Moonshot
ALP-POS-305f6ec3-17,CC(C)(C)c1ccc(N(C(=O)c2nc3cnccc3s2)C(C(=O)NCCc2cccc(F)c2)c2cccnc2)cc1,4.0,1,Moonshot
ALP-POS-305f6ec3-18,CC(C)(C)c1ccc(N(C(=O)c2cc(=O)c3c(O)cccc3o2)C(C(=O)NCCc2cccc(F)c2)c2cccnc2)cc1,4.0,1,Moonshot
ALP-POS-305f6ec3-19,CC(C)(C)c1ccc(N(C(=O)c2ocnc2C(F)(F)F)C(C(=O)NCCc2cccc(F)c2)c2cccnc2)cc1,4.0,1,Moonshot
ALP-POS-305f6ec3-22,CC(C)(C)c1ccc(N(C(=O)c2sc(N3CCOCC3)nc2Cl)C(C(=O)NCCc2cccc(F)c2)c2cccnc2)cc1,4.0,1,Moonshot
ALP-POS-305f6ec3-23,COc1cc(C(=O)N(c2ccc(C(C)(C)C)cc2)C(C(=O)NCCc2cccc(F)c2)c2cccnc2)sn1,4.0,1,Moonshot
ALP-POS-305f6ec3-24,Cn1c(=O)c2cc(C(=O)N(c3ccc(C(C)(C)C)cc3)C(C(=O)NCCc3cccc(F)c3)c3cccnc3)n(C)c2n(C)c1=O,4.0,1,Moonshot
ALP-POS-305f6ec3-25,Cn1nc2c(c1C(=O)N(c1ccc(C(C)(C)C)cc1)C(C(=O)NCCc1cccc(F)c1)c1cccnc1)CS(=O)(=O)CC2,4.0,1,Moonshot
ALP-POS-305f6ec3-27,Cn1nncc1C(=O)N(c1ccc(C(C)(C)C)cc1)C(C(=O)NCCc1cccc(F)c1)c1cccnc1,4.0,1,Moonshot
ALP-POS-305f6ec3-28,CC(C)(C)c1ccc(N(C(=O)c2ccc(=O)[nH]n2)C(C(=O)NCCc2cccc(F)c2)c2cccnc2)cc1,4.0,1,Moonshot
ALP-POS-305f6ec3-29,CC(C)(C)c1ccc(N(C(=O)c2cnc(C3CCOC3)s2)C(C(=O)NCCc2cccc(F)c2)c2cccnc2)cc1,4.0,1,Moonshot
ALP-POS-305f6ec3-30,Cn1cc(-c2cc(C(=O)N(c3ccc(C(C)(C)C)cc3)C(C(=O)NCCc3cccc(F)c3)c3cccnc3)on2)cn1,4.0,1,Moonshot
ALP-POS-305f6ec3-31,CC(C)(C)c1ccc(N(C(=O)c2cc(=O)n3ncnc3[nH]2)C(C(=O)NCCc2cccc(F)c2)c2cccnc2)cc1,4.0,1,Moonshot
ALP-POS-305f6ec3-32,Cc1cn2nnc(C(=O)N(c3ccc(C(C)(C)C)cc3)C(C(=O)NCCc3cccc(F)c3)c3cccnc3)c2c(=O)[nH]1,4.0,1,Moonshot
ALP-POS-305f6ec3-34,CC(C)(C)c1ccc(N(C(=O)c2nc3ncc(CCO)cn3n2)C(C(=O)NCCc2cccc(F)c2)c2cccnc2)cc1,4.0,1,Moonshot
ALP-POS-305f6ec3-35,CC(C)(C)c1ccc(N(C(=O)c2n[nH]c(=O)[nH]c2=O)C(C(=O)NCCc2cccc(F)c2)c2cccnc2)cc1,4.0,1,Moonshot
ALP-POS-305f6ec3-36,COCc1nc(C)c(C(=O)N(c2ccc(C(C)(C)C)cc2)C(C(=O)NCCc2cccc(F)c2)c2cccnc2)s1,4.0,1,Moonshot
ALP-POS-305f6ec3-39,CC(C)(C)c1ccc(N(C(=O)c2cc(=O)[nH]c(=O)[nH]2)C(C(=O)NCCc2cccc(F)c2)c2cccnc2)cc1,4.0,1,Moonshot
ALP-POS-305f6ec3-40,CC(C)(C)c1ccc(N(C(=O)c2nnc(O)cc2O)C(C(=O)NCCc2cccc(F)c2)c2cccnc2)cc1,4.0,1,Moonshot
ALP-POS-305f6ec3-42,CC(C)(C)c1ccc(N(C(=O)c2nnc(S)[nH]c2=O)C(C(=O)NCCc2cccc(F)c2)c2cccnc2)cc1,4.0,1,Moonshot
ALP-POS-305f6ec3-43,CO[C@@H]1COC[C@H]1n1cc(C(=O)N(c2ccc(C(C)(C)C)cc2)C(C(=O)NCCc2cccc(F)c2)c2cccnc2)nn1,4.0,1,Moonshot
ALP-POS-305f6ec3-44,Cc1cnoc1C(=O)N(c1ccc(C(C)(C)C)cc1)C(C(=O)NCCc1cccc(F)c1)c1cccnc1,4.0,1,Moonshot
ALP-POS-305f6ec3-45,COc1c(C(=O)N(c2ccc(C(C)(C)C)cc2)C(C(=O)NCCc2cccc(F)c2)c2cccnc2)[nH]c(=O)[nH]c1=O,4.0,1,Moonshot
ALP-POS-305f6ec3-50,Cn1cc(C(=O)N(c2ccc(C(C)(C)C)cc2)C(C(=O)NCCc2cccc(F)c2)c2cccnc2)ncc1=O,4.0,1,Moonshot
ALP-POS-305f6ec3-51,CC(C)(C)c1ccc(N(C(=O)c2[nH]nc(O)c2CCO)C(C(=O)NCCc2cccc(F)c2)c2cccnc2)cc1,4.0,1,Moonshot
ALP-POS-305f6ec3-53,COCCn1nc(C(=O)N(c2ccc(C(C)(C)C)cc2)C(C(=O)NCCc2cccc(F)c2)c2cccnc2)ccc1=O,4.0,1,Moonshot
ALP-POS-305f6ec3-56,Cn1cc(C(=O)N(c2ccc(C(C)(C)C)cc2)C(C(=O)NCCc2cccc(F)c2)c2cccnc2)n(C)c1=O,4.0,1,Moonshot
ALP-POS-305f6ec3-57,Cn1c(C(=O)N(c2ccc(C(C)(C)C)cc2)C(C(=O)NCCc2cccc(F)c2)c2cccnc2)c[nH]c1=O,4.0,1,Moonshot
ALP-POS-305f6ec3-58,CC(C)(C)c1ccc(N(C(=O)c2nc(CN3CCOCC3)cs2)C(C(=O)NCCc2cccc(F)c2)c2cccnc2)cc1,4.0,1,Moonshot
RAL-THA-2d450e86-5,N#Cc1ccc(CC(=O)Nc2cncc3ccccc23)cc1,4.0,1,Moonshot
RAL-THA-2d450e86-36,O=C(Cc1ccccc1Cl)Nc1cncc2ccccc12,4.0,1,Moonshot
ALP-POS-1245c3fa-1,O=C(NCCc1cccc(F)c1)C(c1cccnc1)N(C(=O)c1c[nH]cn1)c1ccc(Cl)cc1,4.0,1,Moonshot
JOH-UNI-abfda500-4,O=C(Cc1cccc(Cl)c1)Nc1cnccc1C(=O)O,4.0,1,Moonshot
JOH-UNI-abfda500-7,O=C(Cc1cccc(C(F)(F)F)c1)Nc1cnccc1C(=O)O,4.0,1,Moonshot
JOH-UNI-23d9e1b1-1,CC(=O)C(=O)N1CCN(Cc2cccc(Cl)c2)CC1,4.0,1,Moonshot
CHO-MSK-a31cca77-1,O=C(CC1(C(=O)Nc2cncc3ccccc23)CCOc2ccc(Cl)cc21)Nc1nnco1,4.0,1,Moonshot
MAT-POS-f9802937-9,O=C(Nc1cncc2ccccc12)[C@H]1CCNc2cc(Cl)c(Cl)cc21,4.0,2,Moonshot
ALP-POS-ced8ea4d-2,O=C(NCCc1cccc(F)c1)C(c1cccnc1)N(C(=O)c1cocn1)C1CC2CCCC2C1,4.0,1,Moonshot
ALP-POS-ced8ea4d-3,O=C(NCCc1cccc(F)c1)C(c1cccnc1)N(C(=O)c1cocn1)C1CCc2cc(F)ccc21,4.0,1,Moonshot
ALP-POS-ced8ea4d-4,O=C(NCCc1cccc(F)c1)C(c1cccnc1)N(C(=O)c1cocn1)C1COc2ccccc2C1,4.0,1,Moonshot
ALP-POS-ced8ea4d-6,COC1CC2(C1)CC(N(C(=O)c1cocn1)C(C(=O)NCCc1cccc(F)c1)c1cccnc1)C2,4.0,1,Moonshot
ALP-POS-ced8ea4d-10,Cn1cnc2cc(N(C(=O)c3cocn3)C(C(=O)NCCc3cccc(F)c3)c3cccnc3)ccc21,4.0,1,Moonshot
ALP-POS-ced8ea4d-13,O=C(NCCc1cccc(F)c1)C(c1cccnc1)N(C(=O)c1cocn1)C1CCCCC1,4.0,1,Moonshot
ALP-POS-ced8ea4d-14,O=C(NCCc1cccc(F)c1)C(c1cccnc1)N(C(=O)c1cocn1)C1CCCOC1,4.0,1,Moonshot
ALP-POS-ced8ea4d-17,O=C(NCCc1cccc(F)c1)C(c1cccnc1)N(C(=O)c1cocn1)c1ccc(S(=O)(=O)C2CCCC2)cc1,4.0,1,Moonshot
ALP-POS-ced8ea4d-21,Cc1nc2ccc(N(C(=O)c3cocn3)C(C(=O)NCCc3cccc(F)c3)c3cccnc3)cc2o1,4.0,1,Moonshot
ALP-POS-ced8ea4d-22,O=C(NCCc1cccc(F)c1)C(c1cccnc1)N(C(=O)c1cocn1)C1CCCCCC1,4.0,1,Moonshot
ALP-POS-ced8ea4d-23,O=C(NCCc1cccc(F)c1)C(c1cccnc1)N(C(=O)c1cocn1)C1CCc2ccccc21,4.0,1,Moonshot
ALP-POS-ced8ea4d-25,O=C(NCCc1cccc(F)c1)C(c1cccnc1)N(C(=O)c1cocn1)c1ccc2c(c1)CCCS2(=O)=O,4.0,1,Moonshot
ALP-POS-ced8ea4d-26,O=C(NCCc1cccc(F)c1)C(c1cccnc1)N(C(=O)c1cocn1)C1CCN(c2ccccc2F)C1,4.0,1,Moonshot
ALP-POS-ced8ea4d-29,O=C(NCCc1cccc(F)c1)C(c1cccnc1)N(C(=O)c1cocn1)C1Cc2ccccc21,4.0,1,Moonshot
ALP-POS-ced8ea4d-31,O=C(NCCc1cccc(F)c1)C(c1cccnc1)N(C(=O)c1cocn1)C1CCN(c2ccccc2)C1,4.0,1,Moonshot
ALP-POS-ced8ea4d-33,O=C(NCCc1cccc(F)c1)C(c1cccnc1)N(C(=O)c1cocn1)C1COc2cc(F)ccc21,4.0,1,Moonshot
ALP-POS-ced8ea4d-34,COCc1csc(N(C(=O)c2cocn2)C(C(=O)NCCc2cccc(F)c2)c2cccnc2)n1,4.0,1,Moonshot
ALP-POS-ced8ea4d-40,COc1ccccc1CN(C(=O)c1cocn1)C(C(=O)NCCc1cccc(F)c1)c1cccnc1,4.0,1,Moonshot
ALP-POS-ced8ea4d-41,Cc1ccccc1CN(C(=O)c1cocn1)C(C(=O)NCCc1cccc(F)c1)c1cccnc1,4.0,1,Moonshot
ALP-POS-ced8ea4d-45,CN1CCCC(N(C(=O)c2cocn2)C(C(=O)NCCc2cccc(F)c2)c2cccnc2)C1,4.0,1,Moonshot
ALP-POS-ced8ea4d-47,O=C(NCCc1cccc(F)c1)C(c1cccnc1)N(C(=O)c1cocn1)c1ccc2c(c1)CCOC2,4.0,1,Moonshot
ALP-POS-ced8ea4d-48,COc1cc(C)ccc1CN(C(=O)c1cocn1)C(C(=O)NCCc1cccc(F)c1)c1cccnc1,4.0,1,Moonshot
ALP-POS-ced8ea4d-49,CCOc1ccc(N(C(=O)c2cocn2)C(C(=O)NCCc2cccc(F)c2)c2cccnc2)cn1,4.0,1,Moonshot
ALP-POS-ced8ea4d-50,COc1cc(N(C(=O)c2cocn2)C(C(=O)NCCc2cccc(F)c2)c2cccnc2)ccc1S(=O)(=O)N(C)C,4.0,1,Moonshot
ALP-POS-ced8ea4d-55,O=C(NCCc1cccc(F)c1)C(c1cccnc1)N(C(=O)c1cocn1)[C@H]1C[C@H](Oc2ccccc2)C1,4.0,1,Moonshot
ALP-POS-ced8ea4d-56,O=C(NCCc1cccc(F)c1)C(c1cccnc1)N(C(=O)c1cocn1)C1CCC2(CCO2)CC1,4.0,1,Moonshot
ALP-POS-ced8ea4d-57,O=C(NCCc1cccc(F)c1)C(c1cccnc1)N(C(=O)c1cocn1)C1COC2(CCCC2)C1,4.0,1,Moonshot
ALP-POS-ced8ea4d-58,Cc1ccccc1C(C)N(C(=O)c1cocn1)C(C(=O)NCCc1cccc(F)c1)c1cccnc1,4.0,1,Moonshot
ALP-POS-ced8ea4d-60,O=C(NCCc1cccc(F)c1)C(c1cccnc1)N(C(=O)c1cocn1)C1CCC2OCCC2C1,4.0,1,Moonshot
EDG-MED-ba1ac7b9-25,CC1CN(C(=O)CC2(C(=O)Nc3cncc4ccccc34)CCOc3ccc(Cl)cc32)CCN1CCO,4.0,1,Moonshot
MAT-POS-9db1e783-1,O=C(Nc1cncc2ccccc12)[C@@]1(O)CCOc2ccc(Cl)cc21,4.0,1,Moonshot
ALP-POS-88a7a97e-8,CC(C)(C)c1ccc(N(C(=O)c2cocn2)C(C(=O)NCc2ccncc2)c2cccnc2)cc1,4.0,1,Moonshot
JOH-UNI-0e1753c1-4,CC(=O)C(=O)N1CCN(Cc2cccc(Cl)c2)[C@@H](CC(C)C)C1,4.0,1,Moonshot
ALP-POS-d0876c20-2,Cc1cc(O)c(C(C(=O)NCCc2cccc(F)c2)N(C(=O)c2cocn2)c2ccc(C(C)(C)C)cc2)c(=O)[nH]1,4.0,1,Moonshot
ALP-POS-d0876c20-3,Cn1cc(C(C(=O)NCCc2cccc(F)c2)N(C(=O)c2cocn2)c2ccc(C(C)(C)C)cc2)ccc1=O,4.0,1,Moonshot
ALP-POS-d0876c20-7,CC(C)(C)c1ccc(N(C(=O)c2cocn2)C(C(=O)NCCc2cccc(F)c2)c2ccc[nH]c2=O)cc1,4.0,1,Moonshot
ALP-POS-d0876c20-11,Cn1cccc(C(C(=O)NCCc2cccc(F)c2)N(C(=O)c2cocn2)c2ccc(C(C)(C)C)cc2)c1=O,4.0,1,Moonshot
ALP-POS-d0876c20-12,CC(C)(C)c1ccc(N(C(=O)c2cocn2)C(C(=O)NCCc2cccc(F)c2)c2cnc(N3CCOCC3)nc2)cc1,4.0,1,Moonshot
ALP-POS-d0876c20-14,CN(C)c1ncc(C(C(=O)NCCc2cccc(F)c2)N(C(=O)c2cocn2)c2ccc(C(C)(C)C)cc2)cn1,4.0,1,Moonshot
ALP-POS-d0876c20-22,CC(C)(C)c1ccc(N(C(=O)c2cocn2)C(C(=O)NCCc2cccc(F)c2)c2c(N3CCOCC3)nc3ccccn3c2=O)cc1,4.0,1,Moonshot
ALP-POS-d0876c20-24,CN1CCN(c2ncc(C(C(=O)NCCc3cccc(F)c3)N(C(=O)c3cocn3)c3ccc(C(C)(C)C)cc3)cn2)CC1,4.0,1,Moonshot
MAT-POS-a13804f0-2,O=C(Nc1cncc2ccccc12)[C@H]1CCOc2cc(F)c(Cl)cc21,4.0,1,Moonshot
MAT-POS-90505e2b-1,O=C1OC2(CCOc3ccc(Cl)cc32)C(=O)N1c1cncc2ccccc12,4.0,1,Moonshot
MAT-POS-932d1078-6,CCC(CC)COC(=O)[C@H](C)NP(=O)(OC[C@H]1O[C@@](C#N)(c2ccc3c(N)ncnn23)[C@H](O)[C@@H]1O)Oc1ccccc1,4.0,1,Moonshot
MAT-POS-932d1078-7,CC(C)C(=O)OC[C@H]1O[C@@H](n2cc/c(=N/O)[nH]c2=O)[C@H](O)[C@@H]1O,4.0,1,Moonshot
ALP-POS-95f71980-18,CC(C)(C)c1ccc(N(C(=O)c2cc(O)cc(=O)o2)C(C(=O)NCCc2cccc(F)c2)c2cccnc2)cc1,4.0,1,Moonshot
ALP-POS-95f71980-19,CC(C)(C)c1ccc(N(C(=O)c2ccnc(N3CCOCC3)n2)C(C(=O)NCCc2cccc(F)c2)c2cccnc2)cc1,4.0,1,Moonshot
ALP-POS-95f71980-22,CC(C)(C)c1ccc(N(C(=O)c2nnn[nH]2)C(C(=O)NCCc2cccc(F)c2)c2cccnc2)cc1,4.0,1,Moonshot
ALP-POS-95f71980-34,O=C1CCC(c2ccc(N(C(=O)c3cocn3)C(C(=O)NCCc3cccc(F)c3)c3cccnc3)cc2)N1,4.0,1,Moonshot
ALP-POS-95f71980-37,CC(C)(O)c1cccc(N(C(=O)c2cocn2)C(C(=O)NCCc2cccc(F)c2)c2cccnc2)c1,4.0,1,Moonshot
ALP-POS-95f71980-38,O=C(NCCc1cccc(F)c1)C(c1cccnc1)N(C(=O)c1cocn1)c1ccc(-c2nnc3n2CCC3)cc1,4.0,1,Moonshot
ALP-POS-42f3de95-1,CC(C)(C)c1ccc(N(C(=O)c2cocn2)C(C(=O)NCCc2nnn[nH]2)c2cccnc2)cc1,4.0,1,Moonshot
JIN-POS-6dc588a4-2,O=C(Cc1cccc(Cl)c1)Nc1noc2ncccc12,4.0,1,Moonshot
JIN-POS-6dc588a4-5,O=C(Cc1cccc(Cl)c1)Nc1c[nH]c2ccccc12,4.0,1,Moonshot
JIN-POS-6dc588a4-7,O=C(Cc1cccc(Cl)c1)Nc1ncnc2ccccc12,4.0,1,Moonshot
JIN-POS-6dc588a4-8,O=C(Cc1cccc(Cl)c1)Nc1noc2ccccc12,4.0,1,Moonshot
JIN-POS-6dc588a4-23,COc1ncc(NC(=O)Cc2cccc(Cl)c2)c2ccccc12,4.0,1,Moonshot
RUB-POS-1325a9ea-5,Cc1cccc2c(NC(=O)Cc3cccc(Cl)c3)cncc12,4.0,1,Moonshot
RUB-POS-1325a9ea-7,O=C(Cc1cccc(Cl)c1)NC1C(=O)NCc2ccccc21,4.0,1,Moonshot
RUB-POS-1325a9ea-21,O=C(Cc1cccc(Cl)c1)NC1CS(=O)(=O)Cc2ccccc21,4.0,1,Moonshot
RUB-POS-1325a9ea-22,O=C(Cc1cccc(Cl)c1)NC1=NC(=O)c2ccccc21,4.0,1,Moonshot
RUB-POS-1325a9ea-24,CC1(C)Nc2ccccc2C1NC(=O)Cc1cccc(Cl)c1,4.0,1,Moonshot
ROD-UFR-93b30032-1,O=S(=O)(c1cc2c(cc1OCc1ccccc1)OCO2)N1CCOCC1,4.0,1,Moonshot
ROD-UFR-74bef589-1,O=S(=O)(Nc1cc2c(cc1OCc1ccccc1)OCO2)c1ccccc1,4.0,1,Moonshot
ROD-UFR-d767f115-1,CNS(=O)(=O)c1cc2c(cc1OCc1ccccc1)OCO2,4.0,1,Moonshot
ROD-UFR-9b69e111-1,Cc1cc2c(cc1S(=O)(=O)N1CCN(c3ccccc3)CC1)OCO2,4.0,1,Moonshot
ROD-UFR-d5063330-1,CCCc1cc2c(cc1S(=O)(=O)N1CCN(c3ccccc3OC)CC1)OCO2,4.0,1,Moonshot
ROD-UFR-0ea09143-1,CCCc1cc2c(cc1S(=O)(=O)N1CCN(c3cccc(Cl)c3Cl)CC1)OCO2,4.0,1,Moonshot
ROD-UFR-7c6582a7-1,CCCc1cc2c(cc1S(=O)(=O)N1CCN(c3ncccn3)CC1)OCO2,4.0,1,Moonshot
ROD-UFR-87309d29-1,O=C(O)CCc1cc2c(cc1S(=O)(=O)N1CCN(c3ccccc3)CC1)OCO2,4.0,1,Moonshot
MAT-POS-ec6d90b7-2,O=C1O[C@@]2(CCOc3ccc(Cl)cc32)C(=O)N1c1cncc2ccccc12,4.0,1,Moonshot
MAT-POS-ec6d90b7-3,O=C(Nc1cncc2ccncc12)[C@H]1CCOc2cc(F)c(Cl)cc21,4.0,1,Moonshot
MAT-POS-61f37a1a-15,Cn1c(CNCC2(C(=O)Nc3cncc4ccccc34)CCOc3ccc(Cl)cc32)nc2c1c(=O)[nH]c(=O)n2C,4.0,1,Moonshot
MAT-POS-afb6844f-2,Cc1c(NC(=O)C2CCOc3ccc(Cl)cc32)cncc1N(C)C,4.0,1,Moonshot
JAR-KUA-41bd5a3d-1,COCc1csc(CNC(=O)c2ncc(Cl)cc2Cl)c1,4.0,1,Moonshot
JAR-KUA-41bd5a3d-2,NS(=O)(=O)c1cc(CN2CCN(C(c3ccccc3)c3ccccc3)CC2)co1,4.0,1,Moonshot
JAR-KUA-41bd5a3d-3,Cc1nc(C)c(S(=O)(=O)NCC2CCCC3CC23)s1,4.0,1,Moonshot
JAR-KUA-41bd5a3d-4,Cc1nc(N2CCN(S(=O)(=O)c3ccccc3)CC2)sc1S(N)(=O)=O,4.0,1,Moonshot
JAR-KUA-41bd5a3d-6,Cc1csc2ncc(C(=O)N3C4CCC3c3ccccc34)c(=O)n12,4.0,1,Moonshot
JAR-KUA-41bd5a3d-7,CCS(=O)(=O)c1c(Cl)cccc1CNC(c1cccc(F)c1)C1CC1,4.0,1,Moonshot
JAR-KUA-41bd5a3d-8,COCc1csc(-c2nnc(-c3sc(-c4ccccc4)nc3C)o2)c1,4.0,1,Moonshot
JAR-KUA-41bd5a3d-9,Cc1ccc(S(=O)(=O)NCC(=O)N2CCC(NS(N)(=O)=O)CC2)cc1,4.0,1,Moonshot
JAR-KUA-41bd5a3d-10,CCS(=O)(=O)c1cc(Cl)cc(CNS(=O)(=O)c2cccs2)c1,4.0,1,Moonshot
JAR-KUA-41bd5a3d-11,Cc1ccc(S(=O)(=O)NCCNC(=O)N2CCN(S(=O)(=O)N3CCCC3)CC2)cc1,4.0,1,Moonshot
JAR-KUA-41bd5a3d-12,COCc1ccccc1CNS(=O)(=O)c1c(C)sc(C)c1C,4.0,1,Moonshot
JAR-KUA-41bd5a3d-13,CN(C)S(=O)(=O)N1CCN(C(=O)C2Nc3ccccc3S(=O)(=O)N2)CC1,4.0,1,Moonshot
JAR-KUA-41bd5a3d-14,CCS(=O)(=O)c1ccc(CNS(=O)(=O)c2cnc(-c3ccccc3)s2)s1,4.0,1,Moonshot
JAR-KUA-41bd5a3d-15,Cc1nc2scc(C)n2c1CN1CCN(Cc2ccsc2)CC1,4.0,1,Moonshot
JAR-KUA-41bd5a3d-16,NS(=O)(=O)NCCNS(=O)(=O)c1ccccc1[N+](=O)[O-],4.0,1,Moonshot
JAR-KUA-41bd5a3d-17,COc1cc(OC)cc(-c2nc(-c3c(C)nc4sccn34)no2)c1,4.0,1,Moonshot
JAR-KUA-41bd5a3d-18,NS(=O)(=O)C1Cc2ccccc2N(CCNS(=O)(=O)c2ccccc2)C1,4.0,1,Moonshot
JAR-KUA-41bd5a3d-19,CCN(CC)S(=O)(=O)c1ccc(S(=O)(=O)N2CCN(S(N)(=O)=O)CC2)cc1,4.0,1,Moonshot
EDJ-MED-076d6e64-1,O=C(Cc1cccc(Cl)c1)Nc1cncn2cnnc12,4.0,1,Moonshot
BEN-DND-03406596-11,C[C@H](C(=O)Nc1cncnc1)c1ccccc1,4.0,1,Moonshot
BEN-DND-03406596-12,C[C@@H](C(=O)Nc1cncnc1)c1ccccc1,4.0,1,Moonshot
UNK-CYC-68f84b31-70,O=C(NNC(=O)c1cccc(-n2nccc2C(F)(F)F)c1)OCc1ccccc1,4.0,1,Moonshot
UNK-CYC-68f84b31-86,N#Cc1ccc(C(=O)N2C[C@@H](F)C[C@H]2CNC(=O)C2CCCC2O)[nH]1,4.0,1,Moonshot
MAT-POS-a3f7f96a-3,COC(=O)c1cc(/C=c2\s/c(=C(/C#N)C(=O)NC(C)C)n(-c3ccc(OC)c(F)c3)c2=O)oc1C,4.0,1,Moonshot
MAT-POS-a3f7f96a-4,CC(C(=O)NS(=O)(=O)c1cnn(-c2cccc(C(F)(F)F)c2)c1)n1cnc(C#N)n1,4.0,1,Moonshot
MAT-POS-a3f7f96a-5,COC(=O)c1cc(/C=c2\sc(=C(C#N)C#N)n(-c3cccc(C(F)(F)F)c3)c2=O)oc1C,4.0,1,Moonshot
MAT-POS-8293a91a-1,Cc1cc(O)ncc1NC(=O)C1CCOc2ccc(Cl)cc21,4.0,1,Moonshot
MAT-POS-8293a91a-3,O=C(Nc1cncc2ccc(C(F)(F)F)cc12)C1CCOc2ccc(Cl)cc21,4.0,1,Moonshot
EDJ-MED-c292668a-1,O=C1CN(C(=O)Cc2cccc(Cl)c2)Cc2ccccc21,4.0,1,Moonshot
ROB-CAM-6936528f-1,O=C1Cc2ccccc2N(C(=O)Cc2cccc(Cl)c2)C1,4.0,1,Moonshot
MAT-POS-a2421bb6-2,CNC1CCc2c(NC(=O)C3CCOc4ccc(Cl)cc43)cncc21,4.0,1,Moonshot
MAT-POS-a2421bb6-4,Cn1ncc(NC(=O)C2CCOc3ccc(Cl)cc32)c1C(F)F,4.0,1,Moonshot
EDJ-MED-6e43a462-1,COc1ccn2c(NC(=O)Cc3cccc(Cl)c3)cnc2c1,4.0,1,Moonshot
EDJ-MED-6e43a462-3,COc1cccc2ncc(NC(=O)Cc3cccc(Cl)c3)n12,4.0,1,Moonshot
BEN-DND-1e24cf73-1,O=C(Cc1cccc(Cl)c1)Nc1cncn1-c1ccccc1,4.0,1,Moonshot
TAT-ENA-0e28ea53-1,Cc1cc(NC(=O)C2CCOc3ccc(Cl)cc32)ncc1N,4.0,1,Moonshot
WIL-UNI-d4749f31-1,Cc1ccc(NCc2nnc3n(C)c(=O)c4ccccc4n23)cc1C,4.0,1,Moonshot
WIL-UNI-d4749f31-2,O=C(Nc1ccc2c(=O)cc[nH]c2c1)c1ccc2ccncc2c1,4.0,1,Moonshot
WIL-UNI-d4749f31-3,Cc1cn2ccc(C(=O)Nc3nc(-c4cnn(C)c4)cs3)cc2n1,4.0,1,Moonshot
WIL-UNI-d4749f31-4,O=C(Cc1c[nH]c2cc(Cl)ccc12)Nc1cccc2[nH]c(=O)[nH]c12,4.0,1,Moonshot
WIL-UNI-d4749f31-5,Cc1nnc(CNc2ccc3nnc(-c4ccccc4)n3n2)o1,4.0,1,Moonshot
WIL-UNI-d4749f31-7,CN(Cc1nnc2ccccn12)C(=O)c1ccnc2ccccc12,4.0,2,Moonshot
WIL-UNI-d4749f31-8,Cc1cc(N2CCC(C)N(Cc3ccccc3)CC2)n2ncnc2n1,4.0,1,Moonshot
WIL-UNI-d4749f31-9,O=C(Nc1nn2cnnc2s1)c1csc(-c2ccccc2)n1,4.0,1,Moonshot
WIL-UNI-d4749f31-10,Cc1cn2c(CNC(=O)c3cnn4ccccc34)c(C)nc2s1,4.0,1,Moonshot
WIL-UNI-d4749f31-11,N#CCc1cccc(NC(=O)c2cnn3cc(Br)cnc23)n1,4.0,1,Moonshot
WIL-UNI-d4749f31-12,Cc1ccc(Br)nc1C(=O)NC(C)c1nnc2c(=O)[nH]ccn12,4.0,1,Moonshot
WIL-UNI-d4749f31-14,O=C(NNc1cc(O)nc2ncccc12)c1ccc2[nH]ccc2c1,4.0,1,Moonshot
WIL-UNI-d4749f31-15,Cc1cc(C(=O)Nc2cnc3nccn3c2)nn1-c1ccc(F)cc1,4.0,1,Moonshot
WIL-UNI-d4749f31-16,Cn1ccn2c(CNC(=O)c3ccc4ncsc4c3)nnc2c1=O,4.0,1,Moonshot
WIL-UNI-d4749f31-17,Cn1c(NC(=O)Cc2csc3nccn23)nc2ccc(F)cc21,4.0,1,Moonshot
WIL-UNI-d4749f31-18,O=C(N/N=c1\cc[nH]c2ccccc12)c1ccc2ncccc2c1,4.0,1,Moonshot
WIL-UNI-d4749f31-19,Cc1cc(O)c2cc(NC(=O)c3cnn4ccc(C)nc34)ccc2n1,4.0,1,Moonshot
WIL-UNI-d4749f31-20,Cc1cccc2ncnc(NC(C)c3ccc4[nH]c(=O)[nH]c4c3)c12,4.0,1,Moonshot
WIL-UNI-d4749f31-22,O=C(Nc1cnc2nccn2c1)c1cn2c(Br)cnc2s1,4.0,1,Moonshot
WIL-UNI-d4749f31-24,Cc1ccc(C(=O)Nc2c(-c3cnn(C)c3)nc3ccccn23)cn1,4.0,1,Moonshot
WIL-UNI-d4749f31-25,c1ccc2oc(C3CCCN(Cc4cnc5cnccn45)C3)nc2c1,4.0,1,Moonshot
WIL-UNI-d4749f31-26,Cn1cnnc1-c1cccc(NS(=O)(=O)c2c(Cl)nc3sccn23)c1,4.0,1,Moonshot
WIL-UNI-d4749f31-27,Cn1c(=O)oc2cc(S(=O)(=O)Nc3ccc4ncccc4c3)ccc21,4.0,1,Moonshot
WIL-UNI-d4749f31-28,CC(NC(=O)c1c(Cl)nc2ccccn12)c1nnc2ccccn12,4.0,1,Moonshot
WIL-UNI-d4749f31-29,CC(NC(=O)c1nccc2cccnc12)c1ccc2[nH]c(=O)oc2c1,4.0,1,Moonshot
WIL-UNI-d4749f31-30,Cc1noc2ncc(CNc3ccc(-c4nnnn4C)cc3)cc12,4.0,1,Moonshot
WIL-UNI-d4749f31-33,Cc1nc2sccn2c1CN(C)C(=O)c1cn2ccccc2n1,4.0,1,Moonshot
WIL-UNI-d4749f31-34,CN(Cc1nc2ccccc2s1)C(=O)c1ccc2c(c1)nnn2C,4.0,1,Moonshot
WIL-UNI-d4749f31-35,CC(Cc1nc2ccccc2s1)Nc1ccc2nnnn2n1,4.0,1,Moonshot
WIL-UNI-d4749f31-36,Cc1csc2ncc(C(=O)Nc3cccc4ncccc34)c(=O)n12,4.0,2,Moonshot
WIL-UNI-d4749f31-38,O=C(Nc1cccc2cc[nH]c12)c1cccc2[nH]c(=O)oc12,4.0,1,Moonshot
WIL-UNI-d4749f31-39,Cn1c(NC(=O)c2cccnc2-n2cccn2)nc2cc(F)ccc21,4.0,1,Moonshot
WIL-UNI-d4749f31-40,Cc1nn2c(CNc3ccc(Cn4cncn4)cc3)c(C)nc2s1,4.0,1,Moonshot
WIL-UNI-d4749f31-41,CC(CNC(=O)c1cnc2ccccn12)Nc1nc2ccccc2o1,4.0,1,Moonshot
WIL-UNI-d4749f31-42,Cc1nc2cc(C(=O)NNc3nc4ccncc4s3)ccc2o1,4.0,1,Moonshot
WIL-UNI-d4749f31-43,Cc1nn(C)c2nc(Cl)cc(NNC(=O)c3ccnc4[nH]nnc34)c12,4.0,1,Moonshot
WIL-UNI-d4749f31-45,CC(NC(=O)c1ccc2oc(=S)[nH]c2c1)c1nnc2ccccn12,4.0,1,Moonshot
MAT-POS-1f3c8e6f-1,Cc1cc(N)ncc1NC(=O)C1CCOc2ccc(Cl)cc21,4.0,1,Moonshot
BEN-DND-03ad4429-1,O=C1CCN(S(=O)(=O)c2cccc(F)c2)CC1,4.0,1,Moonshot
BEN-DND-03ad4429-2,O=C1CCCN(S(=O)(=O)c2cccc(F)c2)CC1,4.0,1,Moonshot
BEN-DND-03ad4429-4,O=C(/C=C/c1ccccc1)N1CCN(S(=O)(=O)c2cccc(F)c2)CC1,4.0,1,Moonshot
BEN-DND-03ad4429-5,O=C1CCN(S(=O)(=O)c2cccs2)CC1,4.0,1,Moonshot
BEN-DND-03ad4429-6,O=C1CCCN(S(=O)(=O)c2cccs2)CC1,4.0,1,Moonshot
RED-RED-10c9212c-1,Cc1nc(C2CCN(C(=O)c3ccc(Br)cc3)CC2)n[nH]1,4.0,1,Moonshot
RED-RED-10c9212c-2,NC(=O)CN1CCCN(C(=O)CCSc2ccc(F)cc2)CC1,4.0,1,Moonshot
RED-RED-10c9212c-3,Cc1sc2ncnc(N3CCc4c(ncn4C4CC4)C3)c2c1C,4.0,1,Moonshot
RED-RED-10c9212c-4,O=C(Nc1ccc(-c2nnc[nH]2)cc1)c1cccc(F)c1F,4.0,1,Moonshot
RED-RED-10c9212c-5,O=C(Nc1cccnc1)N1CCC(CN2CCc3ccccc32)CC1,4.0,1,Moonshot
RED-RED-10c9212c-6,O=c1[nH]c2ccc(-c3csc(NCc4ccc(F)cc4)n3)cc2o1,4.0,1,Moonshot
RED-RED-10c9212c-7,Cc1c(Cl)cccc1S(=O)(=O)N(Cc1ccc(F)cc1)c1ccc2[nH]c(=O)[nH]c2c1,4.0,1,Moonshot
RED-RED-10c9212c-8,O=C(Cn1ccc(=O)[nH]c1=O)N1CCN(c2ccccc2O)CC1,4.0,1,Moonshot
RED-RED-10c9212c-9,O=C(COC(=O)C1(c2ccccc2)CCC1)c1c[nH]c2ccccc12,4.0,1,Moonshot
RED-RED-10c9212c-10,CCc1n[nH]c(=O)c(-c2nc(-c3c[nH]c4ncccc34)cs2)c1CC,4.0,1,Moonshot
RED-RED-10c9212c-11,O=C(NCCCc1nc(=O)[nH][nH]1)C1(c2ccc(F)cc2F)CCC1,4.0,1,Moonshot
RED-RED-10c9212c-12,O=C(O)c1ccc(CNCc2c[nH]nc2-c2cccs2)cc1,4.0,1,Moonshot
RED-RED-10c9212c-13,O=CN1CCC(OC(=O)c2c[nH]nc2-c2ccc(Cl)cc2)CC1,4.0,1,Moonshot
RED-RED-10c9212c-14,Cc1[nH]c2ccccc2c1C(=O)CSc1nc2cc(Cl)cnc2[nH]1,4.0,1,Moonshot
RED-RED-10c9212c-15,O=C(NCc1ccc2[nH]c(=O)[nH]c2c1)Nc1ccc(F)c(F)c1,4.0,1,Moonshot
RED-RED-10c9212c-16,Clc1scc(CN2CCC(c3ccn[nH]3)CC2)c1Cl,4.0,1,Moonshot
RED-RED-10c9212c-17,O=C(Cn1ccc(=O)[nH]c1=O)OCc1ccc(-c2ccccc2)cc1,4.0,1,Moonshot
RED-RED-10c9212c-18,O=C(c1cc(F)cc(F)c1)N1CCOc2cc(O)ccc2C1,4.0,1,Moonshot
RED-RED-10c9212c-19,O=C(CCc1nc2ccccc2[nH]1)N1CCC(CCc2ccccc2)CC1,4.0,1,Moonshot
RED-RED-10c9212c-20,Cc1ccc(-c2ccc(C(=O)N3CC[C@H](N)C3)c(F)c2)cc1,4.0,1,Moonshot
RED-RED-10c9212c-21,Cc1c(Cl)cc(S(=O)(=O)N2CC=C(c3c[nH]c4ncccc34)CC2)cc1[N+](=O)[O-],4.0,1,Moonshot
RED-RED-10c9212c-22,Cc1ccc(-n2c(C)c(C)n3c4c(=O)n(CCCO)c(=O)n(C)c4nc23)cc1Cl,4.0,1,Moonshot
RED-RED-10c9212c-23,C1=C(c2c[nH]c3ccccc23)CCN(Cc2ccno2)C1,4.0,1,Moonshot
RED-RED-10c9212c-24,Cc1cccc(CN2CCN(c3nc4ccccc4nc3C)CC2)c1,4.0,1,Moonshot
RED-RED-10c9212c-25,O=c1[nH]c2ccc(NC(=S)Nc3ccccc3Cl)cc2[nH]1,4.0,1,Moonshot
RED-RED-10c9212c-26,O=C(OCC(=O)N1CCC(Cc2ccccc2)CC1)c1cc(=O)[nH]c(=O)[nH]1,4.0,1,Moonshot
RED-RED-10c9212c-27,O=C(NCCc1nnc2n1CCC2)c1cc(O)nc2ccccc12,4.0,1,Moonshot
RED-RED-10c9212c-28,Cc1nc(-c2cccc(NCc3ccccc3C)c2)n[nH]1,4.0,1,Moonshot
RED-RED-10c9212c-29,O=c1[nH]c(-c2nnc[nH]2)nc2cc(-c3ccccc3Cl)sc12,4.0,1,Moonshot
RED-RED-10c9212c-30,COc1ccc([N+](=O)[O-])cc1COC(=O)c1cnc2ccccc2n1,4.0,1,Moonshot
RED-RED-10c9212c-31,C/C=C/C=C/C(=O)N1CC=C(c2c[nH]c3ncccc23)CC1,4.0,1,Moonshot
RED-RED-10c9212c-32,CCC(C)c1ccc(C(NCC(=O)Nc2ccc3[nH]c(=O)[nH]c3c2)c2cccs2)cc1,4.0,1,Moonshot
RED-RED-10c9212c-33,CCN1CCCC1C1CCCN1C(=O)CCc1c[nH]c2ccccc12,4.0,1,Moonshot
RED-RED-10c9212c-34,Cc1ccccc1C(C)NC(C)C(=O)Nc1ccc2[nH]c(=O)[nH]c2c1,4.0,1,Moonshot
RED-RED-10c9212c-35,COC1CCC2OCCN(C(=O)c3ccc4[nH]cnc4c3)C2C1,4.0,1,Moonshot
RED-RED-10c9212c-36,CCC(C(=O)O)N1CCCC(NC(=O)c2ccc3ccccc3c2)C1,4.0,1,Moonshot
RED-RED-10c9212c-37,Cc1cccc(C2CCCCN2C(=O)C(C)c2cncnc2)c1C,4.0,1,Moonshot
RED-RED-10c9212c-38,COC(=O)C1CC1C(=O)N1CCC(c2c[nH]c3ncccc23)CC1,4.0,1,Moonshot
RED-RED-10c9212c-39,O=C(Cn1cn[nH]c1=O)NC1CCCCCC1c1ccccc1C(F)(F)F,4.0,1,Moonshot
RED-RED-10c9212c-40,O=C(c1ccc(N2CCCC2)nc1)N1CCCC(c2ccn[nH]2)C1,4.0,1,Moonshot
RED-RED-10c9212c-41,NC(=O)C1Cc2ccccc2CN1CC(=O)N1CCN(c2ncccn2)CC1,4.0,1,Moonshot
RED-RED-10c9212c-42,CC1C(=O)NCCN1C(=O)CCCc1c[nH]c2ccccc12,4.0,1,Moonshot
RED-RED-10c9212c-43,Cc1cc(C)n(C2CCCN(C(=O)c3c[nH]c4ncccc34)C2)n1,4.0,1,Moonshot
RED-RED-10c9212c-44,CCCCn1nnnc1CNC1CCc2nc(C(C)C)nn2C1,4.0,1,Moonshot
RED-RED-10c9212c-45,CC(C)(CNC(=O)C1CNC(=O)N1)N1CCc2ccccc2C1,4.0,1,Moonshot
RED-RED-10c9212c-46,CSc1ccc(C2c3c(-c4ccccc4O)n[nH]c3C(=O)N2Cc2cccnc2)cc1,4.0,1,Moonshot
RED-RED-10c9212c-47,O=CNc1ccc(C(=O)NC(c2ccccc2)C2CCOCC2)cc1,4.0,1,Moonshot
RED-RED-10c9212c-48,Cc1cc(C)c(S(=O)(=O)N2CCCC2C(=O)Nc2ccc3[nH]c(=O)sc3c2)c(C)c1,4.0,1,Moonshot
RED-RED-10c9212c-49,CCC(c1ccncc1)N(C)C(=O)Cc1c[nH]c2ncccc12,4.0,1,Moonshot
RED-RED-10c9212c-50,CC(C)N1CCCC(N2CCN(c3ccc4nccnc4n3)CC2)C1=O,4.0,1,Moonshot
RED-RED-10c9212c-52,CC(NCc1c[nH]c2nccnc12)c1cc(F)ccc1N1CCC(O)CC1,4.0,1,Moonshot
RED-RED-10c9212c-53,O=c1c2ccccc2c(-c2ccc(Br)cc2)nn1CC(O)CN1CCOCC1,4.0,1,Moonshot
RED-RED-10c9212c-54,O=C(NCC(c1ccccc1)c1c[nH]c2ccccc12)c1cnccn1,4.0,1,Moonshot
RED-RED-10c9212c-55,O=C(NCC(=O)N1CCCC1c1nc2ccccc2[nH]1)C1CCCC1,4.0,1,Moonshot
RED-RED-10c9212c-56,Cc1[nH]c2ccccc2c1/C=N/c1sc2c(c1C#N)CCC(C)C2,4.0,1,Moonshot
RED-RED-10c9212c-57,Clc1cccc2c1OCCC2Nc1ncccn1,4.0,1,Moonshot
MAT-POS-7174c657-2,O=C(Cc1cccc(Cl)c1)N1CC(O)Cc2ccccc21,4.0,1,Moonshot
MAT-POS-29385cc1-2,COc1cc2cncc(NC(=O)Cc3cccc(Cl)c3)c2cc1F,4.0,1,Moonshot
PEI-IMP-3d837503-2,C=CC(=O)N1CCN(S(=O)(=O)c2ccccc2)CC1,4.0,1,Moonshot
PEI-IMP-3d837503-3,C=CS(=O)(=O)N1CCN(S(=O)(=O)c2ccccc2)CC1,4.0,1,Moonshot
MAT-POS-983b399a-2,Clc1ccc2c(c1)C1(CCO2)CCN(c2cncc3ccccc23)C1,4.0,1,Moonshot
EDJ-MED-a6bab6fb-1,Cc1cccc2cncc(N3CCC4(CCOc5ccc(Cl)cc54)C3)c12,4.0,1,Moonshot
MAT-POS-c20a539d-2,COc1cc2cncc(NC(=O)Cc3cccc(Cl)c3)c2cc1OC,4.0,1,Moonshot
WIL-UNI-2a57d06c-3,Cc1nc2cc(NC(=O)Cn3cnc4c(cnn4C)c3=O)ccc2o1,4.0,1,Moonshot
WIL-UNI-2a57d06c-4,Cc1cc2ncc(C(=O)Nc3ccc4oc(C)nc4c3)c(C)n2n1,4.0,1,Moonshot
WIL-UNI-2a57d06c-5,CC1NCCn2c(-c3nc(-c4cnc5cnccn45)no3)ccc21,4.0,1,Moonshot
WIL-UNI-2a57d06c-6,Cc1cccc2nc(NC3CCN(c4ccc5nncn5n4)C3)sc12,4.0,1,Moonshot
WIL-UNI-2a57d06c-7,Cn1ncc2cc(C(=O)NNc3nc4cccnc4s3)cnc21,4.0,1,Moonshot
WIL-UNI-2a57d06c-8,Cc1nc2ccc(NS(=O)(=O)c3cccc4nonc34)cc2o1,4.0,1,Moonshot
WIL-UNI-2a57d06c-10,Cc1nc2sccn2c1CN(C)C(=O)c1cnc2sccn2c1=O,4.0,1,Moonshot
WIL-UNI-2a57d06c-11,CC(NCc1cnc2c(cnn2C)c1)c1nc2ccccc2s1,4.0,1,Moonshot
WIL-UNI-2a57d06c-13,Cc1nc2ccc(NCc3cnc4ccccn34)cn2n1,4.0,1,Moonshot
WIL-UNI-2a57d06c-16,O=C(NCc1nnc2c(=O)[nH]ccn12)c1ccnc2ccnn12,4.0,1,Moonshot
WIL-UNI-2a57d06c-18,O=C(NNc1nc2cccnc2s1)c1ccc2ccncc2c1,4.0,1,Moonshot
WIL-UNI-2a57d06c-19,Cn1ncc2c(NCc3ccc4cccnc4c3)ncnc21,4.0,1,Moonshot
WIL-UNI-2a57d06c-25,O=C(c1ccc2nnnn2c1)N1CCn2c(cc3ccccc32)C1,4.0,1,Moonshot
WIL-UNI-2a57d06c-26,Cc1cc(Nc2ccc3nc(C)sc3c2)n2ncnc2n1,4.0,1,Moonshot
WIL-UNI-2a57d06c-28,CC(NCc1cnc2ccccn12)c1nnc2ccccn12,4.0,1,Moonshot
WIL-UNI-2a57d06c-29,Cc1cc(C)n2ncc(C(=O)Nc3ccc4ncsc4c3)c2n1,4.0,1,Moonshot
WIL-UNI-2a57d06c-31,O=C(Nc1ccc2nccnc2c1)c1csc2cncn12,4.0,1,Moonshot
WIL-UNI-2a57d06c-32,Cc1cc2c(N3CCc4[nH]c5ccccc5c4C3)nccn2n1,4.0,1,Moonshot
WIL-UNI-2a57d06c-33,Cc1cn2nc(NCc3ccc4ncccc4c3)sc2n1,4.0,1,Moonshot
WIL-UNI-2a57d06c-34,Cc1ccc2nnc(CNc3ccc4nnc(C(F)(F)F)n4n3)n2c1,4.0,1,Moonshot
WIL-UNI-2a57d06c-35,Cc1nc2ccc(NC(=O)Cn3ncn4nccc4c3=O)cc2s1,4.0,1,Moonshot
WIL-UNI-2a57d06c-37,Cc1ccc2ncnc(NCc3ccc4nonc4c3)c2c1,4.0,1,Moonshot
WIL-UNI-2a57d06c-38,O=C(NNc1cc(O)nc2ncccc12)c1ccnc2ccccc12,4.0,1,Moonshot
WIL-UNI-2a57d06c-39,CC(CNc1ccc2nnnn2n1)c1nc2ccccc2s1,4.0,1,Moonshot
WIL-UNI-2a57d06c-40,Cc1nc2ccc(NC(=O)NCc3ccc4[nH]c(=O)[nH]c4c3)cc2o1,4.0,1,Moonshot
WIL-UNI-2a57d06c-41,Cn1ncc2c(=O)[nH]c(NNC(=O)c3cccn4nccc34)nc21,4.0,1,Moonshot
WIL-UNI-2a57d06c-42,CC(NC(=O)Nc1ccn2ccnc2c1)c1ccc2[nH]c(=O)oc2c1,4.0,1,Moonshot
WIL-UNI-2a57d06c-43,Cn1ccn2c(CNc3nc4ccccc4s3)nnc2c1=O,4.0,1,Moonshot
WIL-UNI-2a57d06c-45,Cc1nc2cc(C(=O)NNc3ccnc4cccnc34)ccc2o1,4.0,1,Moonshot
WIL-UNI-2a57d06c-47,Cn1c(NCc2cn3ccnc3s2)nc2ccccc21,4.0,1,Moonshot
WIL-UNI-2a57d06c-48,CC(C(=O)Nc1cccc2nccnc12)n1cnc2c(N)ncnc21,4.0,1,Moonshot
WIL-UNI-2a57d06c-49,O=C(Nc1ccc2nncn2c1)c1ccc2scnc2c1,4.0,1,Moonshot
MAT-POS-90fd5f68-5,O=C(Cc1cccc(Cl)c1)Nc1cncc2cc(OCC(F)(F)F)ccc12,4.0,1,Moonshot
MAT-POS-a54ce14d-1,O=C(Nc1cncn1-c1cccnc1)C1CCOc2ccc(Cl)cc21,4.0,1,Moonshot
EDJ-MED-c3ea9889-7,O=C(Nc1cncc2cc(Cl)ccc12)C12CC(C1)Oc1ccc(Cl)cc12,4.0,1,Moonshot
EDJ-MED-e78d5f1a-1,Clc1ccc2c(c1)C1(CCO2)CCN(c2cncc3cccc(Cl)c23)C1,4.0,1,Moonshot
ALP-POS-5fe48310-1,CC1(C(=O)Nc2cncc3c2CCCC3)CNS(=O)(=O)c2ccc(Cl)cc21,4.0,1,Moonshot
ALP-UNI-fe744232-1,O=C(NCCc1cccc(F)c1)C(c1cccnc1)N(C(=O)c1cocn1)c1ccc(-n2ccnc2)cc1,4.0,1,Moonshot
ALP-UNI-fe744232-3,N#Cc1ccc(N(C(=O)c2cocn2)C(C(=O)NCCc2cccc(F)c2)c2cccnc2)cc1,4.0,1,Moonshot
ALP-UNI-fe744232-9,CCNC(=O)c1ccc(N(C(=O)c2cocn2)C(C(=O)NCCc2cccc(F)c2)c2cccnc2)cc1,4.0,1,Moonshot
ALP-UNI-fe744232-12,CNC(=O)Nc1ccc(N(C(=O)c2cocn2)C(C(=O)NCCc2cccc(F)c2)c2cccnc2)cc1,4.0,1,Moonshot
ALP-UNI-fe744232-13,O=C(Nc1ccc(N(C(=O)c2cocn2)C(C(=O)NCCc2cccc(F)c2)c2cccnc2)cc1)NC1CC1,4.0,1,Moonshot
ALP-UNI-fe744232-17,O=C(NCCO)c1ccc(N(C(=O)c2cocn2)C(C(=O)NCCc2cccc(F)c2)c2cccnc2)cc1,4.0,1,Moonshot
ALP-UNI-fe744232-19,O=C(NCCCO)c1ccc(N(C(=O)c2cocn2)C(C(=O)NCCc2cccc(F)c2)c2cccnc2)cc1,4.0,1,Moonshot
ALP-UNI-fe744232-22,O=C(NCCc1cccc(F)c1)C(c1cccnc1)N(C(=O)c1cocn1)c1ccc(C2(O)COC2)cc1,4.0,1,Moonshot
MAT-POS-e20a5dfb-1,O=C1N(c2cncc3ccccc23)CCC[C@]12CCOc1ccc(Cl)cc12,4.0,1,Moonshot
ASA-WEI-839d033f-1,C[C@@H]1CC[C@@]2(OC1)O[C@H]1C[C@H]3[C@@H]4CC=C5C[C@@H](O)CC[C@]5(C)[C@H]4CC[C@]3(C)[C@]1(O)[C@@H]2C,4.0,1,Moonshot
SAL-UNI-60119594-1,CC(CCC(OC1OC(COC2OC(CO)C(O)C(O)C2O)C(O)C(O)C1O)C(C)(C)O)C1CCC2(C)C3CC=C4C(CCC(O)C4(C)C)C3(C)C(O)CC12C,4.0,1,Moonshot
SAL-UNI-60119594-2,COC(C)(C)/C=C/C[C@@H](C)[C@H]1CC[C@@]2(C)[C@@H]3[C@@H](O[C@@H]4O[C@H](CO)[C@@H](O)[C@H](O)[C@H]4O)C=C4[C@@H](CC[C@H](O)C4(C)C)[C@]3(C=O)CC[C@]12C,4.0,1,Moonshot
SAL-UNI-60119594-3,C[C@H](C/C=C/C(C)(C)O)[C@H]1CC[C@@]2(C)[C@@H]3C=C[C@]45OC(O)[C@@]3(CC[C@]12C)[C@@H]4CC[C@H](O[C@@H]1O[C@H](CO)[C@@H](O)[C@H](O)[C@H]1O)C5(C)C,4.0,1,Moonshot
SAL-UNI-60119594-4,CC(C)=CCC[C@@](C)(O)[C@H]1CC[C@]2(C)[C@@H]1[C@H](O)C[C@@H]1[C@@]3(C)CC[C@H](O[C@@H]4O[C@H](CO)[C@@H](O)[C@H](O)[C@H]4O)C(C)(C)[C@@H]3CC[C@]12C,4.0,1,Moonshot
SAL-UNI-60119594-5,CC1=C[C@@H](c2c(O)cc(-c3cc4ccc(O)cc4o3)cc2O)[C@@H](C(=O)c2ccc(O)cc2O)[C@H](c2ccc(O)cc2O)C1,4.0,1,Moonshot
SAL-UNI-60119594-6,CC(C)=CCC/C(C)=C/CC/C(C)=C/CC/C(C)=C/Cc1cc(O)cc2c1OC(=O)C2=C(C)C,4.0,1,Moonshot
SAL-UNI-60119594-7,C[C@H](C/C=C/C(C)(C)O)[C@H]1CC[C@@]2(C)[C@@H]3C=C[C@@]45OC[C@]3(CC[C@]12C)[C@@H]4CC[C@H](O)C5(C)C,4.0,1,Moonshot
SAL-UNI-60119594-8,COc1c(O[C@@H]2O[C@H](CO)[C@@H](O)[C@H](O)[C@H]2O)cc2oc(-c3ccc(O)cc3)cc(=O)c2c1O,4.0,1,Moonshot
SAL-UNI-60119594-9,O=c1c(O[C@@H]2O[C@H](CO)[C@H](O)[C@H](O)[C@H]2O)c(-c2ccc(O)c(O)c2)oc2cc(O)cc(O)c12,4.0,1,Moonshot
SAL-UNI-60119594-10,COc1cc(O)c(CC=C(C)C)c(O)c1C(=O)/C=C/c1ccc(O)cc1,4.0,1,Moonshot
MIK-UNK-122557fa-1,CNC(=O)CN1Cc2ccc(Cl)cc2[C@]2(CCN(c3cncc4c3CCCC4)C2=O)C1,4.0,1,Moonshot
CHEMBL5441770,C=CCn1c(Sc2ncnc3[nH]ccc23)nc2sccc2c1=O,4.0,1,ChEMBL
CHEMBL5441601,Cc1[nH]c2ncnc(NC(=O)c3ncn(-c4ccccc4)n3)c2c1C,4.0,1,ChEMBL
CHEMBL5441616,Cc1nc(C)c(CC(=O)Nc2cnc3[nH]ncc3c2)c(=O)[nH]1,4.0,1,ChEMBL
CHEMBL5441712,Cc1cccc(C)c1-n1nnnc1CSc1ncnc2[nH]cnc12,4.0,1,ChEMBL
CHEMBL5441463,O=C(OCc1ccc(Cl)nc1)c1ncnc2[nH]ccc12,4.0,1,ChEMBL
CHEMBL5442118,Cc1[nH]c2ncnc(NC(=O)CCc3ccccc3)c2c1C,4.0,1,ChEMBL
CHEMBL5442109,CC(=O)Nc1ccc(S(=O)(=O)NNc2ncnc3sccc23)cc1,4.0,1,ChEMBL
CHEMBL5441574,O=C(OCc1ncccc1Cl)c1ncnc2[nH]ccc12,4.0,1,ChEMBL
CHEMBL5441494,OC[C@@]1(Cc2ccc(F)cc2)CCN(c2ncnc3[nH]ccc23)C1,4.0,1,ChEMBL
CHEMBL5441558,Cc1[nH]c2ncnc(NCc3ccco3)c2c1C,4.0,1,ChEMBL
CHEMBL5441488,O=C(c1ccccc1)N1CCC(c2ccn3ncc(C(=O)N4CCc5nc[nH]c5C4)c3c2)CC1,4.0,1,ChEMBL
CHEMBL5442016,Cc1n[nH]nc1C(=O)N1CCC(c2ccn3ncc(C(=O)N4CCCCC4)c3c2)CC1,4.0,1,ChEMBL
CHEMBL5442066,Cc1nc(C(=O)N2CCC(c3ccn4ncc(C(=O)N5CCCCC5)c4c3)CC2)c(=O)[nH]c1C,4.0,1,ChEMBL
CHEMBL5441583,O=C(c1ncc[nH]1)N1CCC(c2ccn3ncc(C(=O)N4CCCCC4)c3c2)CC1,4.0,1,ChEMBL
CHEMBL5442073,CC(C)c1c[nH]nc1NC(=O)c1ccc(NC(=O)Nc2ccccc2)cc1,4.0,1,ChEMBL
CHEMBL5441715,CO[C@@H]1CCCN(C(=O)c2cnn3ccc(C4CCN(C(=O)c5ccccc5)CC4)cc23)C1,4.0,1,ChEMBL
CHEMBL5441806,Cc1nccc(C(=O)N2CCC(c3ccn4ncc(C(=O)N5CCCCC5)c4c3)CC2)n1,4.0,1,ChEMBL
CHEMBL5441644,O=C(c1cn2ncccc2n1)N1CCC(c2ccn3ncc(C(=O)N4CCCCC4)c3c2)CC1,4.0,1,ChEMBL
CHEMBL5441911,O=C(c1cc(O)ccn1)N1CCC(c2ccn3ncc(C(=O)N4CCCCC4)c3c2)CC1,4.0,1,ChEMBL
CHEMBL5441885,Cc1n[nH]c(C)c1C(=O)N1CCC(c2ccn3ncc(C(=O)N4CCCCC4)c3c2)CC1,4.0,1,ChEMBL
CHEMBL5441905,O=C(CCN(Cc1cccc(Cl)c1)C(=O)c1ccc(F)cn1)N1CCNCC1,4.0,1,ChEMBL
CHEMBL5441897,O=C(c1cnc[nH]1)N1CCC(c2ccn3ncc(C(=O)N4CCCCC4)c3c2)CC1,4.0,1,ChEMBL
CHEMBL5442102,O=C(c1ccccc1)N1CCC(c2ccn3ncc(C(=O)N4CCCC[C@H](O)C4)c3c2)CC1,4.0,1,ChEMBL
CHEMBL5441493,O=C(O)c1cnc(C(=O)N2CCC(c3ccn4ncc(C(=O)N5CCCCC5)c4c3)CC2)cn1,4.0,1,ChEMBL
CHEMBL5442092,Cn1nc(C(=O)O)cc1C(=O)N1CCC(c2ccn3ncc(C(=O)N4CCCCC4)c3c2)CC1,4.0,1,ChEMBL
CHEMBL5441637,CC(C)[C@H]1N(c2ncnc3[nH]ccc23)CC12CCOCC2,4.0,1,ChEMBL
CHEMBL5441745,CC(C)(NC(=O)c1ncnc2[nH]ccc12)c1cc(C(=O)O)[nH]n1,4.0,1,ChEMBL
CHEMBL5441581,O=C(N[C@@H](C(=O)O)C1Cc2ccccc2C1)c1ncnc2[nH]ccc12,4.0,1,ChEMBL
CHEMBL5442111,CC(C)[C@@H](CCN(C)C(=O)c1nn(C)c2ccc(F)cc12)Nc1ncnc2[nH]ccc12,4.0,1,ChEMBL
CHEMBL5441640,Cc1ncnc2c1C[C@@H](C(=O)N(C)CC[C@@H](Nc1ncnc3[nH]ccc13)C(C)C)CC2,4.0,1,ChEMBL
CHEMBL5441667,Cc1nc2ccc(C(=O)N(C)CC[C@@H](Nc3ncnc4[nH]ccc34)C(C)C)cc2s1,4.0,1,ChEMBL
CHEMBL5441618,Cc1ccc2snc(C(=O)N(C)CC[C@@H](Nc3ncnc4[nH]ccc34)C(C)C)c2c1,4.0,1,ChEMBL
CHEMBL5441929,CC(C)[C@@H](CCN(C)C(=O)c1cc2nccnc2cc1F)Nc1ncnc2[nH]ccc12,4.0,1,ChEMBL
CHEMBL5441840,Cc1csc(NC(=O)CSC[C@@H](NC(=O)c2ncnc3[nH]ccc23)C(=O)O)n1,4.0,1,ChEMBL
CHEMBL5441799,CC(C)[C@@H](CCN(C)C(=O)c1cccc2cc(F)ccc12)Nc1ncnc2[nH]ccc12,4.0,1,ChEMBL
CHEMBL5442083,CC(C)(C)n1cc([C@H]2N(c3ncnc4[nH]ccc34)CC23CCOCC3)cn1,4.0,1,ChEMBL
CHEMBL5441500,Cc1ccc2c(c1)C[C@@H](C(=O)N(C)CC[C@@H](Nc1ncnc3[nH]ccc13)C(C)C)S2,4.0,1,ChEMBL
CHEMBL5441671,Cn1cc([C@@H](Nc2ncnc3[nH]ccc23)c2ccc(F)cc2)cn1,4.0,1,ChEMBL
CHEMBL5441932,O=C(O)c1cn(CCCNC(=O)c2ncnc3[nH]ccc23)nn1,4.0,1,ChEMBL
CHEMBL5441554,O=C(O)c1cn(CCNC(=O)c2ncnc3[nH]ccc23)cn1,4.0,1,ChEMBL
CHEMBL5442130,CC(C)[C@@H](CN1CCCCC1)Nc1ncnc2[nH]ccc12,4.0,1,ChEMBL
CHEMBL5441523,COc1cccc(CSC[C@@H](NC(=O)c2ncnc3[nH]ccc23)C(=O)O)c1,4.0,1,ChEMBL
CHEMBL5441565,CS(=O)(=O)NC1CCC(Nc2ccc([C@@H](CC(=O)O)NC(=O)c3c[nH]c4ncncc34)cc2)CC1,4.0,1,ChEMBL
CHEMBL5442011,Cc1[nH]c2ncnc(NC(=O)C3CC(C(F)(F)F)C3)c2c1C,4.0,1,ChEMBL
CHEMBL5441919,O=C(Nc1ncnc2c(C(=O)Nc3ccccc3C(=O)N3CCCC3)csc12)NC1CC1,4.0,1,ChEMBL
CHEMBL5441499,O=C(Nc1ncnc2c(C(=O)NC3(c4ccccc4F)CCCCC3)csc12)NC1CC1,4.0,1,ChEMBL
CHEMBL5441775,O=C(NCc1ccccc1F)c1ncnc2[nH]ccc12,4.0,1,ChEMBL
CHEMBL5442038,O=C(NCc1ccc(F)cn1)c1ncnc2[nH]ccc12,4.0,1,ChEMBL
CHEMBL5441691,O=S(=O)(Cc1ccc(F)cc1)Nc1cnc2[nH]ccc2c1,4.0,1,ChEMBL
CHEMBL5441926,NC(=O)c1ccc(S(=O)(=O)Nc2cnc3[nH]ccc3c2)cc1,4.0,1,ChEMBL
CHEMBL5441692,O=C(N[C@@H](CCO)c1ccccc1F)c1ncnc2[nH]ccc12,4.0,1,ChEMBL
CHEMBL5441536,CC(=O)c1ccc(S(=O)(=O)Nc2cnc3[nH]ccc3c2)cc1,4.0,1,ChEMBL
CHEMBL5442124,CN(C)C(=O)c1cccc(S(=O)(=O)Nc2cnc3[nH]ccc3c2)c1,4.0,1,ChEMBL
CHEMBL5441795,CCc1cnn(C)c1NC(=O)c1ncnc2[nH]ccc12,4.0,1,ChEMBL
CHEMBL5441762,N#CCc1cccc(S(=O)(=O)Nc2cnc3[nH]ccc3c2)c1,4.0,1,ChEMBL
CHEMBL5441772,O=S(=O)(Cc1ccccc1F)Nc1cnc2[nH]ccc2c1,4.0,1,ChEMBL
CHEMBL5441694,COc1ccc(S(=O)(=O)Nc2cnc3[nH]ccc3c2)cc1C(N)=O,4.0,1,ChEMBL
CHEMBL5441783,NC(=O)C[C@@H](NC(=O)c1ncnc2[nH]ccc12)C1CCCCC1,4.0,1,ChEMBL
CHEMBL5442131,C[C@@H](c1ccc(F)c(F)c1)N(C)C(=O)c1ncnc2[nH]ccc12,4.0,1,ChEMBL
CHEMBL5441857,Cc1cc(C)cc(CS(=O)(=O)Nc2cnc3[nH]ccc3c2)c1,4.0,1,ChEMBL
CHEMBL5441730,CC(C)[C@@H](Cc1ccc(F)cc1)NC(=O)c1ncnc2[nH]ccc12,4.0,1,ChEMBL
CHEMBL5442026,Cc1[nH]c2ncnc(NC(=O)c3ccc(Cl)cn3)c2c1C,4.0,1,ChEMBL
CHEMBL5441593,CC(C)n1nccc1S(=O)(=O)Nc1cnc2[nH]ccc2c1,4.0,1,ChEMBL
CHEMBL5441895,O=C(Nc1cccc2c(C(=O)N[C@@H](c3ccccc3)C(F)F)c[nH]c12)NC1CC1,4.0,1,ChEMBL
CHEMBL5441912,O=C(Nc1ccc(C(=O)Nc2c(C(=O)O)sc3cnccc23)cc1)NC1CC1,4.0,1,ChEMBL
CHEMBL5441631,Cc1[nH]c2ncnc(NC(=O)c3ccc(-n4cccn4)nc3)c2c1C,4.0,1,ChEMBL
CHEMBL5442022,NC(=O)C[C@H](NC(=O)c1ncnc2[nH]ccc12)c1ccc(Cl)cc1,4.0,1,ChEMBL
CHEMBL5441915,NC(=O)[C@@H](NC(=O)c1ncnc2[nH]ccc12)c1ccc(F)cc1,4.0,1,ChEMBL
CHEMBL5442041,O=C(N[C@@H](CO)Cc1ccncc1)c1ncnc2[nH]ccc12,4.0,1,ChEMBL
CHEMBL5441853,Cc1[nH]c2ncnc(NC(=O)c3cnc(Cl)cn3)c2c1C,4.0,1,ChEMBL
CHEMBL5441590,Cc1[nH]c2ncnc(NC(=O)c3ccc(Cl)nn3)c2c1C,4.0,1,ChEMBL
CHEMBL5442129,Cc1[nH]c2ncnc(NC(=O)c3cc(Cl)ccn3)c2c1C,4.0,1,ChEMBL
CHEMBL5441827,COc1ccc(C(=O)Nc2ncnc3[nH]c(C)c(C)c23)cn1,4.0,1,ChEMBL
CHEMBL5441485,Cc1ccc(C(=O)Nc2ncnc3[nH]c(C)c(C)c23)cn1,4.0,1,ChEMBL
CHEMBL5441621,Cc1[nH]c2ncnc(NC(=O)c3cccnn3)c2c1C,4.0,1,ChEMBL
CHEMBL5441728,CN(C)c1ccc(C(=O)N[C@@H](CC(=O)O)c2ccc(Br)cc2)nc1,4.0,1,ChEMBL
CHEMBL5441873,O=C(O)C[C@@H](NC(=O)c1cccc2[nH]ncc12)c1ccc(Br)cc1,4.0,1,ChEMBL
CHEMBL5441668,Cc1cc2c(C(=O)N[C@@H](CC(=O)O)c3ccc(Br)cc3)cccc2[nH]1,4.0,1,ChEMBL
CHEMBL5441796,O=C(O)C[C@@H](NC(=O)c1ccnc(-n2cccc2)c1)c1ccc(Br)cc1,4.0,1,ChEMBL
CHEMBL5441743,O=C(O)C[C@@H](NC(=O)Cc1c[nH]c2ncccc12)c1ccc(Br)cc1,4.0,1,ChEMBL
CHEMBL5441607,Cc1[nH]c2ncnc(NC(=O)c3cccc(Cl)n3)c2c1C,4.0,1,ChEMBL
CHEMBL5441862,Cc1[nH]c2ncnc(NC(=O)c3ccc(-n4cnnc4)cc3)c2c1C,4.0,1,ChEMBL
CHEMBL5441636,COc1ccc2c(NC(=O)c3ccc(NC(=O)NC4CC4)cc3)c(C(=O)O)sc2c1,4.0,1,ChEMBL
CHEMBL5441850,Cc1[nH]c2ncnc(NC(=O)c3ccc(C#N)nc3)c2c1C,4.0,1,ChEMBL
CHEMBL5441665,Cc1[nH]c2ncnc(NC(=O)c3ccc(N(C)C)nc3)c2c1C,4.0,1,ChEMBL
CHEMBL5441638,Cc1[nH]c2ncnc(NC(=O)Cc3ccc(Cl)nc3)c2c1C,4.0,1,ChEMBL
CHEMBL5441998,COC[C@@H]1C[C@@H]1CNc1ccc([C@@H](CC(=O)O)NC(=O)c2c[nH]c3ncncc23)cc1,4.0,1,ChEMBL
CHEMBL5441483,O=C(Nc1cccc2c(C(=O)N[C@@H](C(=O)O)c3ccc4c(c3)OCCO4)c[nH]c12)NC1CC1,4.0,1,ChEMBL
CHEMBL5442005,O=C(Nc1ncnc2c(C(=O)N[C@@H](c3cccs3)C3CCCC3)csc12)NC1CC1,4.0,1,ChEMBL
CHEMBL5441996,Cc1ncc(CCNC(=O)c2csc3c(NC(=O)NC4CC4)ncnc23)s1,4.0,1,ChEMBL
CHEMBL5441986,C[C@@H](O)[C@@H](NC(=O)c1csc2c(NC(=O)NC3CC3)ncnc12)c1ccccc1F,4.0,1,ChEMBL
CHEMBL5441928,Cc1[nH]c2ncnc(NC(=O)[C@@H]3CCc4c(Cl)cccc43)c2c1C,4.0,1,ChEMBL
CHEMBL5442001,Cc1[nH]c2ncnc(NC(=O)c3ccc(S(C)(=O)=O)nc3)c2c1C,4.0,1,ChEMBL
CHEMBL5441661,COCc1cc(CNc2ccc([C@@H](CC(=O)O)NC(=O)c3c[nH]c4ncncc34)cc2)on1,4.0,1,ChEMBL
CHEMBL5442088,Cc1[nH]c2ncnc(NC(=O)[C@@H]3CCCc4ncccc43)c2c1C,4.0,1,ChEMBL
CHEMBL5441569,O=C(O)C[C@@H](NC(=O)c1cccc2cc[nH]c12)c1ccc(Br)cc1,4.0,1,ChEMBL
CHEMBL5441808,Cc1[nH]c2ncnc(NC(=O)c3cccnc3)c2c1C,4.0,1,ChEMBL
CHEMBL5441543,Cn1cc([C@@H](NC(=O)c2c[nH]c3c(NC(=O)NC4CC4)cccc23)C2CCC2)cn1,4.0,1,ChEMBL
CHEMBL5441955,O=C(N[C@@H](Cc1ccc(Br)cc1)C(=O)O)c1ncnc2[nH]ccc12,4.0,1,ChEMBL
CHEMBL5442143,O=C(O)C[C@@H](NC(=O)c1cnc2[nH]ccc2c1)c1ccc(Br)cc1,4.0,1,ChEMBL
CHEMBL5441964,CC(=O)Nc1ccc(C(=O)Nc2ncnc3[nH]c(C)c(C)c23)cc1Cl,4.0,1,ChEMBL
CHEMBL5441747,O=C(NCSC[C@@H](NC(=O)c1ncnc2[nH]ccc12)C(=O)O)c1ccccc1,4.0,1,ChEMBL
CHEMBL5442064,CC(C)[C@@H](NC(=O)c1ccnc2ccccc12)c1ccc2c(c1)OCCO2,4.0,1,ChEMBL
CHEMBL5441713,CC(C)[C@@H](NC(=O)c1c[nH]c2c(NC(=O)NC3CC3)cccc12)C(F)F,4.0,1,ChEMBL
CHEMBL5442040,CC(C)[C@@H](NCc1ccc(-n2ccnc2)cc1)c1ccc2c(c1)OCCO2,4.0,1,ChEMBL
CHEMBL5441599,Cc1[nH]c2ncnc(NC(=O)c3ccnnc3)c2c1C,4.0,1,ChEMBL
CHEMBL5441547,NS(=O)(=O)C[C@@H](NC(=O)c1ncnc2[nH]ccc12)c1ccc(Br)cc1,4.0,1,ChEMBL
CHEMBL5441837,CC(C)[C@@H](CO)NC(=O)c1c[nH]c2c(NC(=O)NC3CC3)cccc12,4.0,1,ChEMBL
CHEMBL5441890,O=C(Nc1ccc(C(=O)Nc2c(C(=O)O)sc3ncccc23)cc1)NC1CC1,4.0,1,ChEMBL
CHEMBL5441552,Cc1nnc(N[C@@H](c2ccc3c(c2)OCCO3)C(C)C)c2ccccc12,4.0,1,ChEMBL
CHEMBL5441887,Cn1c(C(=O)O)c(NC(=O)c2ccc(NC(=O)NC3CC3)cc2)c2ccccc21,4.0,1,ChEMBL
CHEMBL5441974,CC(C)[C@@H](NCc1ncc[nH]1)c1ccc2c(c1)OCCO2,4.0,1,ChEMBL
CHEMBL5441831,Cc1[nH]c2ncnc(NC(=O)[C@@H]3Cc4ccccc4CO3)c2c1C,4.0,1,ChEMBL
CHEMBL5441659,COC(=O)C[C@@H](NC(=O)c1ncnc2[nH]ccc12)c1ccc(Br)cc1,4.0,1,ChEMBL
CHEMBL5441953,Cc1[nH]c2ncnc(NC(=O)c3cncc(Cl)n3)c2c1C,4.0,1,ChEMBL
CHEMBL5441858,CC(C)[C@@H](Nc1nc(C(F)F)nc2ccccc12)c1ccc2c(c1)OCCO2,4.0,1,ChEMBL
CHEMBL5442007,CC(C)[C@@H](NCc1ccc(-n2cccn2)cc1)c1ccc2c(c1)OCCO2,4.0,1,ChEMBL
CHEMBL5441820,CC(C)[C@@H](Nc1ncnc2c1ccn2C)c1ccc2c(c1)OCCO2,4.0,1,ChEMBL
CHEMBL2004515,c1nc(-c2ccc3c(c2)OCO3)c2cc[nH]c2n1,4.0,1,ChEMBL
CHEMBL5441758,Cc1[nH]c2ncnc(NC(=O)c3ccc(C(F)(F)F)nc3)c2c1C,4.0,1,ChEMBL
CHEMBL5441658,Cc1[nH]c2ncnc(NC(=O)c3cncnc3)c2c1C,4.0,1,ChEMBL
CHEMBL5441966,O=C(Nc1cccc2c(C(=O)N[C@@H](CO)c3ccc4c(c3)OCCO4)c[nH]c12)NC1CC1,4.0,1,ChEMBL
CHEMBL5442013,O=C(Nc1ccc(C(=O)Nc2c(C(=O)O)[nH]c3ccccc23)cc1)NC1CC1,4.0,1,ChEMBL
CHEMBL5442021,CC(C)[C@@H](Nc1ncnc2ncccc12)c1ccc2c(c1)OCCO2,4.0,1,ChEMBL
CHEMBL5442137,CC(C)[C@@H](NCc1cccc2[nH]ccc12)c1ccc2c(c1)OCCO2,4.0,1,ChEMBL
CHEMBL4532243,CCOC(=O)C1=C(Nc2cc(C)cc(C)c2)OCC1=O,4.0,1,ChEMBL
CHEMBL5442063,c1nc(N2CCC[C@@H](Nc3ccc4c(c3)OCCO4)C2)c2cc[nH]c2n1,4.0,1,ChEMBL
CHEMBL5442138,Cc1[nH]c2ncnc(C(=O)Nc3ccnc(Cl)c3)c2c1C,4.0,1,ChEMBL
CHEMBL5441836,CNS(=O)(=O)C[C@@H](NC(=O)c1ncnc2[nH]ccc12)c1ccc(Br)cc1,4.0,1,ChEMBL
CHEMBL5441557,CC(C)[C@@H](Nc1ncnc2c1cnn2C)c1ccc2c(c1)OCCO2,4.0,1,ChEMBL
CHEMBL5442108,CC(C)[C@@H](NC(=O)c1ccccn1)c1ccc2c(c1)OCCO2,4.0,1,ChEMBL
CHEMBL5441615,Cc1[nH]c2ncnc(NC(=O)c3ccncc3)c2c1C,4.0,1,ChEMBL
CHEMBL5442048,Cn1ncc2c(N[C@@H](c3ccc4c(c3)OCCO4)C3CC3)ncnc21,4.0,1,ChEMBL
CHEMBL5441540,Cc1[nH]nc2ncc(C(=O)N[C@@H](c3ccc4c(c3)OCCO4)C(C)C)cc12,4.0,1,ChEMBL
CHEMBL5442115,CC(C)[C@@H](NC(=O)c1ccnc(-n2ccnc2)c1)c1ccc2c(c1)OCCO2,4.0,1,ChEMBL
CHEMBL5441497,COc1ccc([C@@H]2CCN(c3ncnc4[nH]ccc34)C2)cc1,4.0,1,ChEMBL
CHEMBL5441945,C[C@@H]1Oc2ccc(Nc3ncnc4[nH]ccc34)cc2NC1=O,4.0,1,ChEMBL
CHEMBL5441848,CC(C)[C@@H](NC(=O)c1cnn(-c2ccccc2)n1)c1ccc2c(c1)OCCO2,4.0,1,ChEMBL
CHEMBL5441678,Cc1ncc(C(=O)Nc2ncnc3[nH]c(C)c(C)c23)cn1,4.0,1,ChEMBL
CHEMBL5441487,Cc1ccc2c(NC(=O)c3ccc(NC(=O)NC4CC4)cc3)c(C(=O)O)sc2n1,4.0,1,ChEMBL
CHEMBL5441491,Cn1c(C(=O)O)c(NC(=O)c2ccc(NC(=O)NC3CC3)cc2)c2cccnc21,4.0,1,ChEMBL
CHEMBL5441931,O=C(Nc1cccc2c(C(=O)Nc3cc4c(cc3CO)OCCO4)c[nH]c12)NC1CC1,4.0,1,ChEMBL
CHEMBL5441501,c1nc(Nc2ccc3c(c2)OCO3)c2cc[nH]c2n1,4.0,1,ChEMBL
CHEMBL5441568,CC(C)[C@@H]1C[C@@H](Nc2ncnc3[nH]ccc23)CCO1,4.0,1,ChEMBL
CHEMBL5441704,COc1ccc(Nc2ncnc3[nH]ccc23)cc1OC,4.0,1,ChEMBL
CHEMBL5442151,N#CC[C@@H](NC(=O)c1ncnc2[nH]ccc12)c1ccc(Br)cc1,4.0,1,ChEMBL
CHEMBL5442150,c1ccc2c(N[C@@H](c3ccc4c(c3)OCCO4)C3CC3)ncnc2c1,4.0,1,ChEMBL
CHEMBL5442096,c1ccc2c(c1)OCC[C@@H]2Nc1ncnc2[nH]ccc12,4.0,1,ChEMBL
CHEMBL5441740,CC(C)Cc1ccc2c(NC(=O)c3ccc(NC(=O)NC4CC4)cc3)c(C(=O)O)sc2n1,4.0,1,ChEMBL
CHEMBL5441628,O=C(Nc1ccc(C(=O)Nc2c(C(=O)O)sc3ccncc23)cc1)NC1CC1,4.0,1,ChEMBL
CHEMBL5441679,Cc1nc2nc[nH]c(NC(=O)c3ccc(NC(=O)NC4CC4)nc3)c-2c1C,4.0,1,ChEMBL
CHEMBL5441774,O=C(Nc1cccc2c(C(=O)Nc3cc4c(cc3C(=O)O)OCCO4)c[nH]c12)NC1CC1,4.0,1,ChEMBL
CHEMBL5442123,NC(=O)[C@@H](NC(=O)c1ncnc2[nH]ccc12)c1ccc(Br)cc1,4.0,1,ChEMBL
CHEMBL5441965,O=C(O)C[C@@H](NC(=O)c1c[nH]c2ncncc12)c1ccc(NCC2=NO[C@@H]3COC[C@H]23)cc1,4.0,1,ChEMBL
CHEMBL5441721,O=C(Nc1ccc(C(=O)Nc2c(C(=O)O)oc3cc(Br)ccc23)cc1)NC1CC1,4.0,1,ChEMBL
CHEMBL5441909,Cc1[nH]c2ncnc(NC(=O)c3ccc(-n4cccc4)nc3)c2c1C,4.0,1,ChEMBL
CHEMBL5442090,C[C@@H](Nc1ncnc2[nH]ccc12)[C@@H]1CCS(=O)(=O)C1,4.0,1,ChEMBL
CHEMBL5441744,COc1ccc([C@@H](Nc2ncnc3[nH]ccc23)C(C)C)cc1OC,4.0,1,ChEMBL
CHEMBL5441948,O=C(O)C[C@@H](NC(=O)c1ccc(NC(=O)NC2CC2)cc1)C1CCOCC1,4.0,1,ChEMBL
CHEMBL5441677,C[C@@H](Nc1ncnc2[nH]ccc12)[C@@H]1CCCCO1,4.0,1,ChEMBL
CHEMBL5441561,C[C@@H](Nc1ncnc2[nH]ccc12)[C@@H]1CCOC1,4.0,1,ChEMBL
CHEMBL5441674,CNC(=N)C[C@@H](NC(=O)c1ncnc2[nH]ccc12)c1ccc(Br)cc1,4.0,1,ChEMBL
CHEMBL5441651,N=C(N)C[C@@H](NC(=O)c1ncnc2[nH]ccc12)c1ccc(Br)cc1,4.0,1,ChEMBL
CHEMBL5441566,CC(C)[C@@H]1C[C@H](Nc2[nH]cnc3nccc2-3)CCO1,4.0,1,ChEMBL
CHEMBL5441807,CC(C)[C@@H](Nc1ncc2c(n1)CCCC2)c1ccc2c(c1)OCCO2,4.0,1,ChEMBL
CHEMBL5441940,c1nc(N[C@@H](C2CC2)[C@@H]2CCCOC2)c2cc[nH]c2n1,4.0,1,ChEMBL
CHEMBL5441833,c1nc(N2CCC[C@@H]2c2ccc3c(c2)OCCO3)c2cc[nH]c2n1,4.0,1,ChEMBL
CHEMBL5441544,COCc1noc(C)c1-c1cc2c(N[C@@H](c3ccc4c(c3)OCCO4)C(C)C)ncnc2[nH]1,4.0,1,ChEMBL
CHEMBL5441592,COc1ccc(CN(c2ncnc3[nH]ccc23)C(C)C)cc1OC,4.0,1,ChEMBL
CHEMBL5441460,COC(=O)c1c[nH]c(-c2cc(N[C@@H](c3ccc4c(c3)OCCO4)C(C)C)ncn2)c1,4.0,1,ChEMBL
CHEMBL5441542,CC(C)[C@@H](Nc1ncnc2[nH]ccc12)c1cnc2c(c1)OCCO2,4.0,1,ChEMBL
CHEMBL5441927,COc1ccc([C@@H](CC(=O)O)NC(=O)c2cc3cccc(NC(=O)NC4CC4)c3[nH]2)cc1,4.0,1,ChEMBL
CHEMBL5441720,Cc1nn(CC(C)C)c(Cl)c1[C@@H]1CCCN1c1ncnc2[nH]ccc12,4.0,1,ChEMBL
CHEMBL5442128,c1nc(N[C@@H](c2ccc3c(c2)OCCO3)[C@@H]2CCN2)c2cc[nH]c2n1,4.0,1,ChEMBL
CHEMBL5441816,CC(C)[C@@H](Nc1cc(-c2cc[nH]n2)ncn1)c1ccc2c(c1)OCCO2,4.0,1,ChEMBL
CHEMBL5441606,CC(C)[C@@H](Nc1ccc(NC(=O)NC2CC2)cc1)c1ccc2c(c1)OCCO2,4.0,1,ChEMBL
CHEMBL5441579,O=C(O)[C@@H]1C[C@@H]2OCC[C@@H]2N1c1ncnc2[nH]ccc12,4.0,1,ChEMBL
CHEMBL5441703,O=C(O)[C@@H]1[C@@H](c2ccccc2)CCN1c1ncnc2[nH]ccc12,4.0,1,ChEMBL
CHEMBL5442002,CO[C@@H]1C[C@@H](C(=O)O)N(c2ncnc3[nH]ccc23)C1,4.0,1,ChEMBL
CHEMBL5441529,CC(C)[C@@H](Nc1cc(-c2c[nH]cn2)ncn1)c1ccc2c(c1)OCCO2,4.0,1,ChEMBL
CHEMBL5442157,O=C(O)[C@@H](Nc1ncnc2[nH]ccc12)C1CC(F)(F)C1,4.0,1,ChEMBL
CHEMBL5441805,Cc1nc(N[C@@H](c2ccc3c(c2)OCCO3)C(C)C)c2cc[nH]c2n1,4.0,1,ChEMBL
CHEMBL5441817,CC(C)[C@@H](Nc1cnc(C(=O)O)cn1)c1ccc2c(c1)OCCO2,4.0,1,ChEMBL
CHEMBL5441920,Cc1nnc(Nc2ccc(C(=O)N[C@H]3c4cccc(O)c4C[C@H]3C(=O)O)cc2)o1,4.0,1,ChEMBL
CHEMBL5441941,Cc1nnc(Nc2ccc(C(=O)N[C@H]3c4cccc(O)c4C[C@@H]3C(=O)O)cc2)o1,4.0,1,ChEMBL
CHEMBL5441537,O=C(O)[C@@H](CC1CC1)Nc1ncnc2[nH]ccc12,4.0,1,ChEMBL
CHEMBL5441729,O=C(Nc1ccc(C(=O)N[C@@H]2c3ccccc3C[C@@H]2C(=O)O)cc1)c1ccc2c(c1)OCCO2,4.0,1,ChEMBL
CHEMBL5442127,CCC[C@H](Nc1ncnc2[nH]ccc12)C(=O)O,4.0,1,ChEMBL
CHEMBL5441963,CC(C)c1nc(N[C@@H](c2ccc3c(c2)OCCO3)C(C)C)c2cc[nH]c2n1,4.0,1,ChEMBL
CHEMBL5441535,O=C(O)[C@@H]1C[C@H](F)CN1c1ncnc2[nH]ccc12,4.0,1,ChEMBL
CHEMBL5442139,O=C(O)[C@@H]1C[C@@H](O)CN1c1ncnc2[nH]ccc12,4.0,1,ChEMBL
CHEMBL5442052,c1nc(N[C@@H](c2ccc3c(c2)OCCO3)C2CNC2)c2cc[nH]c2n1,4.0,1,ChEMBL
CHEMBL5441541,CCC[C@@H](Nc1ncnc2[nH]ccc12)C(=O)O,4.0,1,ChEMBL
CHEMBL5442044,O=C(O)[C@H](CC1CC1)Nc1ncnc2[nH]ccc12,4.0,1,ChEMBL
CHEMBL5441462,CC(C)C[C@@H](Nc1ncnc2[nH]ccc12)C(=O)O,4.0,1,ChEMBL
CHEMBL5441709,CNc1nc(N[C@@H](c2ccc3c(c2)OCCO3)C(C)C)c2cc[nH]c2n1,4.0,1,ChEMBL
CHEMBL5441649,COc1nc(N[C@@H](c2ccc3c(c2)OCCO3)C(C)C)c2cc[nH]c2n1,4.0,1,ChEMBL
CHEMBL5442122,CC(C)[C@@H](Nc1nc(C2CC2)nc2[nH]ccc12)c1ccc2c(c1)OCCO2,4.0,1,ChEMBL
CHEMBL5441722,CC(C)[C@@H](Nc1nc(N(C)C)nc2[nH]ccc12)c1ccc2c(c1)OCCO2,4.0,1,ChEMBL
CHEMBL5441600,O=C(O)[C@@H]1CC2(CCCCC2)CN1c1ncnc2[nH]ccc12,4.0,1,ChEMBL
CHEMBL5442023,N#Cc1ccc(C(=O)Nc2ccc(C(=O)N[C@@H]3c4ccccc4C[C@@H]3C(=O)O)cc2)cc1,4.0,1,ChEMBL
CHEMBL5441877,O=C(Nc1ccc(C(=O)N[C@@H]2c3ccccc3C[C@@H]2C(=O)O)cc1)c1ccc(C(=O)NC2CC2)cc1,4.0,1,ChEMBL
CHEMBL5441852,COc1ccc(C(=O)Nc2ccc(C(=O)N[C@@H]3c4ccccc4C[C@@H]3C(=O)O)cc2)cc1S(=O)(=O)NCCN1CCCC1,4.0,1,ChEMBL
CHEMBL5442028,O=C(Nc1ccc(C(=O)N[C@@H]2c3ccccc3C[C@@H]2C(=O)O)cc1)c1ccc(N2CCC(O)CC2)cc1,4.0,1,ChEMBL
CHEMBL5441662,O=C(O)[C@H]1C[C@H](O)CN1c1ncnc2[nH]ccc12,4.0,1,ChEMBL
CHEMBL5441881,CC(C)[C@H](Nc1ncnc2[nH]ccc12)c1ccc2c(c1)NC(=O)CO2,4.0,1,ChEMBL
CHEMBL5441939,O=C(O)[C@H]1C[C@@H](F)CN1c1ncnc2[nH]ccc12,4.0,1,ChEMBL
CHEMBL5441686,COc1ccc([C@@H]2CN(C(=O)c3ncnc4[nH]ccc34)C[C@H]2C(=O)O)cc1,4.0,1,ChEMBL
CHEMBL5442112,COc1ccc([C@@H](CC(=O)O)NC(=O)c2c[nH]c3c(NC(=O)NC4CC4)cccc23)cc1,4.0,1,ChEMBL
CHEMBL5441809,CC(C)[C@@H](Nc1ncnc2[nH]c(-c3ccc(C4(C#N)CC4)cc3)cc12)c1ccc2c(c1)OCCO2,4.0,1,ChEMBL
CHEMBL5442025,COc1cc(Nc2ccc(C(=O)N[C@@H]3c4cccc(O)c4C[C@H]3C(=O)O)cc2)[nH]n1,4.0,1,ChEMBL
CHEMBL5441509,CC(C)[C@@H](Nc1ncnc2[nH]c(-c3ccc(-n4cccn4)cc3)cc12)c1ccc2c(c1)OCCO2,4.0,1,ChEMBL
CHEMBL5441997,Cc1coc(-c2cc3c(N[C@@H](c4ccc5c(c4)OCCO5)C(C)C)ncnc3[nH]2)c1,4.0,1,ChEMBL
CHEMBL5441792,Cc1cnn(-c2ccc(-c3cc4c(N[C@@H](c5ccc6c(c5)OCCO6)C(C)C)ncnc4[nH]3)cc2)c1,4.0,1,ChEMBL
CHEMBL5441657,CC(C)[C@@H](Nc1ncnc2[nH]c(-c3cccc(CN4CCCS4(=O)=O)c3)cc12)c1ccc2c(c1)OCCO2,4.0,1,ChEMBL
CHEMBL5441866,CC(C)[C@@H](Nc1ncnc2[nH]c(-c3cc4c(C#N)cccc4[nH]3)cc12)c1ccc2c(c1)OCCO2,4.0,1,ChEMBL
CHEMBL5442018,Cc1cn(C)nc1-c1cc2c(N[C@@H](c3ccc4c(c3)OCCO4)C(C)C)ncnc2[nH]1,4.0,1,ChEMBL
CHEMBL5441472,CC(C)[C@@H](Nc1ncnc2[nH]c(-c3cc(-c4ccccc4)n[nH]3)cc12)c1ccc2c(c1)OCCO2,4.0,1,ChEMBL
CHEMBL5441752,CC(C)[C@@H](Nc1ncnc2[nH]c(-c3cccc(Cn4ccnc4)c3)cc12)c1ccc2c(c1)OCCO2,4.0,1,ChEMBL
CHEMBL5441548,CC(C)[C@@H](Nc1ncnc2[nH]ccc12)c1ccc2cn[nH]c2c1,4.0,1,ChEMBL
CHEMBL5441959,CC(C)[C@@H](Nc1ncnc2[nH]c(C3=CCCN(C(=O)OCc4ccccc4)C3)cc12)c1ccc2c(c1)OCCO2,4.0,1,ChEMBL
CHEMBL5441839,CC(C)[C@@H](Nc1cc(C(N)=O)ccn1)c1ccc2c(c1)S(=O)(=O)CCC2,4.0,1,ChEMBL
CHEMBL5442043,CC(C)[C@@H](c1ccc2c(c1)OCCO2)N(C)c1ncnc2[nH]c(Br)cc12,4.0,1,ChEMBL
CHEMBL5441670,CC(C)[C@@H](Nc1ccnc2[nH]ncc12)c1ccc2c(c1)S(=O)(=O)CCC2,4.0,1,ChEMBL
CHEMBL5441531,CC(C)[C@@H](Nc1ccnc2nn[nH]c12)c1ccc2c(c1)S(=O)(=O)CCC2,4.0,1,ChEMBL
CHEMBL5441868,O=C1NCCc2ccc(CNc3ncnc4[nH]ccc34)cc21,4.0,1,ChEMBL
CHEMBL5441532,CC(C)[C@@H](Nc1ccnc2nccn12)c1ccc2c(c1)S(=O)(=O)CCC2,4.0,1,ChEMBL
CHEMBL5442000,CC(C)[C@@H](Nc1cnc2[nH]cnc2c1)c1ccc2c(c1)S(=O)(=O)CCC2,4.0,1,ChEMBL
CHEMBL5441731,O=C(O)CC(NC(=O)c1ncnc2[nH]ccc12)c1ccc(NC2C[C@H]3CC(CO)C[C@@H]23)cc1,4.0,1,ChEMBL
CHEMBL5441846,CC(C)[C@@H](Nc1nccc2[nH]c(=O)[nH]c12)c1ccc2c(c1)S(=O)(=O)CCC2,4.0,1,ChEMBL
CHEMBL5441872,COc1ccc([C@@H](NC(=O)c2ncnc3[nH]ccc23)C(C)(C)C#N)cc1,4.0,1,ChEMBL
CHEMBL5441735,CNc1nccc(N[C@@H](c2ccc3c(c2)S(=O)(=O)CCC3)C(C)C)n1,4.0,1,ChEMBL
CHEMBL5442080,CC(C)[C@@H](c1ccc2c(c1)S(=O)(=O)CCC2)n1c(=O)[nH]c2c(N)ccnc21,4.0,1,ChEMBL
CHEMBL5441624,CC(C)[C@@H](Nc1cccc2nc[nH]c(=O)c12)c1ccc2c(c1)S(=O)(=O)CCC2,4.0,1,ChEMBL
CHEMBL5441582,CC(C)[C@@H](Nc1ccnc2[nH]ccc12)c1ccc2c(c1)S(=O)(=O)CCC2,4.0,1,ChEMBL
CHEMBL5441753,COc1c(Cl)ncnc1N[C@@H](c1ccc2c(c1)S(=O)(=O)CCC2)C(C)C,4.0,1,ChEMBL
CHEMBL5441633,CCNC(=O)c1cc2c(N[C@@H](C(=O)NC3CCOCC3)C(C)C)ncnc2[nH]1,4.0,1,ChEMBL
CHEMBL5441756,CCNC(=O)c1cc2c(N[C@@H](CCc3cccc(NS(C)(=O)=O)c3)C(C)C)ncnc2[nH]1,4.0,1,ChEMBL
CHEMBL5441477,CC(C)[C@@H](Nc1c(N)cnc2[nH]ccc12)c1ccc2c(c1)S(=O)(=O)CCC2,4.0,1,ChEMBL
CHEMBL5441917,CCNC(=O)c1cc2c(N[C@@H](c3cccnc3OCC(F)(F)F)C(C)C)ncnc2[nH]1,4.0,1,ChEMBL
CHEMBL5441478,CNc1nccc(N[C@H](c2ccc3c(c2)S(=O)(=O)CCC3)C(C)C)n1,4.0,1,ChEMBL
CHEMBL5441505,CC(C)[C@H](Nc1ccnc2[nH]ccc12)c1ccc2c(c1)S(=O)(=O)CCC2,4.0,1,ChEMBL
CHEMBL5442155,CC(C)[C@H](Nc1ncnc2[nH]c(-c3cnn(CC(N)=O)c3)cc12)c1ccc2c(c1)NC(=O)CO2,4.0,1,ChEMBL
CHEMBL5441697,CCNC(=O)c1cc2c(N[C@H](c3ccccc3N(C)S(C)(=O)=O)C(C)C)ncnc2[nH]1,4.0,1,ChEMBL
CHEMBL5442093,CC(C)[C@H](Nc1cccc2nc[nH]c(=O)c12)c1ccc2c(c1)S(=O)(=O)CCC2,4.0,1,ChEMBL
CHEMBL5442082,CC(C)[C@@H](NC(=O)c1ncnc2[nH]ccc12)c1ccc2c(c1)S(=O)(=O)CCC2,4.0,1,ChEMBL
CHEMBL5441994,CC(C)[C@H](NC(=O)c1ncnc2[nH]ccc12)c1ccc2c(c1)S(=O)(=O)CCC2,4.0,1,ChEMBL
CHEMBL5442133,CC(C)[C@@H](Nc1ccncn1)c1ccc2c(c1)S(=O)(=O)CCC2,4.0,1,ChEMBL
CHEMBL5441556,CC(C)[C@@H](Nc1ncnc2c1OCCO2)c1ccc2c(c1)S(=O)(=O)CCC2,4.0,1,ChEMBL
CHEMBL5441564,CC(C)[C@@H](Nc1ncnc(N2CCCC2)n1)c1ccc2c(c1)S(=O)(=O)CCC2,4.0,1,ChEMBL
CHEMBL5441710,CC(C)[C@H](Nc1ncnc(N2CCCC2)n1)c1ccc2c(c1)S(=O)(=O)CCC2,4.0,1,ChEMBL
CHEMBL5442065,CC(C)[C@@H](Nc1ncnc2c1CNCC2)c1ccc2c(c1)S(=O)(=O)CCC2,4.0,1,ChEMBL
CHEMBL5441944,CC(C)[C@@H](Nc1ncncc1Cl)c1ccc2c(c1)S(=O)(=O)CCC2,4.0,1,ChEMBL
CHEMBL5441855,CC(C)[C@H](Nc1ncnc2c1CNCC2)c1ccc2c(c1)S(=O)(=O)CCC2,4.0,1,ChEMBL
CHEMBL5442160,CC(C)[C@H](Nc1ncncc1Cl)c1ccc2c(c1)S(=O)(=O)CCC2,4.0,1,ChEMBL
CHEMBL5441522,CC(C)[C@@H](Nc1cc(N2CCOCC2)ncn1)c1ccc2c(c1)S(=O)(=O)CCC2,4.0,1,ChEMBL
CHEMBL5442141,CC(C)[C@H](Nc1cc(N2CCOCC2)ncn1)c1ccc2c(c1)S(=O)(=O)CCC2,4.0,1,ChEMBL
CHEMBL5441903,CC(=O)N1[C@@H]2CC[C@H]1c1c(ncnc1N[C@@H](c1ccc3c(c1)S(=O)(=O)CCC3)C(C)C)C2,4.0,1,ChEMBL
CHEMBL5441968,CC(C)[C@H](Nc1ncnc(N)c1F)c1ccc2c(c1)S(=O)(=O)CCC2,4.0,1,ChEMBL
CHEMBL5441717,CC(C)[C@H](Nc1ncnc(O)c1Cl)c1ccc2c(c1)S(=O)(=O)CCC2,4.0,1,ChEMBL
CHEMBL5442062,CC(C)[C@H](Nc1ncnc2c1CCO2)c1ccc2c(c1)S(=O)(=O)CCC2,4.0,1,ChEMBL
CHEMBL5441512,CC(C)[C@H](Nc1nc(N)ncc1Cl)c1ccc2c(c1)S(=O)(=O)CCC2,4.0,1,ChEMBL
CHEMBL5441597,CC(C)[C@@H](NC(=O)Cc1ncnc2[nH]ccc12)c1ccc2c(c1)S(=O)(=O)CCC2,4.0,1,ChEMBL
CHEMBL5441933,Cc1nc(N)c(Cl)c(N[C@H](c2ccc3c(c2)S(=O)(=O)CCC3)C(C)C)n1,4.0,1,ChEMBL
CHEMBL5441786,CC(C)[C@H](Nc1ncnc(-n2cccn2)n1)c1ccc2c(c1)S(=O)(=O)CCC2,4.0,1,ChEMBL
CHEMBL5442034,CC(C)[C@@H](Nc1cc(N2CCC[C@H]2C(=O)O)ncn1)c1ccc2c(c1)S(=O)(=O)CCC2,4.0,1,ChEMBL
CHEMBL5441469,CC(C)[C@H](Nc1ncncc1-n1nccn1)c1ccc2c(c1)S(=O)(=O)CCC2,4.0,1,ChEMBL
CHEMBL5441870,CC(C)[C@H](Nc1cc(N2CCNCC2)ncn1)c1ccc2c(c1)S(=O)(=O)CCC2,4.0,1,ChEMBL
CHEMBL5441910,CC(C)[C@H](Nc1cc(O)ncn1)c1ccc2c(c1)S(=O)(=O)CCC2,4.0,1,ChEMBL
CHEMBL5441969,CNc1ncnc(N[C@H](c2ccc3c(c2)S(=O)(=O)CCC3)C(C)C)c1Cl,4.0,1,ChEMBL
CHEMBL5441916,CC(C)[C@H](Nc1cc(-n2ccnn2)ncn1)c1ccc2c(c1)S(=O)(=O)CCC2,4.0,1,ChEMBL
CHEMBL5441769,CC(C)[C@H](Nc1ncncc1-n1cncn1)c1ccc2c(c1)S(=O)(=O)CCC2,4.0,1,ChEMBL
CHEMBL5441461,CC(C)[C@@H](Nc1cc(-n2ccnn2)ncn1)c1ccc2c(c1)S(=O)(=O)CCC2,4.0,1,ChEMBL
CHEMBL5442132,CC(C)[C@@H](Nc1cc(N2CCNCC2)ncn1)c1ccc2c(c1)S(=O)(=O)CCC2,4.0,1,ChEMBL
CHEMBL5441559,CC(C)[C@H](Nc1ncncc1-n1ccnn1)c1ccc2c(c1)S(=O)(=O)CCC2,4.0,1,ChEMBL
CHEMBL5442024,CC(C)[C@@H](Nc1cc(-n2nccn2)ncn1)c1ccc2c(c1)S(=O)(=O)CCC2,4.0,1,ChEMBL
CHEMBL5441947,CC(C)[C@H](Nc1cc(-n2cncn2)ncn1)c1ccc2c(c1)S(=O)(=O)CCC2,4.0,1,ChEMBL
CHEMBL5442058,CC(C)[C@H](Nc1cc(-n2nccn2)ncn1)c1ccc2c(c1)S(=O)(=O)CCC2,4.0,1,ChEMBL
CHEMBL5441889,CC(C)[C@H](Nc1cc(NCC(F)(F)F)ncn1)c1ccc2c(c1)S(=O)(=O)CCC2,4.0,1,ChEMBL
CHEMBL5441864,COc1ncnc(N[C@H](c2ccc3c(c2)S(=O)(=O)CCC3)C(C)C)c1F,4.0,1,ChEMBL
CHEMBL5441666,CC(C)[C@@H](Nc1ncncc1N1CCOCC1)c1ccc2c(c1)S(=O)(=O)CCC2,4.0,1,ChEMBL
CHEMBL5442148,CC(C)[C@H](Nc1ncnc2nccnc12)c1ccc2c(c1)S(=O)(=O)CCC2,4.0,1,ChEMBL
CHEMBL5441503,CC(C)[C@H](Nc1ncnc2ccoc12)c1ccc2c(c1)S(=O)(=O)CCC2,4.0,1,ChEMBL
CHEMBL5442003,CC(C)[C@H](Nc1ncnc2[nH]nnc12)c1ccc2c(c1)S(=O)(=O)CCC2,4.0,1,ChEMBL
CHEMBL5441750,CC(C)[C@H](Nc1cc(-c2nc[nH]n2)ncn1)c1ccc2c(c1)S(=O)(=O)CCC2,4.0,1,ChEMBL
CHEMBL5441623,CC(C)[C@H](Nc1ncnc2c1NCCO2)c1ccc2c(c1)S(=O)(=O)CCC2,4.0,1,ChEMBL
CHEMBL5442147,CC(C)[C@H](Nc1nccc2[nH]ccc12)c1ccc2c(c1)S(=O)(=O)CCC2,4.0,1,ChEMBL
CHEMBL5442145,CC(C)[C@H](Nc1ncncc1N1CCNCC1)c1ccc2c(c1)S(=O)(=O)CCC2,4.0,1,ChEMBL
CHEMBL5441884,CC(C)[C@H](Nc1ncnc2cn[nH]c12)c1ccc2c(c1)S(=O)(=O)CCC2,4.0,1,ChEMBL
CHEMBL5441534,CC(C)[C@H](Nc1ncncc1-c1nc[nH]n1)c1ccc2c(c1)S(=O)(=O)CCC2,4.0,1,ChEMBL
CHEMBL5442105,CC(C)[C@@H](Oc1ncnc2[nH]ccc12)c1ccc2c(c1)OCCO2,4.0,1,ChEMBL
CHEMBL4868572,CC(C)C[C@@H]1NC(=O)[C@H](C(C)C)NC(=O)[C@H](C(C)C)NC(=O)[C@@H]2CSC(=N2)c2cc(ccn2)C[C@@H](C(N)=O)NC(=O)[C@H](CCC(N)=O)NC1=O,4.0,1,ChEMBL
CHEMBL4859153,CC(C)C[C@@H]1NC(=O)[C@H](CCCNC(=N)N)NC(=O)[C@H](C)NC(=O)[C@@H]2CSC(=N2)c2cc(ccn2)C[C@@H](C(N)=O)NC(=O)[C@H](CCC(N)=O)NC1=O,4.0,1,ChEMBL
CHEMBL4846937,CC[C@@H]1NC(=O)[C@@H]2CSC(=N2)c2cc(ccn2)C[C@@H](C(N)=O)NC(=O)[C@H](CCC(N)=O)NC(=O)[C@H](CC2CC2)NC(=O)[C@H](C(C)(C)C)NC1=O,4.0,1,ChEMBL
CHEMBL4873791,C[C@@H](O)[C@@H]1NC(=O)[C@@H]2CSC(=N2)c2cc(ccn2)C[C@@H](C(N)=O)NC(=O)[C@H](CCC(N)=O)NC(=O)[C@H](CC2CC2)NC(=O)[C@H]([C@@H](C)O)NC1=O,4.0,1,ChEMBL
CHEMBL4871930,CC(C)C[C@@H]1NC(=O)[C@H](CCC(N)=O)NC(=O)[C@@H]2CSC(=N2)c2cc(ccn2)C[C@@H](C(N)=O)NC(=O)[C@H](C(C)C)NC(=O)[C@H](C(C)C)NC1=O,4.0,1,ChEMBL
CHEMBL4855260,CC(C)C[C@@H]1NC(=O)[C@H](C(C)C)NC(=O)[C@@H]2CSC(=N2)c2cc(ccn2)C[C@@H](C(N)=O)NC(=O)[C@H](CO)NC(=O)[C@H](CCC(N)=O)NC1=O,4.0,1,ChEMBL
CHEMBL4864163,CC(C)C[C@@H]1NC(=O)[C@H](C(C)C)NC(=O)[C@H](C)NC(=O)[C@H](C)NC(=O)[C@@H]2CSC(=N2)c2cc(ccn2)C[C@@H](C(N)=O)NC(=O)[C@H](C)NC(=O)[C@H](CCC(N)=O)NC1=O,4.0,1,ChEMBL
CHEMBL4867088,CC[C@@H]1NC(=O)[C@H](C)NC(=O)[C@@H]2CSC(=N2)c2cc(ccn2)C[C@@H](C(N)=O)NC(=O)[C@H](C)NC(=O)[C@H](CCC(N)=O)NC(=O)[C@H](CC2CC2)NC(=O)[C@H](C(C)(C)C)NC1=O,4.0,1,ChEMBL
CHEMBL4872397,CC[C@@H]1NC(=O)[C@@H]2CSC(=N2)c2cc(ccn2)C[C@@H](C(N)=O)NC(=O)[C@H](CO)NC(=O)[C@H](CCC(N)=O)NC(=O)[C@H](CC2CC2)NC(=O)[C@H](C(C)(C)C)NC1=O,4.0,1,ChEMBL
CHEMBL4851348,CC(C)C[C@@H]1NC(=O)[C@H](C(C)C)NC(=O)[C@H](C)NC(=O)[C@H](C)NC(=O)[C@@H]2CSC(=N2)c2cc(ccn2)C[C@@H](C(N)=O)NC(=O)[C@H](C)NC(=O)[C@H](C)NC(=O)[C@H](CCC(N)=O)NC1=O,4.0,1,ChEMBL
CHEMBL4851196,CC(C)C[C@@H]1NC(=O)[C@H](C(C)C)NC(=O)[C@H](C)NC(=O)[C@H](C)NC(=O)[C@@H]2CSC(=N2)c2cc(ccn2)C[C@@H](C(N)=O)NC(=O)[C@H](CO)NC(=O)[C@H](CCC(N)=O)NC1=O,4.0,1,ChEMBL
CHEMBL4876522,CC(C)C[C@@H]1NC(=O)[C@H](C(C)C)NC(=O)[C@H](C(C)C)NC(=O)[C@@H]2CSC(=N2)c2cc(ccn2)C[C@@H](C(N)=O)NC(=O)[C@H](CCC(=O)O)NC1=O,4.0,1,ChEMBL
CHEMBL4858748,CC(C)C[C@@H]1NC(=O)[C@H](CCCNC(=N)N)NC(=O)[C@H](C)NC(=O)[C@@H]2CSC(=N2)c2cc(ccn2)C[C@@H](C(N)=O)NC(=O)[C@H](CCC(=O)O)NC1=O,4.0,1,ChEMBL
CHEMBL4848940,CC(C)C[C@@H]1NC(=O)[C@H](C(C)C)NC(=O)[C@H](C)NC(=O)[C@H](C)NC(=O)[C@@H]2CSC(=N2)c2cc(ccn2)C[C@@H](C(N)=O)NC(=O)[C@H](C)NC(=O)[C@H](CC(N)=O)NC1=O,4.0,1,ChEMBL
CHEMBL4847752,NCCCC[C@@H]1NC(=O)[C@H](CO)NC(=O)[C@H](CCC(N)=O)NC(=O)[C@H](Cc2ccccc2)NC(=O)[C@@H]2CSC(=N2)c2cc(ccn2)C[C@@H](C(N)=O)NC1=O,4.0,1,ChEMBL
CHEMBL4873945,CC(C)C[C@@H]1NC(=O)[C@H](C(C)C)NC(=O)[C@H](C)NC(=O)[C@H](CO)NC(=O)[C@H]([C@@H](C)O)NC(=O)[C@@H]2CSC(=N2)c2cc(ccn2)C[C@@H](C(N)=O)NC(=O)[C@H](CCCCN)NC(=O)[C@H](CCCNC(=N)N)NC(=O)[C@H](Cc2ccccc2)NC(=O)CNC(=O)[C@H](CO)NC(=O)[C@H](CCC(N)=O)NC1=O,4.0,1,ChEMBL
CHEMBL4846266,CC[C@@H]1NC(=O)[C@@H](N)CCNC(=O)[C@@H]2CSC(=N2)c2cccc(n2)C2=N[C@@H](CS2)C(=O)NCCCC[C@@H](C(N)=O)NC(=O)[C@H](CCC(N)=O)NC(=O)[C@H](CC(C)C)NC(=O)[C@H](C(C)(C)C)NC1=O,4.0,1,ChEMBL
CHEMBL4877763,CC[C@H](N)C(=O)N[C@H](C(=O)N[C@@H](CC1CC1)C(=O)N[C@@H](CCC(N)=O)C(=O)N[C@@H](Cc1ccnc(C#N)c1)C(N)=O)C(C)(C)C,4.0,1,ChEMBL
CHEMBL4877806,CC[C@H](NC(C)=O)C(=O)N[C@H](C(=O)N[C@@H](CC(C)C)C(=O)N[C@@H](CCC(N)=O)C(N)=O)C(C)(C)C,4.0,1,ChEMBL
CHEMBL4873357,CC(C)C[C@H](NC(=O)[C@@H](NC(=O)[C@H](C)NC(=O)[C@H](C)NC(=O)[C@@H]1CSCN1)C(C)C)C(=O)N[C@@H](CCC(N)=O)C(=O)N[C@@H](C)C(=O)N[C@@H](Cc1ccnc(C#N)c1)C(N)=O,4.0,1,ChEMBL
CHEMBL5199404,CC(C)(C)[C@H](NC(=O)C(F)(F)F)C(=O)N1C[C@H]2[C@@H]([C@H]1C(=O)NCCC1CCNC1=O)C2(C)C,4.0,1,ChEMBL
CHEMBL5207993,CC(C)(C)[C@H](NC(=O)C(F)(F)F)C(=O)N1C[C@H]2[C@@H]([C@H]1C(=O)N[C@H](CO)C[C@@H]1CCNC1=O)C2(C)C,4.0,1,ChEMBL
CHEMBL5208243,COC(=O)[C@H](C[C@@H]1CCNC1=O)NC(=O)[C@@H]1[C@@H]2[C@H](CN1C(=O)[C@@H](NC(=O)C(F)(F)F)C(C)(C)C)C2(C)C,4.0,1,ChEMBL
CHEMBL5170998,CC(=O)OCC1Cc2c(-c3ccccn3)ccc(C)c2-c2c(O)ccc(C)c21,4.0,1,ChEMBL
CHEMBL5176202,COc1ccc(-c2ccccn2)c2c1-c1c(O)ccc(C)c1C(COC(C)=O)C2,4.0,1,ChEMBL
CHEMBL5205597,CC(=O)OCC1Cc2c(-c3ccccn3)ccc(F)c2-c2c(O)ccc(C)c21,4.0,1,ChEMBL
CHEMBL5178260,CC(=O)OCC1Cc2c(-c3ccccn3)ccc(Br)c2-c2c(O)ccc(C)c21,4.0,1,ChEMBL
CHEMBL5171129,CC(=O)OCC1Cc2c(-c3ncccn3)cccc2-c2c(O)ccc(C)c21,4.0,1,ChEMBL
CHEMBL5170377,CC(=O)OCC1Cc2c(-c3ccncn3)cccc2-c2c(O)ccc(C)c21,4.0,1,ChEMBL
CHEMBL5181569,CC(=O)OCC1Cc2c(cccc2-n2cccn2)-c2c(O)ccc(C)c21,4.0,1,ChEMBL
CHEMBL5174506,CC(=O)OCC1Cc2c(cccc2-c2ncnc3c2ncn3CC2CC2)-c2c(O)ccc(C)c21,4.0,1,ChEMBL
CHEMBL5186196,C=CCn1cnc2c(-c3cccc4c3CC(COC(C)=O)c3c(C)ccc(O)c3-4)ncnc21,4.0,1,ChEMBL
CHEMBL5281756,CCCCC(c1ccc(O)c(O)c1)c1cc(=O)c2c(O)cccc2o1,4.0,1,ChEMBL
CHEMBL5268058,COc1cc(CN2C[C@H]3O[C@]4(C2)CN(S(=O)(=O)c2ccc(C)cc2)[C@]2(C(C)C)CC[C@H](OCCCN(C)C)[C@H]3[C@H]42)cc(OC)c1,4.0,1,ChEMBL
CHEMBL5394457,S=C(NCc1cccnc1)OCc1ccccc1,4.0,1,ChEMBL
CHEMBL5437354,COC(=O)/C=C/[C@H](C[C@@H]1CCNC1=O)NC(=O)[C@H](Cc1ccccc1)NC(=O)[C@@H](NC(=O)CCC(=O)N1CCN(C(=O)C2CCN(c3cccc4c3C(=O)N(C3CCC(=O)NC3=O)C4=O)CC2)CC1)C(C)C,4.0,1,ChEMBL
CHEMBL1214124,N#Cc1ccccc1-c1cc(-c2ccccn2)cn(-c2ccccc2)c1=O,4.0,1,ChEMBL
CHEMBL5436385,COc1ccc([C@@H](C)NC(=O)c2cc(N)ccc2C)c2ccccc12,4.0,1,ChEMBL
CHEMBL5426282,C[C@@H](NS(=O)(=O)c1ccc(N)cc1)c1cccc2ccccc12,4.0,1,ChEMBL
CHEMBL5426865,Cc1ccc(C(=O)NC(C)C)cc1C(=O)N[C@H](C)c1cccc2ccccc12,4.0,1,ChEMBL
CHEMBL5395513,CCCN(CCC)C(=O)c1ccc(C)c(C(=O)N[C@H](C)c2cccc3ccccc23)c1,4.0,1,ChEMBL
CHEMBL5422352,C[C@@H](NC(=O)[C@@H](Cc1ccccc1)NC(=O)OC(C)(C)C)c1cccc2ccccc12,4.0,1,ChEMBL
CHEMBL5406177,C[C@@H](NC(=O)[C@H](N)Cc1ccccc1)c1cccc2ccccc12,4.0,1,ChEMBL
CHEMBL5401455,C[C@@H](NC(=O)[C@@H](Cc1c[nH]c2ccccc12)NC(=O)OC(C)(C)C)c1cccc2ccccc12,4.0,1,ChEMBL
CHEMBL5431564,C[C@@H](NC(=O)[C@H](N)Cc1c[nH]c2ccccc12)c1cccc2ccccc12,4.0,1,ChEMBL
CHEMBL5557600,Cc1cccc2c(=O)n(-c3ccccc3)sc12,4.0,1,ChEMBL
CHEMBL5561343,O=c1c2cccc(Br)c2sn1-c1ccccc1,4.0,1,ChEMBL
CHEMBL5563260,O=c1c2cccc(-c3ccccc3)c2sn1-c1ccccc1,4.0,1,ChEMBL
CHEMBL5560730,Cc1cccc2c(=O)n(CCC(C)C)sc12,4.0,1,ChEMBL
CHEMBL5611925,CSc1nc2ccccc2n1C(=O)Cc1ccccc1,4.0,1,ChEMBL
CHEMBL5612133,CSc1nc2ccccc2n1C(C)=O,4.0,1,ChEMBL
CHEMBL5612852,CSc1nc2ccccc2n1Cc1ccc(C)cc1,4.0,1,ChEMBL
CHEMBL5611979,CSc1nc2ccccc2n1S(=O)(=O)c1ccc(C)cc1,4.0,1,ChEMBL
CHEMBL1540207,CSc1nc2ccccc2n1C(=O)Oc1ccccc1,4.0,1,ChEMBL
CHEMBL5612440,CSc1nc2ccccc2n1C(=O)NCc1ccc(C)cc1,4.0,1,ChEMBL
CHEMBL5613778,Cc1ccc(C(=O)n2ccc3ccccc32)cc1,4.0,1,ChEMBL
CHEMBL5613754,Cc1ccc(C(=O)n2ncc3ccccc32)cc1,4.0,1,ChEMBL
CHEMBL1716092,Cc1ccc(C(=O)n2nnc3ccccc32)cc1,4.0,1,ChEMBL
CHEMBL5612278,Cc1ccc(C(=O)n2c(S)nc3ccccc32)cc1,4.0,1,ChEMBL
CHEMBL5612313,COc1nc2ccccc2n1C(=O)c1ccc(C)cc1,4.0,1,ChEMBL
CHEMBL5612368,Cc1ccc(C(=O)n2c(-c3ccccc3)nc3ccccc32)cc1,4.0,1,ChEMBL
CHEMBL1539400,Cc1ccc(C(=O)n2c(N)nc3ccccc32)cc1,4.0,1,ChEMBL
CHEMBL5612743,Cc1ccc(C(=O)n2c(C#N)nc3ccccc32)cc1,4.0,1,ChEMBL
CHEMBL5613535,CSc1nc2ccccc2n1C(=O)c1ccccc1C,4.0,1,ChEMBL
CHEMBL5613150,CSc1nc2ccccc2n1C(=O)c1ccccc1C(F)(F)F,4.0,1,ChEMBL
CHEMBL5612990,CSc1nc2ccccc2n1C(=O)c1ccc(C(C)(C)C)cc1,4.0,1,ChEMBL
CHEMBL5613107,CSc1nc2ccccc2n1C(=O)c1ccncc1,4.0,1,ChEMBL
CHEMBL5647450,COc1ccc(C(=C[C@@H]2COC[C@H]2S(=O)(=O)c2nnc(-c3ccc(Cl)cc3)[nH]2)c2ccc(OC)cc2)cc1,4.0,1,ChEMBL
CHEMBL5639423,COc1ccc(C(=C[C@@H]2COC[C@H]2S(=O)(=O)c2nc(-c3ccc(Cl)cc3)cs2)c2ccc(OC)cc2)cc1,4.0,1,ChEMBL
CHEMBL4226426,CCN(CC)C(=S)SSc1ccccc1,4.0,1,ChEMBL
CHEMBL6165296,OC1CCN(C(=S)SSc2ccccc2)CC1,4.0,1,ChEMBL
CHEMBL6150514,COC(=O)CCSSC(=S)N1CCC(O)CC1,4.0,1,ChEMBL
CHEMBL6120582,CC[C@H](C)[C@@H]1NC(=O)[C@H](Cc2c[nH]cn2)NC(=O)[C@H](CO)NC(=O)[C@H](Cc2ccccc2)NC(=O)[C@H](Cc2ccc(O)cc2)NC(=O)[C@H](CCC(N)=O)NC(=O)[C@H]([C@@H](C)O)NC(=O)[C@H](Cc2ccc(O)cc2)NC(=O)CSC[C@@H](C(=O)N[C@@H](CO)C(=O)N[C@@H](CO)C(=O)N[C@@H](CCCNC(=N)N)C(=O)N[C@@H](CO)C(=O)NCC(N)=O)NC1=O,4.0,1,ChEMBL
CHEMBL6142197,COC(=O)CCc1ccccc1C(=O)N[C@H](C)c1cccc2ccccc12,4.0,1,ChEMBL
CHEMBL560179,Cc1ccccc1C(=O)N[C@H](C)c1cccc2ccccc12,4.0,1,ChEMBL
CHEMBL1173049,COc1ccc(CNC(=O)C2CCN(Cc3cccc4ccccc34)CC2)cc1,4.0,1,ChEMBL
CHEMBL5542925,Cc1ccc(NC2CCCCC2)cc1-c1noc(C(C)c2cccc3ccccc23)n1,4.0,1,ChEMBL
CHEMBL5288475,O=C(/C=C/c1ccccn1)NCc1nc(-c2ccc(C(F)(F)F)cc2)no1,3.99,1,ChEMBL
CHEMBL5542100,COC1CCC(Nc2ccc(C)c(-c3noc(C(C)c4cccc5ccccc45)n3)c2)CC1,3.94,1,ChEMBL
CHEMBL5523508,CNC(=O)c1cc(Br)cc([N+](=O)[O-])c1N[C@H]1CCCC[C@H]1NC(=O)c1cncc2cc(O)ccc12,3.92,1,ChEMBL
CHEMBL5441654,Cc1[nH]c2ncnc(NC(=O)[C@@H]3CCO[C@@H]3C)c2c1C,3.91,1,ChEMBL
CHEMBL5441521,O=C(Nc1cnc2[nH]ncc2c1)C1CCN(c2ccc3nncn3n2)CC1,3.9,1,ChEMBL
CHEMBL5441611,Brc1ccc(-n2nnnc2Sc2ncnc3[nH]ccc23)cc1,3.9,1,ChEMBL
CHEMBL5441898,c1ccc(-c2cc(CNc3ncnc4[nH]ccc34)on2)cc1,3.9,1,ChEMBL
CHEMBL5441834,CC(C)OCCNC(=O)c1cc2c(=O)n3ccccc3nc2n1C,3.9,1,ChEMBL
CHEMBL5442113,O=C(O)[C@H]1CCCCCN1C(=O)c1ncnc2[nH]ccc12,3.9,1,ChEMBL
CHEMBL5441553,FC(F)(F)CO[C@@H]1CCCN(c2ncnc3[nH]ccc23)C1,3.9,1,ChEMBL
CHEMBL5441660,C[C@@H](CO)Nc1ncnc2[nH]c(C(=O)OC(C)(C)C)cc12,3.9,1,ChEMBL
CHEMBL5309692,O[C@H]1C[C@](CNc2ncnc3[nH]ccc23)(c2ccccc2)C1,3.9,1,ChEMBL
CHEMBL5442101,Cn1ncc2c(NCc3ncccc3O)ncnc21,3.9,1,ChEMBL
CHEMBL5442010,Cc1cc(NCc2cnc3c(c2)NC(=O)CO3)cnc1C,3.9,1,ChEMBL
CHEMBL5441875,NS(=O)(=O)c1ccccc1CNc1ncnc2[nH]ccc12,3.9,1,ChEMBL
CHEMBL5441673,O=C(NCc1cc2n(n1)CCCC2)c1cc2cncnc2[nH]1,3.9,1,ChEMBL
CHEMBL5442091,O=C(c1cccc(Br)c1)N1CCC(c2ccn3ncc(C(=O)N4CCCCC4)c3c2)CC1,3.9,1,ChEMBL
CHEMBL5441507,O=C(OCc1cccc(Cl)n1)c1ncnc2[nH]ccc12,3.9,1,ChEMBL
CHEMBL5442071,c1cc(-c2nnc(Sc3ncnc4[nH]ccc34)[nH]2)ccn1,3.9,1,ChEMBL
CHEMBL5441934,OC[C@@H](Nc1ncnc2[nH]c(I)cc12)c1ccccc1,3.9,1,ChEMBL
CHEMBL5441790,CC[C@@H]1C[C@@H](C(=O)Nc2ncnc3[nH]c(C)c(C)c23)CCO1,3.9,1,ChEMBL
CHEMBL5442098,Cc1ccc(-c2n[nH]cc2CNc2cnc3[nH]ncc3c2)o1,3.9,1,ChEMBL
CHEMBL18786,CN(C)CCCSc1ccccc1NC(=O)/C=C/c1ccccc1,3.9,1,ChEMBL
CHEMBL5542957,O=C1N(Cc2ccccc2Cl)CCN1c1cncc2ccc(Cl)cc12,3.9,1,ChEMBL
CHEMBL5575411,O=C1N(Cc2ccc(Cl)cc2Cl)CCN1c1cncc2ccccc12,3.9,1,ChEMBL
CHEMBL5187969,COc1cc(C)c2c(=O)cc(C[C@@H](C)O)oc2c1[C@@H]1O[C@H](CO)[C@@H](O)[C@H](O)[C@H]1OC(=O)/C=C/c1ccc(O)cc1,3.9,1,ChEMBL
CHEMBL5432888,Cc1nc2ncc(-c3c[nH]nn3)cc2[nH]1,3.9,1,ChEMBL
CHEMBL5550069,CC(=O)N[C@H](CC(C)C)C(=O)N[C@H](CC(C)C)C(=O)N[C@H](C=O)CCCN=C(N)N,3.9,1,ChEMBL
CHEMBL5591502,CC1(C)C=Cc2c(ccc3cc(C(=O)N/N=C/c4ccnc5ccccc45)oc23)O1,3.89,1,ChEMBL
CHEMBL5432178,CC1(C)S[C@@H]2[C@H](NC(=O)[C@H](Cc3ccccc3)NC(=O)c3cc4ccccc4[nH]3)C(=O)N2[C@H]1C(=O)O,3.87,1,ChEMBL
CHEMBL1241028,O=C1CC(=O)c2c(Cl)c(Cl)c(Cl)c(Cl)c21,3.86,1,ChEMBL
CHEMBL6168104,C=CC(=O)O[C@H](CC)C(=O)NCCc1c[nH]c2ccccc12,3.86,1,ChEMBL
CHEMBL6144288,N#CC(C#N)=C1C(=O)Nc2ccc(I)cc21,3.82,1,ChEMBL
CHEMBL4096388,CC(=O)/C=C/[C@H](CCc1ccccc1)NC(=O)[C@H](CC(C)C)NC(=O)OCc1ccc([N+](=O)[O-])cc1,3.8,1,ChEMBL
CHEMBL5418995,O=C(O)C1=C(C(=O)N(Cc2ccccc2)Cc2ccccc2)CN2C[C@H](NC(=O)[C@H](C[C@@H]3CCNC3=O)NC(=O)[C@H](Cc3ccccc3)NC(=O)c3cc4ccccc4[nH]3)C(=O)N12,3.79,1,ChEMBL
CHEMBL5555358,CNC(=O)[C@@H](Cc1cccc(F)c1)NC(=O)C1CN(C(=O)c2cncc3cccc(O)c23)CCN1Cc1ccc(Cl)cc1Cl,3.78,1,ChEMBL
CHEMBL5276189,CC(C)(C)O[C@H]1CN[C@H](C(=O)N[C@@H](Cc2c[nH]cn2)C(=O)N[C@H](C=O)Cc2c[nH]cn2)C1,3.77,1,ChEMBL
CHEMBL5394168,CN(Cc1ccncc1)c1cc(Br)ncn1,3.77,1,ChEMBL
CHEMBL5559525,Cc1ccc(NCc2ccc(O)cc2)cc1-c1noc(C(C)c2cccc3ccccc23)n1,3.75,1,ChEMBL
CHEMBL5413390,O=C(O)C1=C(C(=O)NCc2ccccc2)CN2C[C@H](NC(=O)[C@H](Cc3ccccc3)NC(=O)c3cc4ccccc4[nH]3)C(=O)N12,3.75,1,ChEMBL
CHEMBL5426230,O=C(O)C1=C(C(=O)N2CCCC2)CN2C[C@H](NC(=O)[C@H](Cc3ccccc3)NC(=O)c3cc4ccccc4[nH]3)C(=O)N12,3.74,1,ChEMBL
CHEMBL5584194,CC1(C)C=Cc2c(ccc3cc(C(=O)N/N=C/c4ccc5cccc(O)c5n4)oc23)O1,3.74,1,ChEMBL
CHEMBL5436617,C=CCOC(=O)C1=C(C(=O)O)N2C(=O)[C@@H](NC(=O)[C@H](Cc3ccccc3)NC(=O)c3cc4ccccc4[nH]3)CN2C1,3.72,1,ChEMBL
CHEMBL5291407,CC(=O)NCC(=O)N[C@@H](Cc1ccc(O)cc1)C(=O)N[C@H](C=O)Cc1c[nH]cn1,3.7,1,ChEMBL
LOR-NEU-c8f11034-5,O=C1C(=O)N(Cc2ccc(Br)cc2)c2ccccc21,3.7,1,Moonshot
CHEMBL5169739,C[C@@H](NC(=O)c1ccccc1CCC(=O)NNC(=O)/C(C#N)=C/C1CC1)c1cccc2ccccc12,3.7,1,ChEMBL
CHEMBL5518026,Cc1ccc(N)cc1-c1noc(C(C)c2cccc3ccccc23)n1,3.7,1,ChEMBL
CHEMBL5556028,Cc1ccc(NCC(C)(C)C)cc1-c1noc(C(C)c2cccc3ccccc23)n1,3.7,1,ChEMBL
CHEMBL5532019,Cc1ccc(NC2CCC(C#N)CC2)cc1-c1noc(C(C)c2cccc3ccccc23)n1,3.7,1,ChEMBL
CHEMBL5517967,COC(=O)c1ccc(CNc2ccc(C)c(-c3noc(C(C)c4cccc5ccccc45)n3)c2)cc1,3.7,1,ChEMBL
CHEMBL5556108,Cc1ccc(NCc2ccc(C#N)cc2)cc1-c1noc(C(C)c2cccc3ccccc23)n1,3.7,1,ChEMBL
CHEMBL5393858,O=C(O)C1=C(C(=O)NCc2ccncc2)CN2C[C@H](NC(=O)[C@H](Cc3ccccc3)NC(=O)c3cc4ccccc4[nH]3)C(=O)N12,3.7,1,ChEMBL
CHEMBL5270591,CC(=O)NCC(=O)N[C@@H](Cc1c[nH]cn1)C(=O)N[C@H](C=O)Cc1c[nH]cn1,3.67,1,ChEMBL
CHEMBL6162658,N#CC(C#N)=C1C(=O)Nc2ccc(F)cc21,3.63,1,ChEMBL
CHEMBL5284419,C/C=C/C(=O)NCc1nc(-c2ccc(C(F)(F)F)cc2)no1,3.6,1,ChEMBL
CHEMBL5594321,CC1(C)C=Cc2c(ccc3cc(C(=O)N/N=C/c4ccc5ccccc5n4)oc23)O1,3.6,1,ChEMBL
CHEMBL5427682,CCN(CC)C(=O)C1=C(C(=O)O)N2C(=O)[C@@H](NC(=O)[C@H](Cc3ccccc3)NC(=O)c3cc4ccccc4[nH]3)CN2C1,3.55,1,ChEMBL
CHEMBL5435740,Cn1ncc(N)c1-c1cc2ccccc2[nH]1,3.47,1,ChEMBL
CHEMBL5281857,CC(C)C[C@@H](C=O)NC(=O)[C@H](Cc1ccccc1)NC(=O)[C@@H]1Cc2ccccc2CN1,3.37,1,ChEMBL
CHEMBL5287116,CC(=O)NCC(=O)N[C@@H](Cc1c[nH]cn1)C(=O)N[C@H](C=O)Cc1ccc(O)cc1,3.37,1,ChEMBL
CHEMBL5555602,Cc1ccc(-c2noc(C(O)c3ccccc3)n2)cc1NCc1ccc(C(=O)O)s1,3.36,1,ChEMBL
CHEMBL5407193,N[C@H]1CN2CC(C(=O)N(Cc3ccccc3)Cc3ccccc3)=C(C(=O)O)N2C1=O,3.3,1,ChEMBL
CHEMBL5427178,C[C@H]1[C@H](NC(=O)[C@H](Cc2ccccc2)NC(=O)c2cc3ccccc3[nH]2)C(=O)N1S(=O)(=O)O,3.3,1,ChEMBL
CHEMBL5424598,O=C(N[C@@H](Cc1ccccc1)C(=O)N[C@@H]1CONC1=O)c1cc2ccccc2[nH]1,3.3,1,ChEMBL
CHEMBL5414262,O=C(N[C@@H](Cc1ccccc1)C(=O)O)c1cc2ccccc2[nH]1,3.3,1,ChEMBL
CHEMBL5414906,CN(Cc1ccccc1)C(=O)C1=C(C(=O)O)N2C(=O)[C@@H](NC(=O)[C@H](Cc3ccccc3)NC(=O)c3cc4ccccc4[nH]3)CN2C1,3.3,1,ChEMBL
